<?xml version="1.0" encoding="UTF-8" standalone="no" ?>
<COLLADA xmlns="http://www.collada.org/2005/11/COLLADASchema" version="1.4.1">
    <asset>
        <contributor>
            <author>metonsoares</author>
            <authoring_tool>SketchUp 8.0.14346</authoring_tool>
        </contributor>
        <created>2019-12-12T09:40:41Z</created>
        <modified>2019-12-12T09:40:41Z</modified>
        <unit meter="0.0254" name="inch" />
        <up_axis>Z_UP</up_axis>
    </asset>
    <library_cameras>
        <camera id="ID1" name="skp_camera_Last_Saved_SketchUp_View">
            <optics>
                <technique_common>
                    <perspective>
                        <yfov>35</yfov>
                        <aspect_ratio>0</aspect_ratio>
                        <znear>1</znear>
                        <zfar>1000</zfar>
                    </perspective>
                </technique_common>
            </optics>
        </camera>
    </library_cameras>
    <library_visual_scenes>
        <visual_scene id="ID2">
            <node name="SketchUp">
                <node name="skp_camera_Last_Saved_SketchUp_View">
                    <matrix>0.781554 -0.1334522 0.6093963 370.7407 0.6238376 0.1671911 -0.7634617 -245.658 -2.775558e-17 0.9768509 0.2139213 207.1978 0 0 0 1</matrix>
                    <instance_camera url="#ID1" />
                </node>
                <node id="ID3" name="group_0">
                    <matrix>1 0 0 129.879 0 1 0 86.27854 0 0 1 5.722116 0 0 0 1</matrix>
                    <instance_geometry url="#ID4">
                        <bind_material>
                            <technique_common>
                                <instance_material symbol="Material2" target="#ID5">
                                    <bind_vertex_input semantic="UVSET0" input_semantic="TEXCOORD" input_set="0" />
                                </instance_material>
                                <instance_material symbol="Material3" target="#ID15">
                                    <bind_vertex_input semantic="UVSET0" input_semantic="TEXCOORD" input_set="0" />
                                </instance_material>
                            </technique_common>
                        </bind_material>
                    </instance_geometry>
                </node>
                <node id="ID21" name="group_1">
                    <matrix>1 0 0 82.47859 0 1 0 81.42786 0 0 1 1.317058 0 0 0 1</matrix>
                    <instance_geometry url="#ID22">
                        <bind_material>
                            <technique_common>
                                <instance_material symbol="Material2" target="#ID23">
                                    <bind_vertex_input semantic="UVSET0" input_semantic="TEXCOORD" input_set="0" />
                                </instance_material>
                                <instance_material symbol="Material3" target="#ID33">
                                    <bind_vertex_input semantic="UVSET0" input_semantic="TEXCOORD" input_set="0" />
                                </instance_material>
                            </technique_common>
                        </bind_material>
                    </instance_geometry>
                    <instance_geometry url="#ID39">
                        <bind_material>
                            <technique_common>
                                <instance_material symbol="Material2" target="#ID23">
                                    <bind_vertex_input semantic="UVSET0" input_semantic="TEXCOORD" input_set="0" />
                                </instance_material>
                                <instance_material symbol="Material3" target="#ID33">
                                    <bind_vertex_input semantic="UVSET0" input_semantic="TEXCOORD" input_set="0" />
                                </instance_material>
                            </technique_common>
                        </bind_material>
                    </instance_geometry>
                </node>
                <node id="ID49" name="group_2">
                    <matrix>1 0 0 128.5416 0 1 0 81.42786 0 0 1 176.9076 0 0 0 1</matrix>
                    <instance_geometry url="#ID50">
                        <bind_material>
                            <technique_common>
                                <instance_material symbol="Material2" target="#ID23">
                                    <bind_vertex_input semantic="UVSET0" input_semantic="TEXCOORD" input_set="0" />
                                </instance_material>
                                <instance_material symbol="Material3" target="#ID33">
                                    <bind_vertex_input semantic="UVSET0" input_semantic="TEXCOORD" input_set="0" />
                                </instance_material>
                            </technique_common>
                        </bind_material>
                    </instance_geometry>
                    <instance_geometry url="#ID60">
                        <bind_material>
                            <technique_common>
                                <instance_material symbol="Material2" target="#ID23">
                                    <bind_vertex_input semantic="UVSET0" input_semantic="TEXCOORD" input_set="0" />
                                </instance_material>
                                <instance_material symbol="Material3" target="#ID33">
                                    <bind_vertex_input semantic="UVSET0" input_semantic="TEXCOORD" input_set="0" />
                                </instance_material>
                            </technique_common>
                        </bind_material>
                    </instance_geometry>
                </node>
                <node id="ID70" name="group_3">
                    <matrix>1 0 0 83.81604 0 1 0 86.27854 0 0 1 5.722116 0 0 0 1</matrix>
                    <instance_geometry url="#ID71">
                        <bind_material>
                            <technique_common>
                                <instance_material symbol="Material2" target="#ID5">
                                    <bind_vertex_input semantic="UVSET0" input_semantic="TEXCOORD" input_set="0" />
                                </instance_material>
                                <instance_material symbol="Material3" target="#ID15">
                                    <bind_vertex_input semantic="UVSET0" input_semantic="TEXCOORD" input_set="0" />
                                </instance_material>
                            </technique_common>
                        </bind_material>
                    </instance_geometry>
                </node>
                <node id="ID81" name="group_4">
                    <matrix>1 0 0 128.5416 0 1 0 81.42786 0 0 1 119.821 0 0 0 1</matrix>
                    <instance_geometry url="#ID82">
                        <bind_material>
                            <technique_common>
                                <instance_material symbol="Material2" target="#ID23">
                                    <bind_vertex_input semantic="UVSET0" input_semantic="TEXCOORD" input_set="0" />
                                </instance_material>
                                <instance_material symbol="Material3" target="#ID33">
                                    <bind_vertex_input semantic="UVSET0" input_semantic="TEXCOORD" input_set="0" />
                                </instance_material>
                            </technique_common>
                        </bind_material>
                    </instance_geometry>
                    <instance_geometry url="#ID92">
                        <bind_material>
                            <technique_common>
                                <instance_material symbol="Material2" target="#ID23">
                                    <bind_vertex_input semantic="UVSET0" input_semantic="TEXCOORD" input_set="0" />
                                </instance_material>
                                <instance_material symbol="Material3" target="#ID33">
                                    <bind_vertex_input semantic="UVSET0" input_semantic="TEXCOORD" input_set="0" />
                                </instance_material>
                            </technique_common>
                        </bind_material>
                    </instance_geometry>
                </node>
                <node id="ID102" name="group_5">
                    <matrix>1 0 0 129.879 0 1 0 86.27854 0 0 1 181.3127 0 0 0 1</matrix>
                    <instance_geometry url="#ID103">
                        <bind_material>
                            <technique_common>
                                <instance_material symbol="Material2" target="#ID5">
                                    <bind_vertex_input semantic="UVSET0" input_semantic="TEXCOORD" input_set="0" />
                                </instance_material>
                                <instance_material symbol="Material3" target="#ID15">
                                    <bind_vertex_input semantic="UVSET0" input_semantic="TEXCOORD" input_set="0" />
                                </instance_material>
                            </technique_common>
                        </bind_material>
                    </instance_geometry>
                </node>
                <node id="ID113" name="group_6">
                    <matrix>1 0 0 82.47859 0 1 0 81.42786 0 0 1 176.9076 0 0 0 1</matrix>
                    <instance_geometry url="#ID114">
                        <bind_material>
                            <technique_common>
                                <instance_material symbol="Material2" target="#ID23">
                                    <bind_vertex_input semantic="UVSET0" input_semantic="TEXCOORD" input_set="0" />
                                </instance_material>
                                <instance_material symbol="Material3" target="#ID33">
                                    <bind_vertex_input semantic="UVSET0" input_semantic="TEXCOORD" input_set="0" />
                                </instance_material>
                            </technique_common>
                        </bind_material>
                    </instance_geometry>
                    <instance_geometry url="#ID124">
                        <bind_material>
                            <technique_common>
                                <instance_material symbol="Material2" target="#ID23">
                                    <bind_vertex_input semantic="UVSET0" input_semantic="TEXCOORD" input_set="0" />
                                </instance_material>
                                <instance_material symbol="Material3" target="#ID33">
                                    <bind_vertex_input semantic="UVSET0" input_semantic="TEXCOORD" input_set="0" />
                                </instance_material>
                            </technique_common>
                        </bind_material>
                    </instance_geometry>
                </node>
                <node id="ID134" name="group_7">
                    <matrix>1 0 0 83.81604 0 1 0 86.27854 0 0 1 181.3127 0 0 0 1</matrix>
                    <instance_geometry url="#ID135">
                        <bind_material>
                            <technique_common>
                                <instance_material symbol="Material2" target="#ID5">
                                    <bind_vertex_input semantic="UVSET0" input_semantic="TEXCOORD" input_set="0" />
                                </instance_material>
                                <instance_material symbol="Material3" target="#ID15">
                                    <bind_vertex_input semantic="UVSET0" input_semantic="TEXCOORD" input_set="0" />
                                </instance_material>
                            </technique_common>
                        </bind_material>
                    </instance_geometry>
                </node>
                <node id="ID145" name="group_8">
                    <matrix>1 0 0 129.879 0 1 0 86.27854 0 0 1 124.2261 0 0 0 1</matrix>
                    <instance_geometry url="#ID146">
                        <bind_material>
                            <technique_common>
                                <instance_material symbol="Material2" target="#ID5">
                                    <bind_vertex_input semantic="UVSET0" input_semantic="TEXCOORD" input_set="0" />
                                </instance_material>
                                <instance_material symbol="Material3" target="#ID15">
                                    <bind_vertex_input semantic="UVSET0" input_semantic="TEXCOORD" input_set="0" />
                                </instance_material>
                            </technique_common>
                        </bind_material>
                    </instance_geometry>
                </node>
                <node id="ID156" name="group_9">
                    <matrix>1 0 0 128.5416 0 1 0 81.42786 0 0 1 1.317058 0 0 0 1</matrix>
                    <instance_geometry url="#ID157">
                        <bind_material>
                            <technique_common>
                                <instance_material symbol="Material2" target="#ID23">
                                    <bind_vertex_input semantic="UVSET0" input_semantic="TEXCOORD" input_set="0" />
                                </instance_material>
                                <instance_material symbol="Material3" target="#ID33">
                                    <bind_vertex_input semantic="UVSET0" input_semantic="TEXCOORD" input_set="0" />
                                </instance_material>
                            </technique_common>
                        </bind_material>
                    </instance_geometry>
                    <instance_geometry url="#ID167">
                        <bind_material>
                            <technique_common>
                                <instance_material symbol="Material2" target="#ID23">
                                    <bind_vertex_input semantic="UVSET0" input_semantic="TEXCOORD" input_set="0" />
                                </instance_material>
                                <instance_material symbol="Material3" target="#ID33">
                                    <bind_vertex_input semantic="UVSET0" input_semantic="TEXCOORD" input_set="0" />
                                </instance_material>
                            </technique_common>
                        </bind_material>
                    </instance_geometry>
                </node>
                <node id="ID177" name="group_10">
                    <matrix>1 0 0 73.54712 0 1 0 85.37947 0 0 1 -1.776357e-15 0 0 0 1</matrix>
                    <instance_geometry url="#ID178">
                        <bind_material>
                            <technique_common>
                                <instance_material symbol="Material2" target="#ID179">
                                    <bind_vertex_input semantic="UVSET0" input_semantic="TEXCOORD" input_set="0" />
                                </instance_material>
                                <instance_material symbol="Material3" target="#ID185">
                                    <bind_vertex_input semantic="UVSET0" input_semantic="TEXCOORD" input_set="0" />
                                </instance_material>
                            </technique_common>
                        </bind_material>
                    </instance_geometry>
                    <instance_geometry url="#ID190">
                        <bind_material>
                            <technique_common>
                                <instance_material symbol="Material2" target="#ID179">
                                    <bind_vertex_input semantic="UVSET0" input_semantic="TEXCOORD" input_set="0" />
                                </instance_material>
                                <instance_material symbol="Material3" target="#ID185">
                                    <bind_vertex_input semantic="UVSET0" input_semantic="TEXCOORD" input_set="0" />
                                </instance_material>
                            </technique_common>
                        </bind_material>
                    </instance_geometry>
                    <instance_geometry url="#ID198">
                        <bind_material>
                            <technique_common>
                                <instance_material symbol="Material2" target="#ID179">
                                    <bind_vertex_input semantic="UVSET0" input_semantic="TEXCOORD" input_set="0" />
                                </instance_material>
                                <instance_material symbol="Material3" target="#ID185">
                                    <bind_vertex_input semantic="UVSET0" input_semantic="TEXCOORD" input_set="0" />
                                </instance_material>
                            </technique_common>
                        </bind_material>
                    </instance_geometry>
                    <instance_geometry url="#ID206">
                        <bind_material>
                            <technique_common>
                                <instance_material symbol="Material2" target="#ID179">
                                    <bind_vertex_input semantic="UVSET0" input_semantic="TEXCOORD" input_set="0" />
                                </instance_material>
                                <instance_material symbol="Material3" target="#ID185">
                                    <bind_vertex_input semantic="UVSET0" input_semantic="TEXCOORD" input_set="0" />
                                </instance_material>
                            </technique_common>
                        </bind_material>
                    </instance_geometry>
                </node>
                <node id="ID214" name="group_11">
                    <matrix>1 0 0 82.47859 0 1 0 81.42786 0 0 1 59.58477 0 0 0 1</matrix>
                    <instance_geometry url="#ID215">
                        <bind_material>
                            <technique_common>
                                <instance_material symbol="Material2" target="#ID23">
                                    <bind_vertex_input semantic="UVSET0" input_semantic="TEXCOORD" input_set="0" />
                                </instance_material>
                                <instance_material symbol="Material3" target="#ID33">
                                    <bind_vertex_input semantic="UVSET0" input_semantic="TEXCOORD" input_set="0" />
                                </instance_material>
                            </technique_common>
                        </bind_material>
                    </instance_geometry>
                    <instance_geometry url="#ID225">
                        <bind_material>
                            <technique_common>
                                <instance_material symbol="Material2" target="#ID23">
                                    <bind_vertex_input semantic="UVSET0" input_semantic="TEXCOORD" input_set="0" />
                                </instance_material>
                                <instance_material symbol="Material3" target="#ID33">
                                    <bind_vertex_input semantic="UVSET0" input_semantic="TEXCOORD" input_set="0" />
                                </instance_material>
                            </technique_common>
                        </bind_material>
                    </instance_geometry>
                </node>
                <node id="ID235" name="group_12">
                    <matrix>1 0 0 82.47859 0 1 0 81.42786 0 0 1 119.821 0 0 0 1</matrix>
                    <instance_geometry url="#ID236">
                        <bind_material>
                            <technique_common>
                                <instance_material symbol="Material2" target="#ID23">
                                    <bind_vertex_input semantic="UVSET0" input_semantic="TEXCOORD" input_set="0" />
                                </instance_material>
                                <instance_material symbol="Material3" target="#ID33">
                                    <bind_vertex_input semantic="UVSET0" input_semantic="TEXCOORD" input_set="0" />
                                </instance_material>
                            </technique_common>
                        </bind_material>
                    </instance_geometry>
                    <instance_geometry url="#ID246">
                        <bind_material>
                            <technique_common>
                                <instance_material symbol="Material2" target="#ID23">
                                    <bind_vertex_input semantic="UVSET0" input_semantic="TEXCOORD" input_set="0" />
                                </instance_material>
                                <instance_material symbol="Material3" target="#ID33">
                                    <bind_vertex_input semantic="UVSET0" input_semantic="TEXCOORD" input_set="0" />
                                </instance_material>
                            </technique_common>
                        </bind_material>
                    </instance_geometry>
                </node>
                <node id="ID256" name="group_13">
                    <matrix>1 0 0 83.81604 0 1 0 86.27854 0 0 1 124.2261 0 0 0 1</matrix>
                    <instance_geometry url="#ID257">
                        <bind_material>
                            <technique_common>
                                <instance_material symbol="Material2" target="#ID5">
                                    <bind_vertex_input semantic="UVSET0" input_semantic="TEXCOORD" input_set="0" />
                                </instance_material>
                                <instance_material symbol="Material3" target="#ID15">
                                    <bind_vertex_input semantic="UVSET0" input_semantic="TEXCOORD" input_set="0" />
                                </instance_material>
                            </technique_common>
                        </bind_material>
                    </instance_geometry>
                </node>
                <node id="ID267" name="group_14">
                    <matrix>1 0 0 128.5416 0 1 0 81.42786 0 0 1 59.58477 0 0 0 1</matrix>
                    <instance_geometry url="#ID268">
                        <bind_material>
                            <technique_common>
                                <instance_material symbol="Material2" target="#ID23">
                                    <bind_vertex_input semantic="UVSET0" input_semantic="TEXCOORD" input_set="0" />
                                </instance_material>
                                <instance_material symbol="Material3" target="#ID33">
                                    <bind_vertex_input semantic="UVSET0" input_semantic="TEXCOORD" input_set="0" />
                                </instance_material>
                            </technique_common>
                        </bind_material>
                    </instance_geometry>
                    <instance_geometry url="#ID278">
                        <bind_material>
                            <technique_common>
                                <instance_material symbol="Material2" target="#ID23">
                                    <bind_vertex_input semantic="UVSET0" input_semantic="TEXCOORD" input_set="0" />
                                </instance_material>
                                <instance_material symbol="Material3" target="#ID33">
                                    <bind_vertex_input semantic="UVSET0" input_semantic="TEXCOORD" input_set="0" />
                                </instance_material>
                            </technique_common>
                        </bind_material>
                    </instance_geometry>
                </node>
                <node id="ID288" name="group_15">
                    <matrix>1 0 0 129.879 0 1 0 86.27854 0 0 1 63.98983 0 0 0 1</matrix>
                    <instance_geometry url="#ID289">
                        <bind_material>
                            <technique_common>
                                <instance_material symbol="Material2" target="#ID5">
                                    <bind_vertex_input semantic="UVSET0" input_semantic="TEXCOORD" input_set="0" />
                                </instance_material>
                                <instance_material symbol="Material3" target="#ID15">
                                    <bind_vertex_input semantic="UVSET0" input_semantic="TEXCOORD" input_set="0" />
                                </instance_material>
                            </technique_common>
                        </bind_material>
                    </instance_geometry>
                </node>
                <node id="ID299" name="group_16">
                    <matrix>1 0 0 83.81604 0 1 0 86.27854 0 0 1 63.98983 0 0 0 1</matrix>
                    <instance_geometry url="#ID300">
                        <bind_material>
                            <technique_common>
                                <instance_material symbol="Material2" target="#ID5">
                                    <bind_vertex_input semantic="UVSET0" input_semantic="TEXCOORD" input_set="0" />
                                </instance_material>
                                <instance_material symbol="Material3" target="#ID15">
                                    <bind_vertex_input semantic="UVSET0" input_semantic="TEXCOORD" input_set="0" />
                                </instance_material>
                            </technique_common>
                        </bind_material>
                    </instance_geometry>
                </node>
                <node id="ID310" name="instance_0">
                    <matrix>0.781554 -0.6238376 0 14.73702 0.6238376 0.781554 0 16.51964 -0 0 1 0 0 0 0 1</matrix>
                    <instance_node url="#ID311" />
                </node>
            </node>
        </visual_scene>
    </library_visual_scenes>
    <library_geometries>
        <geometry id="ID4">
            <mesh>
                <source id="ID10">
                    <float_array id="ID17" count="168">37.79528 37.79528 3.552714e-15 0 2.273737e-13 1.24345e-14 0 37.79528 1.065814e-14 37.79528 0 7.105427e-15 37.79528 0 7.105427e-15 37.79528 37.79528 3.552714e-15 0 2.273737e-13 1.24345e-14 0 37.79528 1.065814e-14 37.79528 0 7.105427e-15 0 2.273737e-13 1.24345e-14 0 37.79528 1.065814e-14 37.79528 37.79528 3.552714e-15 37.79528 0 29.92126 0 2.273737e-13 1.24345e-14 37.79528 0 7.105427e-15 4.547474e-13 0 29.92126 4.547474e-13 0 29.92126 37.79528 0 29.92126 0 2.273737e-13 1.24345e-14 37.79528 0 7.105427e-15 37.79528 0 29.92126 4.547474e-13 0 29.92126 4.547474e-13 37.79528 29.92126 0 2.273737e-13 1.24345e-14 4.547474e-13 0 29.92126 0 37.79528 1.065814e-14 0 37.79528 1.065814e-14 4.547474e-13 37.79528 29.92126 0 2.273737e-13 1.24345e-14 4.547474e-13 0 29.92126 4.547474e-13 37.79528 29.92126 0 37.79528 1.065814e-14 37.79528 37.79528 29.92126 37.79528 37.79528 3.552714e-15 4.547474e-13 37.79528 29.92126 4.547474e-13 37.79528 29.92126 0 37.79528 1.065814e-14 37.79528 37.79528 29.92126 37.79528 37.79528 3.552714e-15 37.79528 37.79528 29.92126 37.79528 37.79528 3.552714e-15 37.79528 0 29.92126 37.79528 0 7.105427e-15 37.79528 37.79528 29.92126 37.79528 37.79528 29.92126 37.79528 37.79528 3.552714e-15 37.79528 0 29.92126 37.79528 0 7.105427e-15 37.79528 0 29.92126 4.547474e-13 37.79528 29.92126 4.547474e-13 0 29.92126 37.79528 37.79528 29.92126 37.79528 37.79528 29.92126 37.79528 0 29.92126 4.547474e-13 37.79528 29.92126 4.547474e-13 0 29.92126</float_array>
                    <technique_common>
                        <accessor count="56" source="#ID17" stride="3">
                            <param name="X" type="float" />
                            <param name="Y" type="float" />
                            <param name="Z" type="float" />
                        </accessor>
                    </technique_common>
                </source>
                <source id="ID11">
                    <float_array id="ID18" count="168">-7.719519e-17 3.469447e-18 -1 -7.719519e-17 3.469447e-18 -1 -7.719519e-17 3.469447e-18 -1 -7.719519e-17 3.469447e-18 -1 7.719519e-17 -3.469447e-18 1 7.719519e-17 -3.469447e-18 1 7.719519e-17 -3.469447e-18 1 7.719519e-17 -3.469447e-18 1 0 0 0 0 0 0 0 0 0 0 0 0 -6.583899e-15 -1 -3.469447e-18 -6.583899e-15 -1 -3.469447e-18 -6.583899e-15 -1 -3.469447e-18 -6.583899e-15 -1 -3.469447e-18 6.583899e-15 1 3.469447e-18 6.583899e-15 1 3.469447e-18 6.583899e-15 1 3.469447e-18 6.583899e-15 1 3.469447e-18 0 0 0 0 0 0 -1 -3.752844e-15 7.979728e-17 -1 -3.752844e-15 7.979728e-17 -1 -3.752844e-15 7.979728e-17 -1 -3.752844e-15 7.979728e-17 1 3.752844e-15 -7.979728e-17 1 3.752844e-15 -7.979728e-17 1 3.752844e-15 -7.979728e-17 1 3.752844e-15 -7.979728e-17 0 0 0 3.197651e-15 1 3.469447e-18 3.197651e-15 1 3.469447e-18 3.197651e-15 1 3.469447e-18 3.197651e-15 1 3.469447e-18 -3.197651e-15 -1 -3.469447e-18 -3.197651e-15 -1 -3.469447e-18 -3.197651e-15 -1 -3.469447e-18 -3.197651e-15 -1 -3.469447e-18 0 0 0 1 -7.7999e-15 -8.066464e-17 1 -7.7999e-15 -8.066464e-17 1 -7.7999e-15 -8.066464e-17 1 -7.7999e-15 -8.066464e-17 -1 7.7999e-15 8.066464e-17 -1 7.7999e-15 8.066464e-17 -1 7.7999e-15 8.066464e-17 -1 7.7999e-15 8.066464e-17 7.719519e-17 -3.469447e-18 1 7.719519e-17 -3.469447e-18 1 7.719519e-17 -3.469447e-18 1 7.719519e-17 -3.469447e-18 1 -7.719519e-17 3.469447e-18 -1 -7.719519e-17 3.469447e-18 -1 -7.719519e-17 3.469447e-18 -1 -7.719519e-17 3.469447e-18 -1</float_array>
                    <technique_common>
                        <accessor count="56" source="#ID18" stride="3">
                            <param name="X" type="float" />
                            <param name="Y" type="float" />
                            <param name="Z" type="float" />
                        </accessor>
                    </technique_common>
                </source>
                <source id="ID12">
                    <Name_array id="ID20" count="0" />
                    <technique_common>
                        <accessor count="0" source="#ID20" stride="1">
                            <param name="skp_material" type="Name" />
                        </accessor>
                    </technique_common>
                </source>
                <source id="ID14">
                    <float_array id="ID19" count="48">-3.149606 3.821323 7.999029e-32 2.298881e-14 6.856311e-32 3.821323 -3.149606 3.515896e-33 3.149606 3.025214 -1.247504e-28 1.2572e-15 3.149606 7.184002e-16 3.789561e-14 3.025214 -3.149606 3.025214 -1.894781e-14 1.2572e-15 1.422163e-28 3.025214 -3.149606 1.0776e-15 1.007134e-14 1.064342e-15 -3.149606 3.025214 -3.149606 3.459422e-16 -2.782427e-14 3.025214 3.149606 6.674458e-16 2.456661e-14 3.025214 2.456661e-14 1.026646e-15 3.149606 3.025214 3.149606 1.049582e-17 3.770313e-14 3.821323 3.770313e-14 1.049582e-17 3.149606 3.821323</float_array>
                    <technique_common>
                        <accessor count="24" source="#ID19" stride="2">
                            <param name="S" type="float" />
                            <param name="T" type="float" />
                        </accessor>
                    </technique_common>
                </source>
                <vertices id="ID13">
                    <input semantic="POSITION" source="#ID10" />
                    <input semantic="NORMAL" source="#ID11" />
                </vertices>
                <triangles count="24" material="Material2">
                    <input offset="0" semantic="VERTEX" source="#ID13" />
                    <input offset="1" semantic="TEXCOORD" source="#ID14" />
                    <p>0 0 1 1 2 2 1 1 0 0 3 3 4 3 5 0 6 1 7 2 6 1 5 0 12 4 13 5 14 6 13 5 12 4 15 7 16 7 17 4 18 5 19 6 18 5 17 4 22 8 23 9 24 10 23 9 22 8 25 11 26 11 27 8 28 9 29 10 28 9 27 8 31 12 32 13 33 14 32 13 31 12 34 15 35 15 36 12 37 13 38 14 37 13 36 12 40 16 41 17 42 18 41 17 40 16 43 19 44 19 45 16 46 17 47 18 46 17 45 16 48 20 49 21 50 22 49 21 48 20 51 23 52 23 53 20 54 21 55 22 54 21 53 20</p>
                </triangles>
                <lines count="12" material="Material3">
                    <input offset="0" semantic="VERTEX" source="#ID13" />
                    <p>8 9 9 10 10 11 11 8 8 20 20 21 9 21 21 30 10 30 30 39 11 39 39 20</p>
                </lines>
            </mesh>
        </geometry>
        <geometry id="ID22">
            <mesh>
                <source id="ID28">
                    <float_array id="ID35" count="312">40.15748 48.0315 5.329071e-15 9.094947e-13 9.094947e-13 1.776357e-15 0 48.0315 5.329071e-15 40.15748 6.82121e-13 1.065814e-14 40.15748 6.82121e-13 1.065814e-14 40.15748 48.0315 5.329071e-15 9.094947e-13 9.094947e-13 1.776357e-15 0 48.0315 5.329071e-15 40.15748 6.82121e-13 1.065814e-14 9.094947e-13 9.094947e-13 1.776357e-15 0 48.0315 5.329071e-15 40.15748 48.0315 5.329071e-15 20.47244 1.136868e-12 0.3937008 19.68504 1.136868e-12 0.3937008 39.76378 4.547474e-13 0.3937008 40.15748 6.82121e-13 1.065814e-14 40.15748 1.364242e-12 4.330709 39.76378 1.591616e-12 3.543307 20.47244 2.273737e-13 3.543307 19.68504 2.273737e-13 3.543307 0.3937008 9.094947e-13 3.543307 9.094947e-13 1.591616e-12 4.330709 9.094947e-13 9.094947e-13 1.776357e-15 0.3937008 1.818989e-12 0.3937008 0.3937008 9.094947e-13 3.543307 0.3937008 1.818989e-12 0.3937008 9.094947e-13 1.591616e-12 4.330709 19.68504 1.136868e-12 0.3937008 40.15748 6.82121e-13 1.065814e-14 9.094947e-13 9.094947e-13 1.776357e-15 40.15748 1.364242e-12 4.330709 19.68504 2.273737e-13 3.543307 20.47244 2.273737e-13 3.543307 39.76378 1.591616e-12 3.543307 39.76378 4.547474e-13 0.3937008 20.47244 1.136868e-12 0.3937008 40.15748 1.364242e-12 4.330709 9.094947e-13 1.591616e-12 4.330709 39.76378 4.547474e-13 0.3937008 20.47244 1.136868e-12 0.3937008 19.68504 1.136868e-12 0.3937008 0.3937008 1.818989e-12 0.3937008 0.3937008 9.094947e-13 3.543307 19.68504 2.273737e-13 3.543307 20.47244 2.273737e-13 3.543307 39.76378 1.591616e-12 3.543307 9.094947e-13 1.591616e-12 4.330709 0 48.0315 5.329071e-15 9.094947e-13 9.094947e-13 1.776357e-15 1.364242e-12 48.0315 4.330709 1.364242e-12 48.0315 4.330709 9.094947e-13 1.591616e-12 4.330709 0 48.0315 5.329071e-15 9.094947e-13 9.094947e-13 1.776357e-15 1.364242e-12 48.0315 4.330709 19.68504 48.0315 0.3937008 20.47244 48.0315 3.543307 20.47244 48.0315 0.3937008 19.68504 48.0315 3.543307 0 48.0315 5.329071e-15 0.3937008 48.0315 0.3937008 40.15748 48.0315 5.329071e-15 1.364242e-12 48.0315 4.330709 0.3937008 48.0315 3.543307 40.15748 48.0315 4.330709 39.76378 48.0315 0.3937008 39.76378 48.0315 3.543307 19.68504 48.0315 3.543307 20.47244 48.0315 3.543307 40.15748 48.0315 4.330709 39.76378 48.0315 3.543307 39.76378 48.0315 0.3937008 20.47244 48.0315 0.3937008 40.15748 48.0315 5.329071e-15 1.364242e-12 48.0315 4.330709 0.3937008 48.0315 3.543307 0.3937008 48.0315 0.3937008 19.68504 48.0315 0.3937008 0 48.0315 5.329071e-15 40.15748 48.0315 4.330709 19.68504 48.0315 0.3937008 0.3937008 48.0315 0.3937008 19.68504 48.0315 3.543307 0.3937008 48.0315 3.543307 20.47244 48.0315 3.543307 39.76378 48.0315 3.543307 20.47244 48.0315 0.3937008 39.76378 48.0315 0.3937008 40.15748 48.0315 5.329071e-15 40.15748 1.364242e-12 4.330709 40.15748 6.82121e-13 1.065814e-14 40.15748 48.0315 4.330709 40.15748 48.0315 4.330709 40.15748 48.0315 5.329071e-15 40.15748 1.364242e-12 4.330709 40.15748 6.82121e-13 1.065814e-14 40.15748 1.364242e-12 4.330709 1.364242e-12 48.0315 4.330709 9.094947e-13 1.591616e-12 4.330709 40.15748 48.0315 4.330709 40.15748 48.0315 4.330709 40.15748 1.364242e-12 4.330709 1.364242e-12 48.0315 4.330709 9.094947e-13 1.591616e-12 4.330709</float_array>
                    <technique_common>
                        <accessor count="104" source="#ID35" stride="3">
                            <param name="X" type="float" />
                            <param name="Y" type="float" />
                            <param name="Z" type="float" />
                        </accessor>
                    </technique_common>
                </source>
                <source id="ID29">
                    <float_array id="ID36" count="312">1.162265e-16 4.163336e-17 -1 1.162265e-16 4.163336e-17 -1 1.162265e-16 4.163336e-17 -1 1.162265e-16 4.163336e-17 -1 -1.162265e-16 -4.163336e-17 1 -1.162265e-16 -4.163336e-17 1 -1.162265e-16 -4.163336e-17 1 -1.162265e-16 -4.163336e-17 1 0 0 0 0 0 0 0 0 0 0 0 0 -3.419926e-15 -1 -4.857226e-17 -3.419926e-15 -1 -4.857226e-17 -3.419926e-15 -1 -4.857226e-17 -3.419926e-15 -1 -4.857226e-17 -3.419926e-15 -1 -4.857226e-17 -3.419926e-15 -1 -4.857226e-17 -3.419926e-15 -1 -4.857226e-17 -3.419926e-15 -1 -4.857226e-17 -3.419926e-15 -1 -4.857226e-17 -3.419926e-15 -1 -4.857226e-17 -3.419926e-15 -1 -4.857226e-17 -3.419926e-15 -1 -4.857226e-17 3.419926e-15 1 4.857226e-17 3.419926e-15 1 4.857226e-17 3.419926e-15 1 4.857226e-17 3.419926e-15 1 4.857226e-17 3.419926e-15 1 4.857226e-17 3.419926e-15 1 4.857226e-17 3.419926e-15 1 4.857226e-17 3.419926e-15 1 4.857226e-17 3.419926e-15 1 4.857226e-17 3.419926e-15 1 4.857226e-17 3.419926e-15 1 4.857226e-17 3.419926e-15 1 4.857226e-17 0 0 0 0 0 0 0 0 0 0 0 0 0 0 0 0 0 0 0 0 0 0 0 0 0 0 0 0 0 0 -1 2.796591e-15 -1.110223e-16 -1 2.796591e-15 -1.110223e-16 -1 2.796591e-15 -1.110223e-16 -1 2.796591e-15 -1.110223e-16 1 -2.796591e-15 1.110223e-16 1 -2.796591e-15 1.110223e-16 1 -2.796591e-15 1.110223e-16 1 -2.796591e-15 1.110223e-16 0 0 0 8.910787e-17 1 3.816392e-17 8.910787e-17 1 3.816392e-17 8.910787e-17 1 3.816392e-17 8.910787e-17 1 3.816392e-17 8.910787e-17 1 3.816392e-17 8.910787e-17 1 3.816392e-17 8.910787e-17 1 3.816392e-17 8.910787e-17 1 3.816392e-17 8.910787e-17 1 3.816392e-17 8.910787e-17 1 3.816392e-17 8.910787e-17 1 3.816392e-17 8.910787e-17 1 3.816392e-17 -8.910787e-17 -1 -3.816392e-17 -8.910787e-17 -1 -3.816392e-17 -8.910787e-17 -1 -3.816392e-17 -8.910787e-17 -1 -3.816392e-17 -8.910787e-17 -1 -3.816392e-17 -8.910787e-17 -1 -3.816392e-17 -8.910787e-17 -1 -3.816392e-17 -8.910787e-17 -1 -3.816392e-17 -8.910787e-17 -1 -3.816392e-17 -8.910787e-17 -1 -3.816392e-17 -8.910787e-17 -1 -3.816392e-17 -8.910787e-17 -1 -3.816392e-17 0 0 0 0 0 0 0 0 0 0 0 0 0 0 0 0 0 0 0 0 0 0 0 0 0 0 0 1 -1.201648e-14 1.144917e-16 1 -1.201648e-14 1.144917e-16 1 -1.201648e-14 1.144917e-16 1 -1.201648e-14 1.144917e-16 -1 1.201648e-14 -1.144917e-16 -1 1.201648e-14 -1.144917e-16 -1 1.201648e-14 -1.144917e-16 -1 1.201648e-14 -1.144917e-16 -1.162265e-16 -4.163336e-17 1 -1.162265e-16 -4.163336e-17 1 -1.162265e-16 -4.163336e-17 1 -1.162265e-16 -4.163336e-17 1 1.162265e-16 4.163336e-17 -1 1.162265e-16 4.163336e-17 -1 1.162265e-16 4.163336e-17 -1 1.162265e-16 4.163336e-17 -1</float_array>
                    <technique_common>
                        <accessor count="104" source="#ID36" stride="3">
                            <param name="X" type="float" />
                            <param name="Y" type="float" />
                            <param name="Z" type="float" />
                        </accessor>
                    </technique_common>
                </source>
                <source id="ID30">
                    <Name_array id="ID38" count="0" />
                    <technique_common>
                        <accessor count="0" source="#ID38" stride="1">
                            <param name="skp_material" type="Name" />
                        </accessor>
                    </technique_common>
                </source>
                <source id="ID32">
                    <float_array id="ID37" count="78">-4.015748 4.80315 -9.094947e-14 9.094947e-14 -6.193791e-32 4.80315 -4.015748 6.82121e-14 2.047244 0.03937008 1.968504 0.03937008 3.976378 0.03937008 4.015748 1.065814e-15 4.015748 0.4330709 3.976378 0.3543307 2.047244 0.3543307 1.968504 0.3543307 0.03937008 0.3543307 9.094947e-14 0.4330709 9.094947e-14 1.776357e-16 0.03937008 0.03937008 -1.591616e-13 0.4330709 -4.80315 5.329071e-16 -9.094947e-14 1.776357e-16 -4.80315 0.4330709 -1.968504 0.03937008 -2.047244 0.3543307 -2.047244 0.03937008 -1.968504 0.3543307 4.279984e-16 3.496001e-16 -0.03937008 0.03937008 -4.015748 3.496001e-16 -1.359962e-13 0.4330709 -0.03937008 0.3543307 -4.015748 0.4330709 -3.976378 0.03937008 -3.976378 0.3543307 4.80315 7.313703e-17 1.846794e-13 0.4330709 1.164673e-13 6.060441e-16 4.80315 0.4330709 1.364745e-13 4.80315 9.09998e-14 1.591796e-13 4.015748 4.80315</float_array>
                    <technique_common>
                        <accessor count="39" source="#ID37" stride="2">
                            <param name="S" type="float" />
                            <param name="T" type="float" />
                        </accessor>
                    </technique_common>
                </source>
                <vertices id="ID31">
                    <input semantic="POSITION" source="#ID28" />
                    <input semantic="NORMAL" source="#ID29" />
                </vertices>
                <triangles count="68" material="Material2">
                    <input offset="0" semantic="VERTEX" source="#ID31" />
                    <input offset="1" semantic="TEXCOORD" source="#ID32" />
                    <p>0 0 1 1 2 2 1 1 0 0 3 3 4 3 5 0 6 1 7 2 6 1 5 0 12 4 13 5 14 6 15 7 14 6 13 5 14 6 15 7 16 8 14 6 16 8 17 9 17 9 16 8 18 10 18 10 16 8 19 11 19 11 16 8 20 12 20 12 16 8 21 13 22 14 23 15 21 13 23 15 22 14 15 7 23 15 15 7 13 5 21 13 23 15 20 12 24 12 25 15 26 13 27 5 28 7 25 15 28 7 29 14 25 15 26 13 25 15 29 14 26 13 30 8 24 12 24 12 30 8 31 11 31 11 30 8 32 10 32 10 30 8 33 9 33 9 30 8 34 6 30 8 28 7 34 6 27 5 34 6 28 7 34 6 27 5 35 4 46 16 47 17 48 18 47 17 46 16 49 19 50 19 51 16 52 17 53 18 52 17 51 16 55 20 56 21 57 22 56 21 55 20 58 23 59 24 60 25 61 26 60 25 59 24 62 27 61 26 60 25 57 22 57 22 60 25 55 20 60 25 62 27 63 28 63 28 62 27 58 23 58 23 62 27 64 29 61 26 65 30 64 29 65 30 61 26 57 22 64 29 65 30 66 31 64 29 66 31 56 21 64 29 56 21 58 23 67 23 68 21 69 29 68 21 70 31 69 29 70 31 71 30 69 29 72 22 73 26 71 30 69 29 71 30 73 26 69 29 74 27 67 23 67 23 74 27 75 28 75 28 74 27 76 25 77 20 76 25 72 22 72 22 76 25 73 26 74 27 78 24 76 25 73 26 76 25 78 24 67 23 77 20 68 21 72 22 68 21 77 20 88 32 89 33 90 34 89 33 88 32 91 35 92 35 93 32 94 33 95 34 94 33 93 32 96 7 97 36 98 37 97 36 96 7 99 38 100 38 101 7 102 36 103 37 102 36 101 7</p>
                </triangles>
                <lines count="28" material="Material3">
                    <input offset="0" semantic="VERTEX" source="#ID31" />
                    <p>8 9 9 10 10 11 11 8 8 36 36 37 9 37 38 39 39 40 40 41 41 42 42 43 43 44 44 45 45 38 37 54 10 54 54 79 11 79 80 81 82 80 83 82 81 83 84 85 84 86 87 86 85 87 79 36</p>
                </lines>
            </mesh>
        </geometry>
        <geometry id="ID39">
            <mesh>
                <source id="ID40">
                    <float_array id="ID45" count="264">20.47244 1.136868e-12 0.3937008 19.68504 2.273737e-13 3.543307 19.68504 1.136868e-12 0.3937008 20.47244 2.273737e-13 3.543307 20.47244 2.273737e-13 3.543307 20.47244 1.136868e-12 0.3937008 19.68504 2.273737e-13 3.543307 19.68504 1.136868e-12 0.3937008 19.68504 2.273737e-13 3.543307 20.47244 2.273737e-13 3.543307 19.68504 1.136868e-12 0.3937008 20.47244 1.136868e-12 0.3937008 19.68504 48.0315 3.543307 19.68504 1.136868e-12 0.3937008 19.68504 2.273737e-13 3.543307 19.68504 48.0315 0.3937008 19.68504 48.0315 0.3937008 19.68504 48.0315 3.543307 19.68504 1.136868e-12 0.3937008 19.68504 2.273737e-13 3.543307 19.68504 48.0315 3.543307 19.68504 48.0315 0.3937008 20.47244 1.136868e-12 0.3937008 20.47244 48.0315 3.543307 20.47244 2.273737e-13 3.543307 20.47244 48.0315 0.3937008 20.47244 48.0315 0.3937008 20.47244 1.136868e-12 0.3937008 20.47244 48.0315 3.543307 20.47244 2.273737e-13 3.543307 20.47244 48.0315 0.3937008 20.47244 48.0315 3.543307 0.3937008 48.0315 3.543307 19.68504 2.273737e-13 3.543307 0.3937008 9.094947e-13 3.543307 19.68504 48.0315 3.543307 19.68504 48.0315 3.543307 0.3937008 48.0315 3.543307 19.68504 2.273737e-13 3.543307 0.3937008 9.094947e-13 3.543307 0.3937008 9.094947e-13 3.543307 0.3937008 48.0315 3.543307 19.68504 1.136868e-12 0.3937008 0.3937008 48.0315 0.3937008 0.3937008 1.818989e-12 0.3937008 19.68504 48.0315 0.3937008 19.68504 48.0315 0.3937008 19.68504 1.136868e-12 0.3937008 0.3937008 48.0315 0.3937008 0.3937008 1.818989e-12 0.3937008 0.3937008 1.818989e-12 0.3937008 0.3937008 48.0315 0.3937008 39.76378 4.547474e-13 0.3937008 20.47244 48.0315 0.3937008 20.47244 1.136868e-12 0.3937008 39.76378 48.0315 0.3937008 39.76378 48.0315 0.3937008 39.76378 4.547474e-13 0.3937008 20.47244 48.0315 0.3937008 20.47244 1.136868e-12 0.3937008 39.76378 4.547474e-13 0.3937008 39.76378 48.0315 0.3937008 39.76378 48.0315 3.543307 20.47244 2.273737e-13 3.543307 20.47244 48.0315 3.543307 39.76378 1.591616e-12 3.543307 39.76378 1.591616e-12 3.543307 39.76378 48.0315 3.543307 20.47244 2.273737e-13 3.543307 20.47244 48.0315 3.543307 39.76378 1.591616e-12 3.543307 39.76378 48.0315 3.543307 0.3937008 1.818989e-12 0.3937008 0.3937008 48.0315 3.543307 0.3937008 9.094947e-13 3.543307 0.3937008 48.0315 0.3937008 0.3937008 48.0315 0.3937008 0.3937008 1.818989e-12 0.3937008 0.3937008 48.0315 3.543307 0.3937008 9.094947e-13 3.543307 39.76378 1.591616e-12 3.543307 39.76378 48.0315 0.3937008 39.76378 4.547474e-13 0.3937008 39.76378 48.0315 3.543307 39.76378 48.0315 3.543307 39.76378 1.591616e-12 3.543307 39.76378 48.0315 0.3937008 39.76378 4.547474e-13 0.3937008</float_array>
                    <technique_common>
                        <accessor count="88" source="#ID45" stride="3">
                            <param name="X" type="float" />
                            <param name="Y" type="float" />
                            <param name="Z" type="float" />
                        </accessor>
                    </technique_common>
                </source>
                <source id="ID41">
                    <float_array id="ID46" count="264">2.513186e-13 -1 2.069178e-14 2.513186e-13 -1 2.069178e-14 2.513186e-13 -1 2.069178e-14 2.513186e-13 -1 2.069178e-14 -2.513186e-13 1 -2.069178e-14 -2.513186e-13 1 -2.069178e-14 -2.513186e-13 1 -2.069178e-14 -2.513186e-13 1 -2.069178e-14 0 0 0 0 0 0 0 0 0 0 0 0 -1 2.381374e-14 8.080515e-14 -1 2.381374e-14 8.080515e-14 -1 2.381374e-14 8.080515e-14 -1 2.381374e-14 8.080515e-14 1 -2.381374e-14 -8.080515e-14 1 -2.381374e-14 -8.080515e-14 1 -2.381374e-14 -8.080515e-14 1 -2.381374e-14 -8.080515e-14 0 0 0 0 0 0 1 -3.748493e-16 -8.079995e-14 1 -3.748493e-16 -8.079995e-14 1 -3.748493e-16 -8.079995e-14 1 -3.748493e-16 -8.079995e-14 -1 3.748493e-16 8.079995e-14 -1 3.748493e-16 8.079995e-14 -1 3.748493e-16 8.079995e-14 -1 3.748493e-16 8.079995e-14 0 0 0 0 0 0 -2.255141e-17 2.049749e-14 -1 -2.255141e-17 2.049749e-14 -1 -2.255141e-17 2.049749e-14 -1 -2.255141e-17 2.049749e-14 -1 2.255141e-17 -2.049749e-14 1 2.255141e-17 -2.049749e-14 1 2.255141e-17 -2.049749e-14 1 2.255141e-17 -2.049749e-14 1 0 0 0 0 0 0 1.656661e-16 -2.050096e-14 1 1.656661e-16 -2.050096e-14 1 1.656661e-16 -2.050096e-14 1 1.656661e-16 -2.050096e-14 1 -1.656661e-16 2.050096e-14 -1 -1.656661e-16 2.050096e-14 -1 -1.656661e-16 2.050096e-14 -1 -1.656661e-16 2.050096e-14 -1 0 0 0 0 0 0 -3.469447e-17 4.126213e-14 1 -3.469447e-17 4.126213e-14 1 -3.469447e-17 4.126213e-14 1 -3.469447e-17 4.126213e-14 1 3.469447e-17 -4.126213e-14 -1 3.469447e-17 -4.126213e-14 -1 3.469447e-17 -4.126213e-14 -1 3.469447e-17 -4.126213e-14 -1 0 0 0 0 0 0 2.220446e-16 -4.127254e-14 -1 2.220446e-16 -4.127254e-14 -1 2.220446e-16 -4.127254e-14 -1 2.220446e-16 -4.127254e-14 -1 -2.220446e-16 4.127254e-14 1 -2.220446e-16 4.127254e-14 1 -2.220446e-16 4.127254e-14 1 -2.220446e-16 4.127254e-14 1 0 0 0 0 0 0 1 -2.366653e-14 1.959327e-13 1 -2.366653e-14 1.959327e-13 1 -2.366653e-14 1.959327e-13 1 -2.366653e-14 1.959327e-13 -1 2.366653e-14 -1.959327e-13 -1 2.366653e-14 -1.959327e-13 -1 2.366653e-14 -1.959327e-13 -1 2.366653e-14 -1.959327e-13 -1 1.986123e-16 2.191719e-13 -1 1.986123e-16 2.191719e-13 -1 1.986123e-16 2.191719e-13 -1 1.986123e-16 2.191719e-13 1 -1.986123e-16 -2.191719e-13 1 -1.986123e-16 -2.191719e-13 1 -1.986123e-16 -2.191719e-13 1 -1.986123e-16 -2.191719e-13</float_array>
                    <technique_common>
                        <accessor count="88" source="#ID46" stride="3">
                            <param name="X" type="float" />
                            <param name="Y" type="float" />
                            <param name="Z" type="float" />
                        </accessor>
                    </technique_common>
                </source>
                <source id="ID42">
                    <Name_array id="ID48" count="0" />
                    <technique_common>
                        <accessor count="0" source="#ID48" stride="1">
                            <param name="skp_material" type="Name" />
                        </accessor>
                    </technique_common>
                </source>
                <source id="ID44">
                    <float_array id="ID47" count="72">2.047244 0.03937008 1.968504 0.3543307 1.968504 0.03937008 2.047244 0.3543307 -4.80315 0.3543307 -1.605643e-13 0.03937008 -6.961481e-14 0.3543307 -4.80315 0.03937008 1.144542e-13 0.03937008 4.80315 0.3543307 2.350478e-14 0.3543307 4.80315 0.03937008 -0.03937008 4.80315 -1.968504 3.000026e-14 -0.03937008 9.821236e-14 -1.968504 4.80315 1.968504 1.14494e-13 0.03937008 4.80315 0.03937008 1.827061e-13 1.968504 4.80315 3.976378 4.385024e-14 2.047244 4.80315 2.047244 1.120623e-13 3.976378 4.80315 -3.976378 4.80315 -2.047244 8.113239e-15 -2.047244 4.80315 -3.976378 1.445374e-13 1.828307e-13 0.03937008 4.80315 0.3543307 9.188122e-14 0.3543307 4.80315 0.03937008 -1.599513e-13 0.3543307 -4.80315 0.03937008 -4.626449e-14 0.03937008 -4.80315 0.3543307</float_array>
                    <technique_common>
                        <accessor count="36" source="#ID47" stride="2">
                            <param name="S" type="float" />
                            <param name="T" type="float" />
                        </accessor>
                    </technique_common>
                </source>
                <vertices id="ID43">
                    <input semantic="POSITION" source="#ID40" />
                    <input semantic="NORMAL" source="#ID41" />
                </vertices>
                <triangles count="36" material="Material2">
                    <input offset="0" semantic="VERTEX" source="#ID43" />
                    <input offset="1" semantic="TEXCOORD" source="#ID44" />
                    <p>0 0 1 1 2 2 1 1 0 0 3 3 4 3 5 0 6 1 7 2 6 1 5 0 12 4 13 5 14 6 13 5 12 4 15 7 16 7 17 4 18 5 19 6 18 5 17 4 22 8 23 9 24 10 23 9 22 8 25 11 26 11 27 8 28 9 29 10 28 9 27 8 32 12 33 13 34 14 33 13 32 12 35 15 36 15 37 12 38 13 39 14 38 13 37 12 42 16 43 17 44 18 43 17 42 16 45 19 46 19 47 16 48 17 49 18 48 17 47 16 52 20 53 21 54 22 53 21 52 20 55 23 56 23 57 20 58 21 59 22 58 21 57 20 62 24 63 25 64 26 63 25 62 24 65 27 66 27 67 24 68 25 69 26 68 25 67 24 72 28 73 29 74 30 73 29 72 28 75 31 76 31 77 28 78 29 79 30 78 29 77 28 80 32 81 33 82 34 81 33 80 32 83 35 84 35 85 32 86 33 87 34 86 33 85 32</p>
                </triangles>
                <lines count="26" material="Material3">
                    <input offset="0" semantic="VERTEX" source="#ID43" />
                    <p>8 9 8 10 11 10 9 11 8 20 20 21 10 21 11 30 31 30 9 31 40 8 40 41 41 20 10 50 21 51 50 51 60 11 60 61 61 30 9 70 31 71 70 71 50 40 51 41 70 60 71 61</p>
                </lines>
            </mesh>
        </geometry>
        <geometry id="ID50">
            <mesh>
                <source id="ID51">
                    <float_array id="ID56" count="312">40.15748 48.0315 5.329071e-15 9.094947e-13 9.094947e-13 1.776357e-15 0 48.0315 5.329071e-15 40.15748 6.82121e-13 1.065814e-14 40.15748 6.82121e-13 1.065814e-14 40.15748 48.0315 5.329071e-15 9.094947e-13 9.094947e-13 1.776357e-15 0 48.0315 5.329071e-15 40.15748 6.82121e-13 1.065814e-14 9.094947e-13 9.094947e-13 1.776357e-15 0 48.0315 5.329071e-15 40.15748 48.0315 5.329071e-15 20.47244 1.136868e-12 0.3937008 19.68504 1.136868e-12 0.3937008 39.76378 4.547474e-13 0.3937008 40.15748 6.82121e-13 1.065814e-14 40.15748 1.364242e-12 4.330709 39.76378 1.591616e-12 3.543307 20.47244 2.273737e-13 3.543307 19.68504 2.273737e-13 3.543307 0.3937008 9.094947e-13 3.543307 9.094947e-13 1.591616e-12 4.330709 9.094947e-13 9.094947e-13 1.776357e-15 0.3937008 1.818989e-12 0.3937008 0.3937008 9.094947e-13 3.543307 0.3937008 1.818989e-12 0.3937008 9.094947e-13 1.591616e-12 4.330709 19.68504 1.136868e-12 0.3937008 40.15748 6.82121e-13 1.065814e-14 9.094947e-13 9.094947e-13 1.776357e-15 40.15748 1.364242e-12 4.330709 19.68504 2.273737e-13 3.543307 20.47244 2.273737e-13 3.543307 39.76378 1.591616e-12 3.543307 39.76378 4.547474e-13 0.3937008 20.47244 1.136868e-12 0.3937008 40.15748 1.364242e-12 4.330709 9.094947e-13 1.591616e-12 4.330709 39.76378 4.547474e-13 0.3937008 20.47244 1.136868e-12 0.3937008 19.68504 1.136868e-12 0.3937008 0.3937008 1.818989e-12 0.3937008 0.3937008 9.094947e-13 3.543307 19.68504 2.273737e-13 3.543307 20.47244 2.273737e-13 3.543307 39.76378 1.591616e-12 3.543307 9.094947e-13 1.591616e-12 4.330709 0 48.0315 5.329071e-15 9.094947e-13 9.094947e-13 1.776357e-15 1.364242e-12 48.0315 4.330709 1.364242e-12 48.0315 4.330709 9.094947e-13 1.591616e-12 4.330709 0 48.0315 5.329071e-15 9.094947e-13 9.094947e-13 1.776357e-15 1.364242e-12 48.0315 4.330709 19.68504 48.0315 0.3937008 20.47244 48.0315 3.543307 20.47244 48.0315 0.3937008 19.68504 48.0315 3.543307 0 48.0315 5.329071e-15 0.3937008 48.0315 0.3937008 40.15748 48.0315 5.329071e-15 1.364242e-12 48.0315 4.330709 0.3937008 48.0315 3.543307 40.15748 48.0315 4.330709 39.76378 48.0315 0.3937008 39.76378 48.0315 3.543307 19.68504 48.0315 3.543307 20.47244 48.0315 3.543307 40.15748 48.0315 4.330709 39.76378 48.0315 3.543307 39.76378 48.0315 0.3937008 20.47244 48.0315 0.3937008 40.15748 48.0315 5.329071e-15 1.364242e-12 48.0315 4.330709 0.3937008 48.0315 3.543307 0.3937008 48.0315 0.3937008 19.68504 48.0315 0.3937008 0 48.0315 5.329071e-15 40.15748 48.0315 4.330709 19.68504 48.0315 0.3937008 0.3937008 48.0315 0.3937008 19.68504 48.0315 3.543307 0.3937008 48.0315 3.543307 20.47244 48.0315 3.543307 39.76378 48.0315 3.543307 20.47244 48.0315 0.3937008 39.76378 48.0315 0.3937008 40.15748 48.0315 5.329071e-15 40.15748 1.364242e-12 4.330709 40.15748 6.82121e-13 1.065814e-14 40.15748 48.0315 4.330709 40.15748 48.0315 4.330709 40.15748 48.0315 5.329071e-15 40.15748 1.364242e-12 4.330709 40.15748 6.82121e-13 1.065814e-14 40.15748 1.364242e-12 4.330709 1.364242e-12 48.0315 4.330709 9.094947e-13 1.591616e-12 4.330709 40.15748 48.0315 4.330709 40.15748 48.0315 4.330709 40.15748 1.364242e-12 4.330709 1.364242e-12 48.0315 4.330709 9.094947e-13 1.591616e-12 4.330709</float_array>
                    <technique_common>
                        <accessor count="104" source="#ID56" stride="3">
                            <param name="X" type="float" />
                            <param name="Y" type="float" />
                            <param name="Z" type="float" />
                        </accessor>
                    </technique_common>
                </source>
                <source id="ID52">
                    <float_array id="ID57" count="312">1.162265e-16 4.163336e-17 -1 1.162265e-16 4.163336e-17 -1 1.162265e-16 4.163336e-17 -1 1.162265e-16 4.163336e-17 -1 -1.162265e-16 -4.163336e-17 1 -1.162265e-16 -4.163336e-17 1 -1.162265e-16 -4.163336e-17 1 -1.162265e-16 -4.163336e-17 1 0 0 0 0 0 0 0 0 0 0 0 0 -3.419926e-15 -1 -4.857226e-17 -3.419926e-15 -1 -4.857226e-17 -3.419926e-15 -1 -4.857226e-17 -3.419926e-15 -1 -4.857226e-17 -3.419926e-15 -1 -4.857226e-17 -3.419926e-15 -1 -4.857226e-17 -3.419926e-15 -1 -4.857226e-17 -3.419926e-15 -1 -4.857226e-17 -3.419926e-15 -1 -4.857226e-17 -3.419926e-15 -1 -4.857226e-17 -3.419926e-15 -1 -4.857226e-17 -3.419926e-15 -1 -4.857226e-17 3.419926e-15 1 4.857226e-17 3.419926e-15 1 4.857226e-17 3.419926e-15 1 4.857226e-17 3.419926e-15 1 4.857226e-17 3.419926e-15 1 4.857226e-17 3.419926e-15 1 4.857226e-17 3.419926e-15 1 4.857226e-17 3.419926e-15 1 4.857226e-17 3.419926e-15 1 4.857226e-17 3.419926e-15 1 4.857226e-17 3.419926e-15 1 4.857226e-17 3.419926e-15 1 4.857226e-17 0 0 0 0 0 0 0 0 0 0 0 0 0 0 0 0 0 0 0 0 0 0 0 0 0 0 0 0 0 0 -1 2.796591e-15 -1.110223e-16 -1 2.796591e-15 -1.110223e-16 -1 2.796591e-15 -1.110223e-16 -1 2.796591e-15 -1.110223e-16 1 -2.796591e-15 1.110223e-16 1 -2.796591e-15 1.110223e-16 1 -2.796591e-15 1.110223e-16 1 -2.796591e-15 1.110223e-16 0 0 0 8.910787e-17 1 3.816392e-17 8.910787e-17 1 3.816392e-17 8.910787e-17 1 3.816392e-17 8.910787e-17 1 3.816392e-17 8.910787e-17 1 3.816392e-17 8.910787e-17 1 3.816392e-17 8.910787e-17 1 3.816392e-17 8.910787e-17 1 3.816392e-17 8.910787e-17 1 3.816392e-17 8.910787e-17 1 3.816392e-17 8.910787e-17 1 3.816392e-17 8.910787e-17 1 3.816392e-17 -8.910787e-17 -1 -3.816392e-17 -8.910787e-17 -1 -3.816392e-17 -8.910787e-17 -1 -3.816392e-17 -8.910787e-17 -1 -3.816392e-17 -8.910787e-17 -1 -3.816392e-17 -8.910787e-17 -1 -3.816392e-17 -8.910787e-17 -1 -3.816392e-17 -8.910787e-17 -1 -3.816392e-17 -8.910787e-17 -1 -3.816392e-17 -8.910787e-17 -1 -3.816392e-17 -8.910787e-17 -1 -3.816392e-17 -8.910787e-17 -1 -3.816392e-17 0 0 0 0 0 0 0 0 0 0 0 0 0 0 0 0 0 0 0 0 0 0 0 0 0 0 0 1 -1.201648e-14 1.144917e-16 1 -1.201648e-14 1.144917e-16 1 -1.201648e-14 1.144917e-16 1 -1.201648e-14 1.144917e-16 -1 1.201648e-14 -1.144917e-16 -1 1.201648e-14 -1.144917e-16 -1 1.201648e-14 -1.144917e-16 -1 1.201648e-14 -1.144917e-16 -1.162265e-16 -4.163336e-17 1 -1.162265e-16 -4.163336e-17 1 -1.162265e-16 -4.163336e-17 1 -1.162265e-16 -4.163336e-17 1 1.162265e-16 4.163336e-17 -1 1.162265e-16 4.163336e-17 -1 1.162265e-16 4.163336e-17 -1 1.162265e-16 4.163336e-17 -1</float_array>
                    <technique_common>
                        <accessor count="104" source="#ID57" stride="3">
                            <param name="X" type="float" />
                            <param name="Y" type="float" />
                            <param name="Z" type="float" />
                        </accessor>
                    </technique_common>
                </source>
                <source id="ID53">
                    <Name_array id="ID59" count="0" />
                    <technique_common>
                        <accessor count="0" source="#ID59" stride="1">
                            <param name="skp_material" type="Name" />
                        </accessor>
                    </technique_common>
                </source>
                <source id="ID55">
                    <float_array id="ID58" count="78">-4.015748 4.80315 -9.094947e-14 9.094947e-14 -6.193791e-32 4.80315 -4.015748 6.82121e-14 2.047244 0.03937008 1.968504 0.03937008 3.976378 0.03937008 4.015748 1.065814e-15 4.015748 0.4330709 3.976378 0.3543307 2.047244 0.3543307 1.968504 0.3543307 0.03937008 0.3543307 9.094947e-14 0.4330709 9.094947e-14 1.776357e-16 0.03937008 0.03937008 -1.591616e-13 0.4330709 -4.80315 5.329071e-16 -9.094947e-14 1.776357e-16 -4.80315 0.4330709 -1.968504 0.03937008 -2.047244 0.3543307 -2.047244 0.03937008 -1.968504 0.3543307 4.279984e-16 3.496001e-16 -0.03937008 0.03937008 -4.015748 3.496001e-16 -1.359962e-13 0.4330709 -0.03937008 0.3543307 -4.015748 0.4330709 -3.976378 0.03937008 -3.976378 0.3543307 4.80315 7.313703e-17 1.846794e-13 0.4330709 1.164673e-13 6.060441e-16 4.80315 0.4330709 1.364745e-13 4.80315 9.09998e-14 1.591796e-13 4.015748 4.80315</float_array>
                    <technique_common>
                        <accessor count="39" source="#ID58" stride="2">
                            <param name="S" type="float" />
                            <param name="T" type="float" />
                        </accessor>
                    </technique_common>
                </source>
                <vertices id="ID54">
                    <input semantic="POSITION" source="#ID51" />
                    <input semantic="NORMAL" source="#ID52" />
                </vertices>
                <triangles count="68" material="Material2">
                    <input offset="0" semantic="VERTEX" source="#ID54" />
                    <input offset="1" semantic="TEXCOORD" source="#ID55" />
                    <p>0 0 1 1 2 2 1 1 0 0 3 3 4 3 5 0 6 1 7 2 6 1 5 0 12 4 13 5 14 6 15 7 14 6 13 5 14 6 15 7 16 8 14 6 16 8 17 9 17 9 16 8 18 10 18 10 16 8 19 11 19 11 16 8 20 12 20 12 16 8 21 13 22 14 23 15 21 13 23 15 22 14 15 7 23 15 15 7 13 5 21 13 23 15 20 12 24 12 25 15 26 13 27 5 28 7 25 15 28 7 29 14 25 15 26 13 25 15 29 14 26 13 30 8 24 12 24 12 30 8 31 11 31 11 30 8 32 10 32 10 30 8 33 9 33 9 30 8 34 6 30 8 28 7 34 6 27 5 34 6 28 7 34 6 27 5 35 4 46 16 47 17 48 18 47 17 46 16 49 19 50 19 51 16 52 17 53 18 52 17 51 16 55 20 56 21 57 22 56 21 55 20 58 23 59 24 60 25 61 26 60 25 59 24 62 27 61 26 60 25 57 22 57 22 60 25 55 20 60 25 62 27 63 28 63 28 62 27 58 23 58 23 62 27 64 29 61 26 65 30 64 29 65 30 61 26 57 22 64 29 65 30 66 31 64 29 66 31 56 21 64 29 56 21 58 23 67 23 68 21 69 29 68 21 70 31 69 29 70 31 71 30 69 29 72 22 73 26 71 30 69 29 71 30 73 26 69 29 74 27 67 23 67 23 74 27 75 28 75 28 74 27 76 25 77 20 76 25 72 22 72 22 76 25 73 26 74 27 78 24 76 25 73 26 76 25 78 24 67 23 77 20 68 21 72 22 68 21 77 20 88 32 89 33 90 34 89 33 88 32 91 35 92 35 93 32 94 33 95 34 94 33 93 32 96 7 97 36 98 37 97 36 96 7 99 38 100 38 101 7 102 36 103 37 102 36 101 7</p>
                </triangles>
                <lines count="28" material="Material3">
                    <input offset="0" semantic="VERTEX" source="#ID54" />
                    <p>8 9 9 10 10 11 11 8 8 36 36 37 9 37 38 39 39 40 40 41 41 42 42 43 43 44 44 45 45 38 37 54 10 54 54 79 11 79 80 81 82 80 83 82 81 83 84 85 84 86 87 86 85 87 79 36</p>
                </lines>
            </mesh>
        </geometry>
        <geometry id="ID60">
            <mesh>
                <source id="ID61">
                    <float_array id="ID66" count="264">20.47244 1.136868e-12 0.3937008 19.68504 2.273737e-13 3.543307 19.68504 1.136868e-12 0.3937008 20.47244 2.273737e-13 3.543307 20.47244 2.273737e-13 3.543307 20.47244 1.136868e-12 0.3937008 19.68504 2.273737e-13 3.543307 19.68504 1.136868e-12 0.3937008 19.68504 2.273737e-13 3.543307 20.47244 2.273737e-13 3.543307 19.68504 1.136868e-12 0.3937008 20.47244 1.136868e-12 0.3937008 19.68504 48.0315 3.543307 19.68504 1.136868e-12 0.3937008 19.68504 2.273737e-13 3.543307 19.68504 48.0315 0.3937008 19.68504 48.0315 0.3937008 19.68504 48.0315 3.543307 19.68504 1.136868e-12 0.3937008 19.68504 2.273737e-13 3.543307 19.68504 48.0315 3.543307 19.68504 48.0315 0.3937008 20.47244 1.136868e-12 0.3937008 20.47244 48.0315 3.543307 20.47244 2.273737e-13 3.543307 20.47244 48.0315 0.3937008 20.47244 48.0315 0.3937008 20.47244 1.136868e-12 0.3937008 20.47244 48.0315 3.543307 20.47244 2.273737e-13 3.543307 20.47244 48.0315 0.3937008 20.47244 48.0315 3.543307 0.3937008 48.0315 3.543307 19.68504 2.273737e-13 3.543307 0.3937008 9.094947e-13 3.543307 19.68504 48.0315 3.543307 19.68504 48.0315 3.543307 0.3937008 48.0315 3.543307 19.68504 2.273737e-13 3.543307 0.3937008 9.094947e-13 3.543307 0.3937008 9.094947e-13 3.543307 0.3937008 48.0315 3.543307 19.68504 1.136868e-12 0.3937008 0.3937008 48.0315 0.3937008 0.3937008 1.818989e-12 0.3937008 19.68504 48.0315 0.3937008 19.68504 48.0315 0.3937008 19.68504 1.136868e-12 0.3937008 0.3937008 48.0315 0.3937008 0.3937008 1.818989e-12 0.3937008 0.3937008 1.818989e-12 0.3937008 0.3937008 48.0315 0.3937008 39.76378 4.547474e-13 0.3937008 20.47244 48.0315 0.3937008 20.47244 1.136868e-12 0.3937008 39.76378 48.0315 0.3937008 39.76378 48.0315 0.3937008 39.76378 4.547474e-13 0.3937008 20.47244 48.0315 0.3937008 20.47244 1.136868e-12 0.3937008 39.76378 4.547474e-13 0.3937008 39.76378 48.0315 0.3937008 39.76378 48.0315 3.543307 20.47244 2.273737e-13 3.543307 20.47244 48.0315 3.543307 39.76378 1.591616e-12 3.543307 39.76378 1.591616e-12 3.543307 39.76378 48.0315 3.543307 20.47244 2.273737e-13 3.543307 20.47244 48.0315 3.543307 39.76378 1.591616e-12 3.543307 39.76378 48.0315 3.543307 0.3937008 1.818989e-12 0.3937008 0.3937008 48.0315 3.543307 0.3937008 9.094947e-13 3.543307 0.3937008 48.0315 0.3937008 0.3937008 48.0315 0.3937008 0.3937008 1.818989e-12 0.3937008 0.3937008 48.0315 3.543307 0.3937008 9.094947e-13 3.543307 39.76378 1.591616e-12 3.543307 39.76378 48.0315 0.3937008 39.76378 4.547474e-13 0.3937008 39.76378 48.0315 3.543307 39.76378 48.0315 3.543307 39.76378 1.591616e-12 3.543307 39.76378 48.0315 0.3937008 39.76378 4.547474e-13 0.3937008</float_array>
                    <technique_common>
                        <accessor count="88" source="#ID66" stride="3">
                            <param name="X" type="float" />
                            <param name="Y" type="float" />
                            <param name="Z" type="float" />
                        </accessor>
                    </technique_common>
                </source>
                <source id="ID62">
                    <float_array id="ID67" count="264">2.513186e-13 -1 2.069178e-14 2.513186e-13 -1 2.069178e-14 2.513186e-13 -1 2.069178e-14 2.513186e-13 -1 2.069178e-14 -2.513186e-13 1 -2.069178e-14 -2.513186e-13 1 -2.069178e-14 -2.513186e-13 1 -2.069178e-14 -2.513186e-13 1 -2.069178e-14 0 0 0 0 0 0 0 0 0 0 0 0 -1 2.381374e-14 8.080515e-14 -1 2.381374e-14 8.080515e-14 -1 2.381374e-14 8.080515e-14 -1 2.381374e-14 8.080515e-14 1 -2.381374e-14 -8.080515e-14 1 -2.381374e-14 -8.080515e-14 1 -2.381374e-14 -8.080515e-14 1 -2.381374e-14 -8.080515e-14 0 0 0 0 0 0 1 -3.748493e-16 -8.079995e-14 1 -3.748493e-16 -8.079995e-14 1 -3.748493e-16 -8.079995e-14 1 -3.748493e-16 -8.079995e-14 -1 3.748493e-16 8.079995e-14 -1 3.748493e-16 8.079995e-14 -1 3.748493e-16 8.079995e-14 -1 3.748493e-16 8.079995e-14 0 0 0 0 0 0 -2.255141e-17 2.049749e-14 -1 -2.255141e-17 2.049749e-14 -1 -2.255141e-17 2.049749e-14 -1 -2.255141e-17 2.049749e-14 -1 2.255141e-17 -2.049749e-14 1 2.255141e-17 -2.049749e-14 1 2.255141e-17 -2.049749e-14 1 2.255141e-17 -2.049749e-14 1 0 0 0 0 0 0 1.656661e-16 -2.050096e-14 1 1.656661e-16 -2.050096e-14 1 1.656661e-16 -2.050096e-14 1 1.656661e-16 -2.050096e-14 1 -1.656661e-16 2.050096e-14 -1 -1.656661e-16 2.050096e-14 -1 -1.656661e-16 2.050096e-14 -1 -1.656661e-16 2.050096e-14 -1 0 0 0 0 0 0 -3.469447e-17 4.126213e-14 1 -3.469447e-17 4.126213e-14 1 -3.469447e-17 4.126213e-14 1 -3.469447e-17 4.126213e-14 1 3.469447e-17 -4.126213e-14 -1 3.469447e-17 -4.126213e-14 -1 3.469447e-17 -4.126213e-14 -1 3.469447e-17 -4.126213e-14 -1 0 0 0 0 0 0 2.220446e-16 -4.127254e-14 -1 2.220446e-16 -4.127254e-14 -1 2.220446e-16 -4.127254e-14 -1 2.220446e-16 -4.127254e-14 -1 -2.220446e-16 4.127254e-14 1 -2.220446e-16 4.127254e-14 1 -2.220446e-16 4.127254e-14 1 -2.220446e-16 4.127254e-14 1 0 0 0 0 0 0 1 -2.366653e-14 1.959327e-13 1 -2.366653e-14 1.959327e-13 1 -2.366653e-14 1.959327e-13 1 -2.366653e-14 1.959327e-13 -1 2.366653e-14 -1.959327e-13 -1 2.366653e-14 -1.959327e-13 -1 2.366653e-14 -1.959327e-13 -1 2.366653e-14 -1.959327e-13 -1 1.986123e-16 2.191719e-13 -1 1.986123e-16 2.191719e-13 -1 1.986123e-16 2.191719e-13 -1 1.986123e-16 2.191719e-13 1 -1.986123e-16 -2.191719e-13 1 -1.986123e-16 -2.191719e-13 1 -1.986123e-16 -2.191719e-13 1 -1.986123e-16 -2.191719e-13</float_array>
                    <technique_common>
                        <accessor count="88" source="#ID67" stride="3">
                            <param name="X" type="float" />
                            <param name="Y" type="float" />
                            <param name="Z" type="float" />
                        </accessor>
                    </technique_common>
                </source>
                <source id="ID63">
                    <Name_array id="ID69" count="0" />
                    <technique_common>
                        <accessor count="0" source="#ID69" stride="1">
                            <param name="skp_material" type="Name" />
                        </accessor>
                    </technique_common>
                </source>
                <source id="ID65">
                    <float_array id="ID68" count="72">2.047244 0.03937008 1.968504 0.3543307 1.968504 0.03937008 2.047244 0.3543307 -4.80315 0.3543307 -1.605643e-13 0.03937008 -6.961481e-14 0.3543307 -4.80315 0.03937008 1.144542e-13 0.03937008 4.80315 0.3543307 2.350478e-14 0.3543307 4.80315 0.03937008 -0.03937008 4.80315 -1.968504 3.000026e-14 -0.03937008 9.821236e-14 -1.968504 4.80315 1.968504 1.14494e-13 0.03937008 4.80315 0.03937008 1.827061e-13 1.968504 4.80315 3.976378 4.385024e-14 2.047244 4.80315 2.047244 1.120623e-13 3.976378 4.80315 -3.976378 4.80315 -2.047244 8.113239e-15 -2.047244 4.80315 -3.976378 1.445374e-13 1.828307e-13 0.03937008 4.80315 0.3543307 9.188122e-14 0.3543307 4.80315 0.03937008 -1.599513e-13 0.3543307 -4.80315 0.03937008 -4.626449e-14 0.03937008 -4.80315 0.3543307</float_array>
                    <technique_common>
                        <accessor count="36" source="#ID68" stride="2">
                            <param name="S" type="float" />
                            <param name="T" type="float" />
                        </accessor>
                    </technique_common>
                </source>
                <vertices id="ID64">
                    <input semantic="POSITION" source="#ID61" />
                    <input semantic="NORMAL" source="#ID62" />
                </vertices>
                <triangles count="36" material="Material2">
                    <input offset="0" semantic="VERTEX" source="#ID64" />
                    <input offset="1" semantic="TEXCOORD" source="#ID65" />
                    <p>0 0 1 1 2 2 1 1 0 0 3 3 4 3 5 0 6 1 7 2 6 1 5 0 12 4 13 5 14 6 13 5 12 4 15 7 16 7 17 4 18 5 19 6 18 5 17 4 22 8 23 9 24 10 23 9 22 8 25 11 26 11 27 8 28 9 29 10 28 9 27 8 32 12 33 13 34 14 33 13 32 12 35 15 36 15 37 12 38 13 39 14 38 13 37 12 42 16 43 17 44 18 43 17 42 16 45 19 46 19 47 16 48 17 49 18 48 17 47 16 52 20 53 21 54 22 53 21 52 20 55 23 56 23 57 20 58 21 59 22 58 21 57 20 62 24 63 25 64 26 63 25 62 24 65 27 66 27 67 24 68 25 69 26 68 25 67 24 72 28 73 29 74 30 73 29 72 28 75 31 76 31 77 28 78 29 79 30 78 29 77 28 80 32 81 33 82 34 81 33 80 32 83 35 84 35 85 32 86 33 87 34 86 33 85 32</p>
                </triangles>
                <lines count="26" material="Material3">
                    <input offset="0" semantic="VERTEX" source="#ID64" />
                    <p>8 9 8 10 11 10 9 11 8 20 20 21 10 21 11 30 31 30 9 31 40 8 40 41 41 20 10 50 21 51 50 51 60 11 60 61 61 30 9 70 31 71 70 71 50 40 51 41 70 60 71 61</p>
                </lines>
            </mesh>
        </geometry>
        <geometry id="ID71">
            <mesh>
                <source id="ID72">
                    <float_array id="ID77" count="168">37.79528 37.79528 3.552714e-15 0 2.273737e-13 1.24345e-14 0 37.79528 1.065814e-14 37.79528 0 7.105427e-15 37.79528 0 7.105427e-15 37.79528 37.79528 3.552714e-15 0 2.273737e-13 1.24345e-14 0 37.79528 1.065814e-14 37.79528 0 7.105427e-15 0 2.273737e-13 1.24345e-14 0 37.79528 1.065814e-14 37.79528 37.79528 3.552714e-15 37.79528 0 29.92126 0 2.273737e-13 1.24345e-14 37.79528 0 7.105427e-15 4.547474e-13 0 29.92126 4.547474e-13 0 29.92126 37.79528 0 29.92126 0 2.273737e-13 1.24345e-14 37.79528 0 7.105427e-15 37.79528 0 29.92126 4.547474e-13 0 29.92126 4.547474e-13 37.79528 29.92126 0 2.273737e-13 1.24345e-14 4.547474e-13 0 29.92126 0 37.79528 1.065814e-14 0 37.79528 1.065814e-14 4.547474e-13 37.79528 29.92126 0 2.273737e-13 1.24345e-14 4.547474e-13 0 29.92126 4.547474e-13 37.79528 29.92126 0 37.79528 1.065814e-14 37.79528 37.79528 29.92126 37.79528 37.79528 3.552714e-15 4.547474e-13 37.79528 29.92126 4.547474e-13 37.79528 29.92126 0 37.79528 1.065814e-14 37.79528 37.79528 29.92126 37.79528 37.79528 3.552714e-15 37.79528 37.79528 29.92126 37.79528 37.79528 3.552714e-15 37.79528 0 29.92126 37.79528 0 7.105427e-15 37.79528 37.79528 29.92126 37.79528 37.79528 29.92126 37.79528 37.79528 3.552714e-15 37.79528 0 29.92126 37.79528 0 7.105427e-15 37.79528 0 29.92126 4.547474e-13 37.79528 29.92126 4.547474e-13 0 29.92126 37.79528 37.79528 29.92126 37.79528 37.79528 29.92126 37.79528 0 29.92126 4.547474e-13 37.79528 29.92126 4.547474e-13 0 29.92126</float_array>
                    <technique_common>
                        <accessor count="56" source="#ID77" stride="3">
                            <param name="X" type="float" />
                            <param name="Y" type="float" />
                            <param name="Z" type="float" />
                        </accessor>
                    </technique_common>
                </source>
                <source id="ID73">
                    <float_array id="ID78" count="168">-7.719519e-17 3.469447e-18 -1 -7.719519e-17 3.469447e-18 -1 -7.719519e-17 3.469447e-18 -1 -7.719519e-17 3.469447e-18 -1 7.719519e-17 -3.469447e-18 1 7.719519e-17 -3.469447e-18 1 7.719519e-17 -3.469447e-18 1 7.719519e-17 -3.469447e-18 1 0 0 0 0 0 0 0 0 0 0 0 0 -6.583899e-15 -1 -3.469447e-18 -6.583899e-15 -1 -3.469447e-18 -6.583899e-15 -1 -3.469447e-18 -6.583899e-15 -1 -3.469447e-18 6.583899e-15 1 3.469447e-18 6.583899e-15 1 3.469447e-18 6.583899e-15 1 3.469447e-18 6.583899e-15 1 3.469447e-18 0 0 0 0 0 0 -1 -3.752844e-15 7.979728e-17 -1 -3.752844e-15 7.979728e-17 -1 -3.752844e-15 7.979728e-17 -1 -3.752844e-15 7.979728e-17 1 3.752844e-15 -7.979728e-17 1 3.752844e-15 -7.979728e-17 1 3.752844e-15 -7.979728e-17 1 3.752844e-15 -7.979728e-17 0 0 0 3.197651e-15 1 3.469447e-18 3.197651e-15 1 3.469447e-18 3.197651e-15 1 3.469447e-18 3.197651e-15 1 3.469447e-18 -3.197651e-15 -1 -3.469447e-18 -3.197651e-15 -1 -3.469447e-18 -3.197651e-15 -1 -3.469447e-18 -3.197651e-15 -1 -3.469447e-18 0 0 0 1 -7.7999e-15 -8.066464e-17 1 -7.7999e-15 -8.066464e-17 1 -7.7999e-15 -8.066464e-17 1 -7.7999e-15 -8.066464e-17 -1 7.7999e-15 8.066464e-17 -1 7.7999e-15 8.066464e-17 -1 7.7999e-15 8.066464e-17 -1 7.7999e-15 8.066464e-17 7.719519e-17 -3.469447e-18 1 7.719519e-17 -3.469447e-18 1 7.719519e-17 -3.469447e-18 1 7.719519e-17 -3.469447e-18 1 -7.719519e-17 3.469447e-18 -1 -7.719519e-17 3.469447e-18 -1 -7.719519e-17 3.469447e-18 -1 -7.719519e-17 3.469447e-18 -1</float_array>
                    <technique_common>
                        <accessor count="56" source="#ID78" stride="3">
                            <param name="X" type="float" />
                            <param name="Y" type="float" />
                            <param name="Z" type="float" />
                        </accessor>
                    </technique_common>
                </source>
                <source id="ID74">
                    <Name_array id="ID80" count="0" />
                    <technique_common>
                        <accessor count="0" source="#ID80" stride="1">
                            <param name="skp_material" type="Name" />
                        </accessor>
                    </technique_common>
                </source>
                <source id="ID76">
                    <float_array id="ID79" count="48">-3.149606 3.821323 7.999029e-32 2.298881e-14 6.856311e-32 3.821323 -3.149606 3.515896e-33 3.149606 3.025214 -1.247504e-28 1.2572e-15 3.149606 7.184002e-16 3.789561e-14 3.025214 -3.149606 3.025214 -1.894781e-14 1.2572e-15 1.422163e-28 3.025214 -3.149606 1.0776e-15 1.007134e-14 1.064342e-15 -3.149606 3.025214 -3.149606 3.459422e-16 -2.782427e-14 3.025214 3.149606 6.674458e-16 2.456661e-14 3.025214 2.456661e-14 1.026646e-15 3.149606 3.025214 3.149606 1.049582e-17 3.770313e-14 3.821323 3.770313e-14 1.049582e-17 3.149606 3.821323</float_array>
                    <technique_common>
                        <accessor count="24" source="#ID79" stride="2">
                            <param name="S" type="float" />
                            <param name="T" type="float" />
                        </accessor>
                    </technique_common>
                </source>
                <vertices id="ID75">
                    <input semantic="POSITION" source="#ID72" />
                    <input semantic="NORMAL" source="#ID73" />
                </vertices>
                <triangles count="24" material="Material2">
                    <input offset="0" semantic="VERTEX" source="#ID75" />
                    <input offset="1" semantic="TEXCOORD" source="#ID76" />
                    <p>0 0 1 1 2 2 1 1 0 0 3 3 4 3 5 0 6 1 7 2 6 1 5 0 12 4 13 5 14 6 13 5 12 4 15 7 16 7 17 4 18 5 19 6 18 5 17 4 22 8 23 9 24 10 23 9 22 8 25 11 26 11 27 8 28 9 29 10 28 9 27 8 31 12 32 13 33 14 32 13 31 12 34 15 35 15 36 12 37 13 38 14 37 13 36 12 40 16 41 17 42 18 41 17 40 16 43 19 44 19 45 16 46 17 47 18 46 17 45 16 48 20 49 21 50 22 49 21 48 20 51 23 52 23 53 20 54 21 55 22 54 21 53 20</p>
                </triangles>
                <lines count="12" material="Material3">
                    <input offset="0" semantic="VERTEX" source="#ID75" />
                    <p>8 9 9 10 10 11 11 8 8 20 20 21 9 21 21 30 10 30 30 39 11 39 39 20</p>
                </lines>
            </mesh>
        </geometry>
        <geometry id="ID82">
            <mesh>
                <source id="ID83">
                    <float_array id="ID88" count="312">40.15748 48.0315 5.329071e-15 9.094947e-13 9.094947e-13 1.776357e-15 0 48.0315 5.329071e-15 40.15748 6.82121e-13 1.065814e-14 40.15748 6.82121e-13 1.065814e-14 40.15748 48.0315 5.329071e-15 9.094947e-13 9.094947e-13 1.776357e-15 0 48.0315 5.329071e-15 40.15748 6.82121e-13 1.065814e-14 9.094947e-13 9.094947e-13 1.776357e-15 0 48.0315 5.329071e-15 40.15748 48.0315 5.329071e-15 20.47244 1.136868e-12 0.3937008 19.68504 1.136868e-12 0.3937008 39.76378 4.547474e-13 0.3937008 40.15748 6.82121e-13 1.065814e-14 40.15748 1.364242e-12 4.330709 39.76378 1.591616e-12 3.543307 20.47244 2.273737e-13 3.543307 19.68504 2.273737e-13 3.543307 0.3937008 9.094947e-13 3.543307 9.094947e-13 1.591616e-12 4.330709 9.094947e-13 9.094947e-13 1.776357e-15 0.3937008 1.818989e-12 0.3937008 0.3937008 9.094947e-13 3.543307 0.3937008 1.818989e-12 0.3937008 9.094947e-13 1.591616e-12 4.330709 19.68504 1.136868e-12 0.3937008 40.15748 6.82121e-13 1.065814e-14 9.094947e-13 9.094947e-13 1.776357e-15 40.15748 1.364242e-12 4.330709 19.68504 2.273737e-13 3.543307 20.47244 2.273737e-13 3.543307 39.76378 1.591616e-12 3.543307 39.76378 4.547474e-13 0.3937008 20.47244 1.136868e-12 0.3937008 40.15748 1.364242e-12 4.330709 9.094947e-13 1.591616e-12 4.330709 39.76378 4.547474e-13 0.3937008 20.47244 1.136868e-12 0.3937008 19.68504 1.136868e-12 0.3937008 0.3937008 1.818989e-12 0.3937008 0.3937008 9.094947e-13 3.543307 19.68504 2.273737e-13 3.543307 20.47244 2.273737e-13 3.543307 39.76378 1.591616e-12 3.543307 9.094947e-13 1.591616e-12 4.330709 0 48.0315 5.329071e-15 9.094947e-13 9.094947e-13 1.776357e-15 1.364242e-12 48.0315 4.330709 1.364242e-12 48.0315 4.330709 9.094947e-13 1.591616e-12 4.330709 0 48.0315 5.329071e-15 9.094947e-13 9.094947e-13 1.776357e-15 1.364242e-12 48.0315 4.330709 19.68504 48.0315 0.3937008 20.47244 48.0315 3.543307 20.47244 48.0315 0.3937008 19.68504 48.0315 3.543307 0 48.0315 5.329071e-15 0.3937008 48.0315 0.3937008 40.15748 48.0315 5.329071e-15 1.364242e-12 48.0315 4.330709 0.3937008 48.0315 3.543307 40.15748 48.0315 4.330709 39.76378 48.0315 0.3937008 39.76378 48.0315 3.543307 19.68504 48.0315 3.543307 20.47244 48.0315 3.543307 40.15748 48.0315 4.330709 39.76378 48.0315 3.543307 39.76378 48.0315 0.3937008 20.47244 48.0315 0.3937008 40.15748 48.0315 5.329071e-15 1.364242e-12 48.0315 4.330709 0.3937008 48.0315 3.543307 0.3937008 48.0315 0.3937008 19.68504 48.0315 0.3937008 0 48.0315 5.329071e-15 40.15748 48.0315 4.330709 19.68504 48.0315 0.3937008 0.3937008 48.0315 0.3937008 19.68504 48.0315 3.543307 0.3937008 48.0315 3.543307 20.47244 48.0315 3.543307 39.76378 48.0315 3.543307 20.47244 48.0315 0.3937008 39.76378 48.0315 0.3937008 40.15748 48.0315 5.329071e-15 40.15748 1.364242e-12 4.330709 40.15748 6.82121e-13 1.065814e-14 40.15748 48.0315 4.330709 40.15748 48.0315 4.330709 40.15748 48.0315 5.329071e-15 40.15748 1.364242e-12 4.330709 40.15748 6.82121e-13 1.065814e-14 40.15748 1.364242e-12 4.330709 1.364242e-12 48.0315 4.330709 9.094947e-13 1.591616e-12 4.330709 40.15748 48.0315 4.330709 40.15748 48.0315 4.330709 40.15748 1.364242e-12 4.330709 1.364242e-12 48.0315 4.330709 9.094947e-13 1.591616e-12 4.330709</float_array>
                    <technique_common>
                        <accessor count="104" source="#ID88" stride="3">
                            <param name="X" type="float" />
                            <param name="Y" type="float" />
                            <param name="Z" type="float" />
                        </accessor>
                    </technique_common>
                </source>
                <source id="ID84">
                    <float_array id="ID89" count="312">1.162265e-16 4.163336e-17 -1 1.162265e-16 4.163336e-17 -1 1.162265e-16 4.163336e-17 -1 1.162265e-16 4.163336e-17 -1 -1.162265e-16 -4.163336e-17 1 -1.162265e-16 -4.163336e-17 1 -1.162265e-16 -4.163336e-17 1 -1.162265e-16 -4.163336e-17 1 0 0 0 0 0 0 0 0 0 0 0 0 -3.419926e-15 -1 -4.857226e-17 -3.419926e-15 -1 -4.857226e-17 -3.419926e-15 -1 -4.857226e-17 -3.419926e-15 -1 -4.857226e-17 -3.419926e-15 -1 -4.857226e-17 -3.419926e-15 -1 -4.857226e-17 -3.419926e-15 -1 -4.857226e-17 -3.419926e-15 -1 -4.857226e-17 -3.419926e-15 -1 -4.857226e-17 -3.419926e-15 -1 -4.857226e-17 -3.419926e-15 -1 -4.857226e-17 -3.419926e-15 -1 -4.857226e-17 3.419926e-15 1 4.857226e-17 3.419926e-15 1 4.857226e-17 3.419926e-15 1 4.857226e-17 3.419926e-15 1 4.857226e-17 3.419926e-15 1 4.857226e-17 3.419926e-15 1 4.857226e-17 3.419926e-15 1 4.857226e-17 3.419926e-15 1 4.857226e-17 3.419926e-15 1 4.857226e-17 3.419926e-15 1 4.857226e-17 3.419926e-15 1 4.857226e-17 3.419926e-15 1 4.857226e-17 0 0 0 0 0 0 0 0 0 0 0 0 0 0 0 0 0 0 0 0 0 0 0 0 0 0 0 0 0 0 -1 2.796591e-15 -1.110223e-16 -1 2.796591e-15 -1.110223e-16 -1 2.796591e-15 -1.110223e-16 -1 2.796591e-15 -1.110223e-16 1 -2.796591e-15 1.110223e-16 1 -2.796591e-15 1.110223e-16 1 -2.796591e-15 1.110223e-16 1 -2.796591e-15 1.110223e-16 0 0 0 8.910787e-17 1 3.816392e-17 8.910787e-17 1 3.816392e-17 8.910787e-17 1 3.816392e-17 8.910787e-17 1 3.816392e-17 8.910787e-17 1 3.816392e-17 8.910787e-17 1 3.816392e-17 8.910787e-17 1 3.816392e-17 8.910787e-17 1 3.816392e-17 8.910787e-17 1 3.816392e-17 8.910787e-17 1 3.816392e-17 8.910787e-17 1 3.816392e-17 8.910787e-17 1 3.816392e-17 -8.910787e-17 -1 -3.816392e-17 -8.910787e-17 -1 -3.816392e-17 -8.910787e-17 -1 -3.816392e-17 -8.910787e-17 -1 -3.816392e-17 -8.910787e-17 -1 -3.816392e-17 -8.910787e-17 -1 -3.816392e-17 -8.910787e-17 -1 -3.816392e-17 -8.910787e-17 -1 -3.816392e-17 -8.910787e-17 -1 -3.816392e-17 -8.910787e-17 -1 -3.816392e-17 -8.910787e-17 -1 -3.816392e-17 -8.910787e-17 -1 -3.816392e-17 0 0 0 0 0 0 0 0 0 0 0 0 0 0 0 0 0 0 0 0 0 0 0 0 0 0 0 1 -1.201648e-14 1.144917e-16 1 -1.201648e-14 1.144917e-16 1 -1.201648e-14 1.144917e-16 1 -1.201648e-14 1.144917e-16 -1 1.201648e-14 -1.144917e-16 -1 1.201648e-14 -1.144917e-16 -1 1.201648e-14 -1.144917e-16 -1 1.201648e-14 -1.144917e-16 -1.162265e-16 -4.163336e-17 1 -1.162265e-16 -4.163336e-17 1 -1.162265e-16 -4.163336e-17 1 -1.162265e-16 -4.163336e-17 1 1.162265e-16 4.163336e-17 -1 1.162265e-16 4.163336e-17 -1 1.162265e-16 4.163336e-17 -1 1.162265e-16 4.163336e-17 -1</float_array>
                    <technique_common>
                        <accessor count="104" source="#ID89" stride="3">
                            <param name="X" type="float" />
                            <param name="Y" type="float" />
                            <param name="Z" type="float" />
                        </accessor>
                    </technique_common>
                </source>
                <source id="ID85">
                    <Name_array id="ID91" count="0" />
                    <technique_common>
                        <accessor count="0" source="#ID91" stride="1">
                            <param name="skp_material" type="Name" />
                        </accessor>
                    </technique_common>
                </source>
                <source id="ID87">
                    <float_array id="ID90" count="78">-4.015748 4.80315 -9.094947e-14 9.094947e-14 -6.193791e-32 4.80315 -4.015748 6.82121e-14 2.047244 0.03937008 1.968504 0.03937008 3.976378 0.03937008 4.015748 1.065814e-15 4.015748 0.4330709 3.976378 0.3543307 2.047244 0.3543307 1.968504 0.3543307 0.03937008 0.3543307 9.094947e-14 0.4330709 9.094947e-14 1.776357e-16 0.03937008 0.03937008 -1.591616e-13 0.4330709 -4.80315 5.329071e-16 -9.094947e-14 1.776357e-16 -4.80315 0.4330709 -1.968504 0.03937008 -2.047244 0.3543307 -2.047244 0.03937008 -1.968504 0.3543307 4.279984e-16 3.496001e-16 -0.03937008 0.03937008 -4.015748 3.496001e-16 -1.359962e-13 0.4330709 -0.03937008 0.3543307 -4.015748 0.4330709 -3.976378 0.03937008 -3.976378 0.3543307 4.80315 7.313703e-17 1.846794e-13 0.4330709 1.164673e-13 6.060441e-16 4.80315 0.4330709 1.364745e-13 4.80315 9.09998e-14 1.591796e-13 4.015748 4.80315</float_array>
                    <technique_common>
                        <accessor count="39" source="#ID90" stride="2">
                            <param name="S" type="float" />
                            <param name="T" type="float" />
                        </accessor>
                    </technique_common>
                </source>
                <vertices id="ID86">
                    <input semantic="POSITION" source="#ID83" />
                    <input semantic="NORMAL" source="#ID84" />
                </vertices>
                <triangles count="68" material="Material2">
                    <input offset="0" semantic="VERTEX" source="#ID86" />
                    <input offset="1" semantic="TEXCOORD" source="#ID87" />
                    <p>0 0 1 1 2 2 1 1 0 0 3 3 4 3 5 0 6 1 7 2 6 1 5 0 12 4 13 5 14 6 15 7 14 6 13 5 14 6 15 7 16 8 14 6 16 8 17 9 17 9 16 8 18 10 18 10 16 8 19 11 19 11 16 8 20 12 20 12 16 8 21 13 22 14 23 15 21 13 23 15 22 14 15 7 23 15 15 7 13 5 21 13 23 15 20 12 24 12 25 15 26 13 27 5 28 7 25 15 28 7 29 14 25 15 26 13 25 15 29 14 26 13 30 8 24 12 24 12 30 8 31 11 31 11 30 8 32 10 32 10 30 8 33 9 33 9 30 8 34 6 30 8 28 7 34 6 27 5 34 6 28 7 34 6 27 5 35 4 46 16 47 17 48 18 47 17 46 16 49 19 50 19 51 16 52 17 53 18 52 17 51 16 55 20 56 21 57 22 56 21 55 20 58 23 59 24 60 25 61 26 60 25 59 24 62 27 61 26 60 25 57 22 57 22 60 25 55 20 60 25 62 27 63 28 63 28 62 27 58 23 58 23 62 27 64 29 61 26 65 30 64 29 65 30 61 26 57 22 64 29 65 30 66 31 64 29 66 31 56 21 64 29 56 21 58 23 67 23 68 21 69 29 68 21 70 31 69 29 70 31 71 30 69 29 72 22 73 26 71 30 69 29 71 30 73 26 69 29 74 27 67 23 67 23 74 27 75 28 75 28 74 27 76 25 77 20 76 25 72 22 72 22 76 25 73 26 74 27 78 24 76 25 73 26 76 25 78 24 67 23 77 20 68 21 72 22 68 21 77 20 88 32 89 33 90 34 89 33 88 32 91 35 92 35 93 32 94 33 95 34 94 33 93 32 96 7 97 36 98 37 97 36 96 7 99 38 100 38 101 7 102 36 103 37 102 36 101 7</p>
                </triangles>
                <lines count="28" material="Material3">
                    <input offset="0" semantic="VERTEX" source="#ID86" />
                    <p>8 9 9 10 10 11 11 8 8 36 36 37 9 37 38 39 39 40 40 41 41 42 42 43 43 44 44 45 45 38 37 54 10 54 54 79 11 79 80 81 82 80 83 82 81 83 84 85 84 86 87 86 85 87 79 36</p>
                </lines>
            </mesh>
        </geometry>
        <geometry id="ID92">
            <mesh>
                <source id="ID93">
                    <float_array id="ID98" count="264">20.47244 1.136868e-12 0.3937008 19.68504 2.273737e-13 3.543307 19.68504 1.136868e-12 0.3937008 20.47244 2.273737e-13 3.543307 20.47244 2.273737e-13 3.543307 20.47244 1.136868e-12 0.3937008 19.68504 2.273737e-13 3.543307 19.68504 1.136868e-12 0.3937008 19.68504 2.273737e-13 3.543307 20.47244 2.273737e-13 3.543307 19.68504 1.136868e-12 0.3937008 20.47244 1.136868e-12 0.3937008 19.68504 48.0315 3.543307 19.68504 1.136868e-12 0.3937008 19.68504 2.273737e-13 3.543307 19.68504 48.0315 0.3937008 19.68504 48.0315 0.3937008 19.68504 48.0315 3.543307 19.68504 1.136868e-12 0.3937008 19.68504 2.273737e-13 3.543307 19.68504 48.0315 3.543307 19.68504 48.0315 0.3937008 20.47244 1.136868e-12 0.3937008 20.47244 48.0315 3.543307 20.47244 2.273737e-13 3.543307 20.47244 48.0315 0.3937008 20.47244 48.0315 0.3937008 20.47244 1.136868e-12 0.3937008 20.47244 48.0315 3.543307 20.47244 2.273737e-13 3.543307 20.47244 48.0315 0.3937008 20.47244 48.0315 3.543307 0.3937008 48.0315 3.543307 19.68504 2.273737e-13 3.543307 0.3937008 9.094947e-13 3.543307 19.68504 48.0315 3.543307 19.68504 48.0315 3.543307 0.3937008 48.0315 3.543307 19.68504 2.273737e-13 3.543307 0.3937008 9.094947e-13 3.543307 0.3937008 9.094947e-13 3.543307 0.3937008 48.0315 3.543307 19.68504 1.136868e-12 0.3937008 0.3937008 48.0315 0.3937008 0.3937008 1.818989e-12 0.3937008 19.68504 48.0315 0.3937008 19.68504 48.0315 0.3937008 19.68504 1.136868e-12 0.3937008 0.3937008 48.0315 0.3937008 0.3937008 1.818989e-12 0.3937008 0.3937008 1.818989e-12 0.3937008 0.3937008 48.0315 0.3937008 39.76378 4.547474e-13 0.3937008 20.47244 48.0315 0.3937008 20.47244 1.136868e-12 0.3937008 39.76378 48.0315 0.3937008 39.76378 48.0315 0.3937008 39.76378 4.547474e-13 0.3937008 20.47244 48.0315 0.3937008 20.47244 1.136868e-12 0.3937008 39.76378 4.547474e-13 0.3937008 39.76378 48.0315 0.3937008 39.76378 48.0315 3.543307 20.47244 2.273737e-13 3.543307 20.47244 48.0315 3.543307 39.76378 1.591616e-12 3.543307 39.76378 1.591616e-12 3.543307 39.76378 48.0315 3.543307 20.47244 2.273737e-13 3.543307 20.47244 48.0315 3.543307 39.76378 1.591616e-12 3.543307 39.76378 48.0315 3.543307 0.3937008 1.818989e-12 0.3937008 0.3937008 48.0315 3.543307 0.3937008 9.094947e-13 3.543307 0.3937008 48.0315 0.3937008 0.3937008 48.0315 0.3937008 0.3937008 1.818989e-12 0.3937008 0.3937008 48.0315 3.543307 0.3937008 9.094947e-13 3.543307 39.76378 1.591616e-12 3.543307 39.76378 48.0315 0.3937008 39.76378 4.547474e-13 0.3937008 39.76378 48.0315 3.543307 39.76378 48.0315 3.543307 39.76378 1.591616e-12 3.543307 39.76378 48.0315 0.3937008 39.76378 4.547474e-13 0.3937008</float_array>
                    <technique_common>
                        <accessor count="88" source="#ID98" stride="3">
                            <param name="X" type="float" />
                            <param name="Y" type="float" />
                            <param name="Z" type="float" />
                        </accessor>
                    </technique_common>
                </source>
                <source id="ID94">
                    <float_array id="ID99" count="264">2.513186e-13 -1 2.069178e-14 2.513186e-13 -1 2.069178e-14 2.513186e-13 -1 2.069178e-14 2.513186e-13 -1 2.069178e-14 -2.513186e-13 1 -2.069178e-14 -2.513186e-13 1 -2.069178e-14 -2.513186e-13 1 -2.069178e-14 -2.513186e-13 1 -2.069178e-14 0 0 0 0 0 0 0 0 0 0 0 0 -1 2.381374e-14 8.080515e-14 -1 2.381374e-14 8.080515e-14 -1 2.381374e-14 8.080515e-14 -1 2.381374e-14 8.080515e-14 1 -2.381374e-14 -8.080515e-14 1 -2.381374e-14 -8.080515e-14 1 -2.381374e-14 -8.080515e-14 1 -2.381374e-14 -8.080515e-14 0 0 0 0 0 0 1 -3.748493e-16 -8.079995e-14 1 -3.748493e-16 -8.079995e-14 1 -3.748493e-16 -8.079995e-14 1 -3.748493e-16 -8.079995e-14 -1 3.748493e-16 8.079995e-14 -1 3.748493e-16 8.079995e-14 -1 3.748493e-16 8.079995e-14 -1 3.748493e-16 8.079995e-14 0 0 0 0 0 0 -2.255141e-17 2.049749e-14 -1 -2.255141e-17 2.049749e-14 -1 -2.255141e-17 2.049749e-14 -1 -2.255141e-17 2.049749e-14 -1 2.255141e-17 -2.049749e-14 1 2.255141e-17 -2.049749e-14 1 2.255141e-17 -2.049749e-14 1 2.255141e-17 -2.049749e-14 1 0 0 0 0 0 0 1.656661e-16 -2.050096e-14 1 1.656661e-16 -2.050096e-14 1 1.656661e-16 -2.050096e-14 1 1.656661e-16 -2.050096e-14 1 -1.656661e-16 2.050096e-14 -1 -1.656661e-16 2.050096e-14 -1 -1.656661e-16 2.050096e-14 -1 -1.656661e-16 2.050096e-14 -1 0 0 0 0 0 0 -3.469447e-17 4.126213e-14 1 -3.469447e-17 4.126213e-14 1 -3.469447e-17 4.126213e-14 1 -3.469447e-17 4.126213e-14 1 3.469447e-17 -4.126213e-14 -1 3.469447e-17 -4.126213e-14 -1 3.469447e-17 -4.126213e-14 -1 3.469447e-17 -4.126213e-14 -1 0 0 0 0 0 0 2.220446e-16 -4.127254e-14 -1 2.220446e-16 -4.127254e-14 -1 2.220446e-16 -4.127254e-14 -1 2.220446e-16 -4.127254e-14 -1 -2.220446e-16 4.127254e-14 1 -2.220446e-16 4.127254e-14 1 -2.220446e-16 4.127254e-14 1 -2.220446e-16 4.127254e-14 1 0 0 0 0 0 0 1 -2.366653e-14 1.959327e-13 1 -2.366653e-14 1.959327e-13 1 -2.366653e-14 1.959327e-13 1 -2.366653e-14 1.959327e-13 -1 2.366653e-14 -1.959327e-13 -1 2.366653e-14 -1.959327e-13 -1 2.366653e-14 -1.959327e-13 -1 2.366653e-14 -1.959327e-13 -1 1.986123e-16 2.191719e-13 -1 1.986123e-16 2.191719e-13 -1 1.986123e-16 2.191719e-13 -1 1.986123e-16 2.191719e-13 1 -1.986123e-16 -2.191719e-13 1 -1.986123e-16 -2.191719e-13 1 -1.986123e-16 -2.191719e-13 1 -1.986123e-16 -2.191719e-13</float_array>
                    <technique_common>
                        <accessor count="88" source="#ID99" stride="3">
                            <param name="X" type="float" />
                            <param name="Y" type="float" />
                            <param name="Z" type="float" />
                        </accessor>
                    </technique_common>
                </source>
                <source id="ID95">
                    <Name_array id="ID101" count="0" />
                    <technique_common>
                        <accessor count="0" source="#ID101" stride="1">
                            <param name="skp_material" type="Name" />
                        </accessor>
                    </technique_common>
                </source>
                <source id="ID97">
                    <float_array id="ID100" count="72">2.047244 0.03937008 1.968504 0.3543307 1.968504 0.03937008 2.047244 0.3543307 -4.80315 0.3543307 -1.605643e-13 0.03937008 -6.961481e-14 0.3543307 -4.80315 0.03937008 1.144542e-13 0.03937008 4.80315 0.3543307 2.350478e-14 0.3543307 4.80315 0.03937008 -0.03937008 4.80315 -1.968504 3.000026e-14 -0.03937008 9.821236e-14 -1.968504 4.80315 1.968504 1.14494e-13 0.03937008 4.80315 0.03937008 1.827061e-13 1.968504 4.80315 3.976378 4.385024e-14 2.047244 4.80315 2.047244 1.120623e-13 3.976378 4.80315 -3.976378 4.80315 -2.047244 8.113239e-15 -2.047244 4.80315 -3.976378 1.445374e-13 1.828307e-13 0.03937008 4.80315 0.3543307 9.188122e-14 0.3543307 4.80315 0.03937008 -1.599513e-13 0.3543307 -4.80315 0.03937008 -4.626449e-14 0.03937008 -4.80315 0.3543307</float_array>
                    <technique_common>
                        <accessor count="36" source="#ID100" stride="2">
                            <param name="S" type="float" />
                            <param name="T" type="float" />
                        </accessor>
                    </technique_common>
                </source>
                <vertices id="ID96">
                    <input semantic="POSITION" source="#ID93" />
                    <input semantic="NORMAL" source="#ID94" />
                </vertices>
                <triangles count="36" material="Material2">
                    <input offset="0" semantic="VERTEX" source="#ID96" />
                    <input offset="1" semantic="TEXCOORD" source="#ID97" />
                    <p>0 0 1 1 2 2 1 1 0 0 3 3 4 3 5 0 6 1 7 2 6 1 5 0 12 4 13 5 14 6 13 5 12 4 15 7 16 7 17 4 18 5 19 6 18 5 17 4 22 8 23 9 24 10 23 9 22 8 25 11 26 11 27 8 28 9 29 10 28 9 27 8 32 12 33 13 34 14 33 13 32 12 35 15 36 15 37 12 38 13 39 14 38 13 37 12 42 16 43 17 44 18 43 17 42 16 45 19 46 19 47 16 48 17 49 18 48 17 47 16 52 20 53 21 54 22 53 21 52 20 55 23 56 23 57 20 58 21 59 22 58 21 57 20 62 24 63 25 64 26 63 25 62 24 65 27 66 27 67 24 68 25 69 26 68 25 67 24 72 28 73 29 74 30 73 29 72 28 75 31 76 31 77 28 78 29 79 30 78 29 77 28 80 32 81 33 82 34 81 33 80 32 83 35 84 35 85 32 86 33 87 34 86 33 85 32</p>
                </triangles>
                <lines count="26" material="Material3">
                    <input offset="0" semantic="VERTEX" source="#ID96" />
                    <p>8 9 8 10 11 10 9 11 8 20 20 21 10 21 11 30 31 30 9 31 40 8 40 41 41 20 10 50 21 51 50 51 60 11 60 61 61 30 9 70 31 71 70 71 50 40 51 41 70 60 71 61</p>
                </lines>
            </mesh>
        </geometry>
        <geometry id="ID103">
            <mesh>
                <source id="ID104">
                    <float_array id="ID109" count="168">37.79528 37.79528 3.552714e-15 0 2.273737e-13 1.24345e-14 0 37.79528 1.065814e-14 37.79528 0 7.105427e-15 37.79528 0 7.105427e-15 37.79528 37.79528 3.552714e-15 0 2.273737e-13 1.24345e-14 0 37.79528 1.065814e-14 37.79528 0 7.105427e-15 0 2.273737e-13 1.24345e-14 0 37.79528 1.065814e-14 37.79528 37.79528 3.552714e-15 37.79528 0 29.92126 0 2.273737e-13 1.24345e-14 37.79528 0 7.105427e-15 4.547474e-13 0 29.92126 4.547474e-13 0 29.92126 37.79528 0 29.92126 0 2.273737e-13 1.24345e-14 37.79528 0 7.105427e-15 37.79528 0 29.92126 4.547474e-13 0 29.92126 4.547474e-13 37.79528 29.92126 0 2.273737e-13 1.24345e-14 4.547474e-13 0 29.92126 0 37.79528 1.065814e-14 0 37.79528 1.065814e-14 4.547474e-13 37.79528 29.92126 0 2.273737e-13 1.24345e-14 4.547474e-13 0 29.92126 4.547474e-13 37.79528 29.92126 0 37.79528 1.065814e-14 37.79528 37.79528 29.92126 37.79528 37.79528 3.552714e-15 4.547474e-13 37.79528 29.92126 4.547474e-13 37.79528 29.92126 0 37.79528 1.065814e-14 37.79528 37.79528 29.92126 37.79528 37.79528 3.552714e-15 37.79528 37.79528 29.92126 37.79528 37.79528 3.552714e-15 37.79528 0 29.92126 37.79528 0 7.105427e-15 37.79528 37.79528 29.92126 37.79528 37.79528 29.92126 37.79528 37.79528 3.552714e-15 37.79528 0 29.92126 37.79528 0 7.105427e-15 37.79528 0 29.92126 4.547474e-13 37.79528 29.92126 4.547474e-13 0 29.92126 37.79528 37.79528 29.92126 37.79528 37.79528 29.92126 37.79528 0 29.92126 4.547474e-13 37.79528 29.92126 4.547474e-13 0 29.92126</float_array>
                    <technique_common>
                        <accessor count="56" source="#ID109" stride="3">
                            <param name="X" type="float" />
                            <param name="Y" type="float" />
                            <param name="Z" type="float" />
                        </accessor>
                    </technique_common>
                </source>
                <source id="ID105">
                    <float_array id="ID110" count="168">-7.719519e-17 3.469447e-18 -1 -7.719519e-17 3.469447e-18 -1 -7.719519e-17 3.469447e-18 -1 -7.719519e-17 3.469447e-18 -1 7.719519e-17 -3.469447e-18 1 7.719519e-17 -3.469447e-18 1 7.719519e-17 -3.469447e-18 1 7.719519e-17 -3.469447e-18 1 0 0 0 0 0 0 0 0 0 0 0 0 -6.583899e-15 -1 -3.469447e-18 -6.583899e-15 -1 -3.469447e-18 -6.583899e-15 -1 -3.469447e-18 -6.583899e-15 -1 -3.469447e-18 6.583899e-15 1 3.469447e-18 6.583899e-15 1 3.469447e-18 6.583899e-15 1 3.469447e-18 6.583899e-15 1 3.469447e-18 0 0 0 0 0 0 -1 -3.752844e-15 7.979728e-17 -1 -3.752844e-15 7.979728e-17 -1 -3.752844e-15 7.979728e-17 -1 -3.752844e-15 7.979728e-17 1 3.752844e-15 -7.979728e-17 1 3.752844e-15 -7.979728e-17 1 3.752844e-15 -7.979728e-17 1 3.752844e-15 -7.979728e-17 0 0 0 3.197651e-15 1 3.469447e-18 3.197651e-15 1 3.469447e-18 3.197651e-15 1 3.469447e-18 3.197651e-15 1 3.469447e-18 -3.197651e-15 -1 -3.469447e-18 -3.197651e-15 -1 -3.469447e-18 -3.197651e-15 -1 -3.469447e-18 -3.197651e-15 -1 -3.469447e-18 0 0 0 1 -7.7999e-15 -8.066464e-17 1 -7.7999e-15 -8.066464e-17 1 -7.7999e-15 -8.066464e-17 1 -7.7999e-15 -8.066464e-17 -1 7.7999e-15 8.066464e-17 -1 7.7999e-15 8.066464e-17 -1 7.7999e-15 8.066464e-17 -1 7.7999e-15 8.066464e-17 7.719519e-17 -3.469447e-18 1 7.719519e-17 -3.469447e-18 1 7.719519e-17 -3.469447e-18 1 7.719519e-17 -3.469447e-18 1 -7.719519e-17 3.469447e-18 -1 -7.719519e-17 3.469447e-18 -1 -7.719519e-17 3.469447e-18 -1 -7.719519e-17 3.469447e-18 -1</float_array>
                    <technique_common>
                        <accessor count="56" source="#ID110" stride="3">
                            <param name="X" type="float" />
                            <param name="Y" type="float" />
                            <param name="Z" type="float" />
                        </accessor>
                    </technique_common>
                </source>
                <source id="ID106">
                    <Name_array id="ID112" count="0" />
                    <technique_common>
                        <accessor count="0" source="#ID112" stride="1">
                            <param name="skp_material" type="Name" />
                        </accessor>
                    </technique_common>
                </source>
                <source id="ID108">
                    <float_array id="ID111" count="48">-3.149606 3.821323 7.999029e-32 2.298881e-14 6.856311e-32 3.821323 -3.149606 3.515896e-33 3.149606 3.025214 -1.247504e-28 1.2572e-15 3.149606 7.184002e-16 3.789561e-14 3.025214 -3.149606 3.025214 -1.894781e-14 1.2572e-15 1.422163e-28 3.025214 -3.149606 1.0776e-15 1.007134e-14 1.064342e-15 -3.149606 3.025214 -3.149606 3.459422e-16 -2.782427e-14 3.025214 3.149606 6.674458e-16 2.456661e-14 3.025214 2.456661e-14 1.026646e-15 3.149606 3.025214 3.149606 1.049582e-17 3.770313e-14 3.821323 3.770313e-14 1.049582e-17 3.149606 3.821323</float_array>
                    <technique_common>
                        <accessor count="24" source="#ID111" stride="2">
                            <param name="S" type="float" />
                            <param name="T" type="float" />
                        </accessor>
                    </technique_common>
                </source>
                <vertices id="ID107">
                    <input semantic="POSITION" source="#ID104" />
                    <input semantic="NORMAL" source="#ID105" />
                </vertices>
                <triangles count="24" material="Material2">
                    <input offset="0" semantic="VERTEX" source="#ID107" />
                    <input offset="1" semantic="TEXCOORD" source="#ID108" />
                    <p>0 0 1 1 2 2 1 1 0 0 3 3 4 3 5 0 6 1 7 2 6 1 5 0 12 4 13 5 14 6 13 5 12 4 15 7 16 7 17 4 18 5 19 6 18 5 17 4 22 8 23 9 24 10 23 9 22 8 25 11 26 11 27 8 28 9 29 10 28 9 27 8 31 12 32 13 33 14 32 13 31 12 34 15 35 15 36 12 37 13 38 14 37 13 36 12 40 16 41 17 42 18 41 17 40 16 43 19 44 19 45 16 46 17 47 18 46 17 45 16 48 20 49 21 50 22 49 21 48 20 51 23 52 23 53 20 54 21 55 22 54 21 53 20</p>
                </triangles>
                <lines count="12" material="Material3">
                    <input offset="0" semantic="VERTEX" source="#ID107" />
                    <p>8 9 9 10 10 11 11 8 8 20 20 21 9 21 21 30 10 30 30 39 11 39 39 20</p>
                </lines>
            </mesh>
        </geometry>
        <geometry id="ID114">
            <mesh>
                <source id="ID115">
                    <float_array id="ID120" count="312">40.15748 48.0315 5.329071e-15 9.094947e-13 9.094947e-13 1.776357e-15 0 48.0315 5.329071e-15 40.15748 6.82121e-13 1.065814e-14 40.15748 6.82121e-13 1.065814e-14 40.15748 48.0315 5.329071e-15 9.094947e-13 9.094947e-13 1.776357e-15 0 48.0315 5.329071e-15 40.15748 6.82121e-13 1.065814e-14 9.094947e-13 9.094947e-13 1.776357e-15 0 48.0315 5.329071e-15 40.15748 48.0315 5.329071e-15 20.47244 1.136868e-12 0.3937008 19.68504 1.136868e-12 0.3937008 39.76378 4.547474e-13 0.3937008 40.15748 6.82121e-13 1.065814e-14 40.15748 1.364242e-12 4.330709 39.76378 1.591616e-12 3.543307 20.47244 2.273737e-13 3.543307 19.68504 2.273737e-13 3.543307 0.3937008 9.094947e-13 3.543307 9.094947e-13 1.591616e-12 4.330709 9.094947e-13 9.094947e-13 1.776357e-15 0.3937008 1.818989e-12 0.3937008 0.3937008 9.094947e-13 3.543307 0.3937008 1.818989e-12 0.3937008 9.094947e-13 1.591616e-12 4.330709 19.68504 1.136868e-12 0.3937008 40.15748 6.82121e-13 1.065814e-14 9.094947e-13 9.094947e-13 1.776357e-15 40.15748 1.364242e-12 4.330709 19.68504 2.273737e-13 3.543307 20.47244 2.273737e-13 3.543307 39.76378 1.591616e-12 3.543307 39.76378 4.547474e-13 0.3937008 20.47244 1.136868e-12 0.3937008 40.15748 1.364242e-12 4.330709 9.094947e-13 1.591616e-12 4.330709 39.76378 4.547474e-13 0.3937008 20.47244 1.136868e-12 0.3937008 19.68504 1.136868e-12 0.3937008 0.3937008 1.818989e-12 0.3937008 0.3937008 9.094947e-13 3.543307 19.68504 2.273737e-13 3.543307 20.47244 2.273737e-13 3.543307 39.76378 1.591616e-12 3.543307 9.094947e-13 1.591616e-12 4.330709 0 48.0315 5.329071e-15 9.094947e-13 9.094947e-13 1.776357e-15 1.364242e-12 48.0315 4.330709 1.364242e-12 48.0315 4.330709 9.094947e-13 1.591616e-12 4.330709 0 48.0315 5.329071e-15 9.094947e-13 9.094947e-13 1.776357e-15 1.364242e-12 48.0315 4.330709 19.68504 48.0315 0.3937008 20.47244 48.0315 3.543307 20.47244 48.0315 0.3937008 19.68504 48.0315 3.543307 0 48.0315 5.329071e-15 0.3937008 48.0315 0.3937008 40.15748 48.0315 5.329071e-15 1.364242e-12 48.0315 4.330709 0.3937008 48.0315 3.543307 40.15748 48.0315 4.330709 39.76378 48.0315 0.3937008 39.76378 48.0315 3.543307 19.68504 48.0315 3.543307 20.47244 48.0315 3.543307 40.15748 48.0315 4.330709 39.76378 48.0315 3.543307 39.76378 48.0315 0.3937008 20.47244 48.0315 0.3937008 40.15748 48.0315 5.329071e-15 1.364242e-12 48.0315 4.330709 0.3937008 48.0315 3.543307 0.3937008 48.0315 0.3937008 19.68504 48.0315 0.3937008 0 48.0315 5.329071e-15 40.15748 48.0315 4.330709 19.68504 48.0315 0.3937008 0.3937008 48.0315 0.3937008 19.68504 48.0315 3.543307 0.3937008 48.0315 3.543307 20.47244 48.0315 3.543307 39.76378 48.0315 3.543307 20.47244 48.0315 0.3937008 39.76378 48.0315 0.3937008 40.15748 48.0315 5.329071e-15 40.15748 1.364242e-12 4.330709 40.15748 6.82121e-13 1.065814e-14 40.15748 48.0315 4.330709 40.15748 48.0315 4.330709 40.15748 48.0315 5.329071e-15 40.15748 1.364242e-12 4.330709 40.15748 6.82121e-13 1.065814e-14 40.15748 1.364242e-12 4.330709 1.364242e-12 48.0315 4.330709 9.094947e-13 1.591616e-12 4.330709 40.15748 48.0315 4.330709 40.15748 48.0315 4.330709 40.15748 1.364242e-12 4.330709 1.364242e-12 48.0315 4.330709 9.094947e-13 1.591616e-12 4.330709</float_array>
                    <technique_common>
                        <accessor count="104" source="#ID120" stride="3">
                            <param name="X" type="float" />
                            <param name="Y" type="float" />
                            <param name="Z" type="float" />
                        </accessor>
                    </technique_common>
                </source>
                <source id="ID116">
                    <float_array id="ID121" count="312">1.162265e-16 4.163336e-17 -1 1.162265e-16 4.163336e-17 -1 1.162265e-16 4.163336e-17 -1 1.162265e-16 4.163336e-17 -1 -1.162265e-16 -4.163336e-17 1 -1.162265e-16 -4.163336e-17 1 -1.162265e-16 -4.163336e-17 1 -1.162265e-16 -4.163336e-17 1 0 0 0 0 0 0 0 0 0 0 0 0 -3.419926e-15 -1 -4.857226e-17 -3.419926e-15 -1 -4.857226e-17 -3.419926e-15 -1 -4.857226e-17 -3.419926e-15 -1 -4.857226e-17 -3.419926e-15 -1 -4.857226e-17 -3.419926e-15 -1 -4.857226e-17 -3.419926e-15 -1 -4.857226e-17 -3.419926e-15 -1 -4.857226e-17 -3.419926e-15 -1 -4.857226e-17 -3.419926e-15 -1 -4.857226e-17 -3.419926e-15 -1 -4.857226e-17 -3.419926e-15 -1 -4.857226e-17 3.419926e-15 1 4.857226e-17 3.419926e-15 1 4.857226e-17 3.419926e-15 1 4.857226e-17 3.419926e-15 1 4.857226e-17 3.419926e-15 1 4.857226e-17 3.419926e-15 1 4.857226e-17 3.419926e-15 1 4.857226e-17 3.419926e-15 1 4.857226e-17 3.419926e-15 1 4.857226e-17 3.419926e-15 1 4.857226e-17 3.419926e-15 1 4.857226e-17 3.419926e-15 1 4.857226e-17 0 0 0 0 0 0 0 0 0 0 0 0 0 0 0 0 0 0 0 0 0 0 0 0 0 0 0 0 0 0 -1 2.796591e-15 -1.110223e-16 -1 2.796591e-15 -1.110223e-16 -1 2.796591e-15 -1.110223e-16 -1 2.796591e-15 -1.110223e-16 1 -2.796591e-15 1.110223e-16 1 -2.796591e-15 1.110223e-16 1 -2.796591e-15 1.110223e-16 1 -2.796591e-15 1.110223e-16 0 0 0 8.910787e-17 1 3.816392e-17 8.910787e-17 1 3.816392e-17 8.910787e-17 1 3.816392e-17 8.910787e-17 1 3.816392e-17 8.910787e-17 1 3.816392e-17 8.910787e-17 1 3.816392e-17 8.910787e-17 1 3.816392e-17 8.910787e-17 1 3.816392e-17 8.910787e-17 1 3.816392e-17 8.910787e-17 1 3.816392e-17 8.910787e-17 1 3.816392e-17 8.910787e-17 1 3.816392e-17 -8.910787e-17 -1 -3.816392e-17 -8.910787e-17 -1 -3.816392e-17 -8.910787e-17 -1 -3.816392e-17 -8.910787e-17 -1 -3.816392e-17 -8.910787e-17 -1 -3.816392e-17 -8.910787e-17 -1 -3.816392e-17 -8.910787e-17 -1 -3.816392e-17 -8.910787e-17 -1 -3.816392e-17 -8.910787e-17 -1 -3.816392e-17 -8.910787e-17 -1 -3.816392e-17 -8.910787e-17 -1 -3.816392e-17 -8.910787e-17 -1 -3.816392e-17 0 0 0 0 0 0 0 0 0 0 0 0 0 0 0 0 0 0 0 0 0 0 0 0 0 0 0 1 -1.201648e-14 1.144917e-16 1 -1.201648e-14 1.144917e-16 1 -1.201648e-14 1.144917e-16 1 -1.201648e-14 1.144917e-16 -1 1.201648e-14 -1.144917e-16 -1 1.201648e-14 -1.144917e-16 -1 1.201648e-14 -1.144917e-16 -1 1.201648e-14 -1.144917e-16 -1.162265e-16 -4.163336e-17 1 -1.162265e-16 -4.163336e-17 1 -1.162265e-16 -4.163336e-17 1 -1.162265e-16 -4.163336e-17 1 1.162265e-16 4.163336e-17 -1 1.162265e-16 4.163336e-17 -1 1.162265e-16 4.163336e-17 -1 1.162265e-16 4.163336e-17 -1</float_array>
                    <technique_common>
                        <accessor count="104" source="#ID121" stride="3">
                            <param name="X" type="float" />
                            <param name="Y" type="float" />
                            <param name="Z" type="float" />
                        </accessor>
                    </technique_common>
                </source>
                <source id="ID117">
                    <Name_array id="ID123" count="0" />
                    <technique_common>
                        <accessor count="0" source="#ID123" stride="1">
                            <param name="skp_material" type="Name" />
                        </accessor>
                    </technique_common>
                </source>
                <source id="ID119">
                    <float_array id="ID122" count="78">-4.015748 4.80315 -9.094947e-14 9.094947e-14 -6.193791e-32 4.80315 -4.015748 6.82121e-14 2.047244 0.03937008 1.968504 0.03937008 3.976378 0.03937008 4.015748 1.065814e-15 4.015748 0.4330709 3.976378 0.3543307 2.047244 0.3543307 1.968504 0.3543307 0.03937008 0.3543307 9.094947e-14 0.4330709 9.094947e-14 1.776357e-16 0.03937008 0.03937008 -1.591616e-13 0.4330709 -4.80315 5.329071e-16 -9.094947e-14 1.776357e-16 -4.80315 0.4330709 -1.968504 0.03937008 -2.047244 0.3543307 -2.047244 0.03937008 -1.968504 0.3543307 4.279984e-16 3.496001e-16 -0.03937008 0.03937008 -4.015748 3.496001e-16 -1.359962e-13 0.4330709 -0.03937008 0.3543307 -4.015748 0.4330709 -3.976378 0.03937008 -3.976378 0.3543307 4.80315 7.313703e-17 1.846794e-13 0.4330709 1.164673e-13 6.060441e-16 4.80315 0.4330709 1.364745e-13 4.80315 9.09998e-14 1.591796e-13 4.015748 4.80315</float_array>
                    <technique_common>
                        <accessor count="39" source="#ID122" stride="2">
                            <param name="S" type="float" />
                            <param name="T" type="float" />
                        </accessor>
                    </technique_common>
                </source>
                <vertices id="ID118">
                    <input semantic="POSITION" source="#ID115" />
                    <input semantic="NORMAL" source="#ID116" />
                </vertices>
                <triangles count="68" material="Material2">
                    <input offset="0" semantic="VERTEX" source="#ID118" />
                    <input offset="1" semantic="TEXCOORD" source="#ID119" />
                    <p>0 0 1 1 2 2 1 1 0 0 3 3 4 3 5 0 6 1 7 2 6 1 5 0 12 4 13 5 14 6 15 7 14 6 13 5 14 6 15 7 16 8 14 6 16 8 17 9 17 9 16 8 18 10 18 10 16 8 19 11 19 11 16 8 20 12 20 12 16 8 21 13 22 14 23 15 21 13 23 15 22 14 15 7 23 15 15 7 13 5 21 13 23 15 20 12 24 12 25 15 26 13 27 5 28 7 25 15 28 7 29 14 25 15 26 13 25 15 29 14 26 13 30 8 24 12 24 12 30 8 31 11 31 11 30 8 32 10 32 10 30 8 33 9 33 9 30 8 34 6 30 8 28 7 34 6 27 5 34 6 28 7 34 6 27 5 35 4 46 16 47 17 48 18 47 17 46 16 49 19 50 19 51 16 52 17 53 18 52 17 51 16 55 20 56 21 57 22 56 21 55 20 58 23 59 24 60 25 61 26 60 25 59 24 62 27 61 26 60 25 57 22 57 22 60 25 55 20 60 25 62 27 63 28 63 28 62 27 58 23 58 23 62 27 64 29 61 26 65 30 64 29 65 30 61 26 57 22 64 29 65 30 66 31 64 29 66 31 56 21 64 29 56 21 58 23 67 23 68 21 69 29 68 21 70 31 69 29 70 31 71 30 69 29 72 22 73 26 71 30 69 29 71 30 73 26 69 29 74 27 67 23 67 23 74 27 75 28 75 28 74 27 76 25 77 20 76 25 72 22 72 22 76 25 73 26 74 27 78 24 76 25 73 26 76 25 78 24 67 23 77 20 68 21 72 22 68 21 77 20 88 32 89 33 90 34 89 33 88 32 91 35 92 35 93 32 94 33 95 34 94 33 93 32 96 7 97 36 98 37 97 36 96 7 99 38 100 38 101 7 102 36 103 37 102 36 101 7</p>
                </triangles>
                <lines count="28" material="Material3">
                    <input offset="0" semantic="VERTEX" source="#ID118" />
                    <p>8 9 9 10 10 11 11 8 8 36 36 37 9 37 38 39 39 40 40 41 41 42 42 43 43 44 44 45 45 38 37 54 10 54 54 79 11 79 80 81 82 80 83 82 81 83 84 85 84 86 87 86 85 87 79 36</p>
                </lines>
            </mesh>
        </geometry>
        <geometry id="ID124">
            <mesh>
                <source id="ID125">
                    <float_array id="ID130" count="264">20.47244 1.136868e-12 0.3937008 19.68504 2.273737e-13 3.543307 19.68504 1.136868e-12 0.3937008 20.47244 2.273737e-13 3.543307 20.47244 2.273737e-13 3.543307 20.47244 1.136868e-12 0.3937008 19.68504 2.273737e-13 3.543307 19.68504 1.136868e-12 0.3937008 19.68504 2.273737e-13 3.543307 20.47244 2.273737e-13 3.543307 19.68504 1.136868e-12 0.3937008 20.47244 1.136868e-12 0.3937008 19.68504 48.0315 3.543307 19.68504 1.136868e-12 0.3937008 19.68504 2.273737e-13 3.543307 19.68504 48.0315 0.3937008 19.68504 48.0315 0.3937008 19.68504 48.0315 3.543307 19.68504 1.136868e-12 0.3937008 19.68504 2.273737e-13 3.543307 19.68504 48.0315 3.543307 19.68504 48.0315 0.3937008 20.47244 1.136868e-12 0.3937008 20.47244 48.0315 3.543307 20.47244 2.273737e-13 3.543307 20.47244 48.0315 0.3937008 20.47244 48.0315 0.3937008 20.47244 1.136868e-12 0.3937008 20.47244 48.0315 3.543307 20.47244 2.273737e-13 3.543307 20.47244 48.0315 0.3937008 20.47244 48.0315 3.543307 0.3937008 48.0315 3.543307 19.68504 2.273737e-13 3.543307 0.3937008 9.094947e-13 3.543307 19.68504 48.0315 3.543307 19.68504 48.0315 3.543307 0.3937008 48.0315 3.543307 19.68504 2.273737e-13 3.543307 0.3937008 9.094947e-13 3.543307 0.3937008 9.094947e-13 3.543307 0.3937008 48.0315 3.543307 19.68504 1.136868e-12 0.3937008 0.3937008 48.0315 0.3937008 0.3937008 1.818989e-12 0.3937008 19.68504 48.0315 0.3937008 19.68504 48.0315 0.3937008 19.68504 1.136868e-12 0.3937008 0.3937008 48.0315 0.3937008 0.3937008 1.818989e-12 0.3937008 0.3937008 1.818989e-12 0.3937008 0.3937008 48.0315 0.3937008 39.76378 4.547474e-13 0.3937008 20.47244 48.0315 0.3937008 20.47244 1.136868e-12 0.3937008 39.76378 48.0315 0.3937008 39.76378 48.0315 0.3937008 39.76378 4.547474e-13 0.3937008 20.47244 48.0315 0.3937008 20.47244 1.136868e-12 0.3937008 39.76378 4.547474e-13 0.3937008 39.76378 48.0315 0.3937008 39.76378 48.0315 3.543307 20.47244 2.273737e-13 3.543307 20.47244 48.0315 3.543307 39.76378 1.591616e-12 3.543307 39.76378 1.591616e-12 3.543307 39.76378 48.0315 3.543307 20.47244 2.273737e-13 3.543307 20.47244 48.0315 3.543307 39.76378 1.591616e-12 3.543307 39.76378 48.0315 3.543307 0.3937008 1.818989e-12 0.3937008 0.3937008 48.0315 3.543307 0.3937008 9.094947e-13 3.543307 0.3937008 48.0315 0.3937008 0.3937008 48.0315 0.3937008 0.3937008 1.818989e-12 0.3937008 0.3937008 48.0315 3.543307 0.3937008 9.094947e-13 3.543307 39.76378 1.591616e-12 3.543307 39.76378 48.0315 0.3937008 39.76378 4.547474e-13 0.3937008 39.76378 48.0315 3.543307 39.76378 48.0315 3.543307 39.76378 1.591616e-12 3.543307 39.76378 48.0315 0.3937008 39.76378 4.547474e-13 0.3937008</float_array>
                    <technique_common>
                        <accessor count="88" source="#ID130" stride="3">
                            <param name="X" type="float" />
                            <param name="Y" type="float" />
                            <param name="Z" type="float" />
                        </accessor>
                    </technique_common>
                </source>
                <source id="ID126">
                    <float_array id="ID131" count="264">2.513186e-13 -1 2.069178e-14 2.513186e-13 -1 2.069178e-14 2.513186e-13 -1 2.069178e-14 2.513186e-13 -1 2.069178e-14 -2.513186e-13 1 -2.069178e-14 -2.513186e-13 1 -2.069178e-14 -2.513186e-13 1 -2.069178e-14 -2.513186e-13 1 -2.069178e-14 0 0 0 0 0 0 0 0 0 0 0 0 -1 2.381374e-14 8.080515e-14 -1 2.381374e-14 8.080515e-14 -1 2.381374e-14 8.080515e-14 -1 2.381374e-14 8.080515e-14 1 -2.381374e-14 -8.080515e-14 1 -2.381374e-14 -8.080515e-14 1 -2.381374e-14 -8.080515e-14 1 -2.381374e-14 -8.080515e-14 0 0 0 0 0 0 1 -3.748493e-16 -8.079995e-14 1 -3.748493e-16 -8.079995e-14 1 -3.748493e-16 -8.079995e-14 1 -3.748493e-16 -8.079995e-14 -1 3.748493e-16 8.079995e-14 -1 3.748493e-16 8.079995e-14 -1 3.748493e-16 8.079995e-14 -1 3.748493e-16 8.079995e-14 0 0 0 0 0 0 -2.255141e-17 2.049749e-14 -1 -2.255141e-17 2.049749e-14 -1 -2.255141e-17 2.049749e-14 -1 -2.255141e-17 2.049749e-14 -1 2.255141e-17 -2.049749e-14 1 2.255141e-17 -2.049749e-14 1 2.255141e-17 -2.049749e-14 1 2.255141e-17 -2.049749e-14 1 0 0 0 0 0 0 1.656661e-16 -2.050096e-14 1 1.656661e-16 -2.050096e-14 1 1.656661e-16 -2.050096e-14 1 1.656661e-16 -2.050096e-14 1 -1.656661e-16 2.050096e-14 -1 -1.656661e-16 2.050096e-14 -1 -1.656661e-16 2.050096e-14 -1 -1.656661e-16 2.050096e-14 -1 0 0 0 0 0 0 -3.469447e-17 4.126213e-14 1 -3.469447e-17 4.126213e-14 1 -3.469447e-17 4.126213e-14 1 -3.469447e-17 4.126213e-14 1 3.469447e-17 -4.126213e-14 -1 3.469447e-17 -4.126213e-14 -1 3.469447e-17 -4.126213e-14 -1 3.469447e-17 -4.126213e-14 -1 0 0 0 0 0 0 2.220446e-16 -4.127254e-14 -1 2.220446e-16 -4.127254e-14 -1 2.220446e-16 -4.127254e-14 -1 2.220446e-16 -4.127254e-14 -1 -2.220446e-16 4.127254e-14 1 -2.220446e-16 4.127254e-14 1 -2.220446e-16 4.127254e-14 1 -2.220446e-16 4.127254e-14 1 0 0 0 0 0 0 1 -2.366653e-14 1.959327e-13 1 -2.366653e-14 1.959327e-13 1 -2.366653e-14 1.959327e-13 1 -2.366653e-14 1.959327e-13 -1 2.366653e-14 -1.959327e-13 -1 2.366653e-14 -1.959327e-13 -1 2.366653e-14 -1.959327e-13 -1 2.366653e-14 -1.959327e-13 -1 1.986123e-16 2.191719e-13 -1 1.986123e-16 2.191719e-13 -1 1.986123e-16 2.191719e-13 -1 1.986123e-16 2.191719e-13 1 -1.986123e-16 -2.191719e-13 1 -1.986123e-16 -2.191719e-13 1 -1.986123e-16 -2.191719e-13 1 -1.986123e-16 -2.191719e-13</float_array>
                    <technique_common>
                        <accessor count="88" source="#ID131" stride="3">
                            <param name="X" type="float" />
                            <param name="Y" type="float" />
                            <param name="Z" type="float" />
                        </accessor>
                    </technique_common>
                </source>
                <source id="ID127">
                    <Name_array id="ID133" count="0" />
                    <technique_common>
                        <accessor count="0" source="#ID133" stride="1">
                            <param name="skp_material" type="Name" />
                        </accessor>
                    </technique_common>
                </source>
                <source id="ID129">
                    <float_array id="ID132" count="72">2.047244 0.03937008 1.968504 0.3543307 1.968504 0.03937008 2.047244 0.3543307 -4.80315 0.3543307 -1.605643e-13 0.03937008 -6.961481e-14 0.3543307 -4.80315 0.03937008 1.144542e-13 0.03937008 4.80315 0.3543307 2.350478e-14 0.3543307 4.80315 0.03937008 -0.03937008 4.80315 -1.968504 3.000026e-14 -0.03937008 9.821236e-14 -1.968504 4.80315 1.968504 1.14494e-13 0.03937008 4.80315 0.03937008 1.827061e-13 1.968504 4.80315 3.976378 4.385024e-14 2.047244 4.80315 2.047244 1.120623e-13 3.976378 4.80315 -3.976378 4.80315 -2.047244 8.113239e-15 -2.047244 4.80315 -3.976378 1.445374e-13 1.828307e-13 0.03937008 4.80315 0.3543307 9.188122e-14 0.3543307 4.80315 0.03937008 -1.599513e-13 0.3543307 -4.80315 0.03937008 -4.626449e-14 0.03937008 -4.80315 0.3543307</float_array>
                    <technique_common>
                        <accessor count="36" source="#ID132" stride="2">
                            <param name="S" type="float" />
                            <param name="T" type="float" />
                        </accessor>
                    </technique_common>
                </source>
                <vertices id="ID128">
                    <input semantic="POSITION" source="#ID125" />
                    <input semantic="NORMAL" source="#ID126" />
                </vertices>
                <triangles count="36" material="Material2">
                    <input offset="0" semantic="VERTEX" source="#ID128" />
                    <input offset="1" semantic="TEXCOORD" source="#ID129" />
                    <p>0 0 1 1 2 2 1 1 0 0 3 3 4 3 5 0 6 1 7 2 6 1 5 0 12 4 13 5 14 6 13 5 12 4 15 7 16 7 17 4 18 5 19 6 18 5 17 4 22 8 23 9 24 10 23 9 22 8 25 11 26 11 27 8 28 9 29 10 28 9 27 8 32 12 33 13 34 14 33 13 32 12 35 15 36 15 37 12 38 13 39 14 38 13 37 12 42 16 43 17 44 18 43 17 42 16 45 19 46 19 47 16 48 17 49 18 48 17 47 16 52 20 53 21 54 22 53 21 52 20 55 23 56 23 57 20 58 21 59 22 58 21 57 20 62 24 63 25 64 26 63 25 62 24 65 27 66 27 67 24 68 25 69 26 68 25 67 24 72 28 73 29 74 30 73 29 72 28 75 31 76 31 77 28 78 29 79 30 78 29 77 28 80 32 81 33 82 34 81 33 80 32 83 35 84 35 85 32 86 33 87 34 86 33 85 32</p>
                </triangles>
                <lines count="26" material="Material3">
                    <input offset="0" semantic="VERTEX" source="#ID128" />
                    <p>8 9 8 10 11 10 9 11 8 20 20 21 10 21 11 30 31 30 9 31 40 8 40 41 41 20 10 50 21 51 50 51 60 11 60 61 61 30 9 70 31 71 70 71 50 40 51 41 70 60 71 61</p>
                </lines>
            </mesh>
        </geometry>
        <geometry id="ID135">
            <mesh>
                <source id="ID136">
                    <float_array id="ID141" count="168">37.79528 37.79528 3.552714e-15 0 2.273737e-13 1.24345e-14 0 37.79528 1.065814e-14 37.79528 0 7.105427e-15 37.79528 0 7.105427e-15 37.79528 37.79528 3.552714e-15 0 2.273737e-13 1.24345e-14 0 37.79528 1.065814e-14 37.79528 0 7.105427e-15 0 2.273737e-13 1.24345e-14 0 37.79528 1.065814e-14 37.79528 37.79528 3.552714e-15 37.79528 0 29.92126 0 2.273737e-13 1.24345e-14 37.79528 0 7.105427e-15 4.547474e-13 0 29.92126 4.547474e-13 0 29.92126 37.79528 0 29.92126 0 2.273737e-13 1.24345e-14 37.79528 0 7.105427e-15 37.79528 0 29.92126 4.547474e-13 0 29.92126 4.547474e-13 37.79528 29.92126 0 2.273737e-13 1.24345e-14 4.547474e-13 0 29.92126 0 37.79528 1.065814e-14 0 37.79528 1.065814e-14 4.547474e-13 37.79528 29.92126 0 2.273737e-13 1.24345e-14 4.547474e-13 0 29.92126 4.547474e-13 37.79528 29.92126 0 37.79528 1.065814e-14 37.79528 37.79528 29.92126 37.79528 37.79528 3.552714e-15 4.547474e-13 37.79528 29.92126 4.547474e-13 37.79528 29.92126 0 37.79528 1.065814e-14 37.79528 37.79528 29.92126 37.79528 37.79528 3.552714e-15 37.79528 37.79528 29.92126 37.79528 37.79528 3.552714e-15 37.79528 0 29.92126 37.79528 0 7.105427e-15 37.79528 37.79528 29.92126 37.79528 37.79528 29.92126 37.79528 37.79528 3.552714e-15 37.79528 0 29.92126 37.79528 0 7.105427e-15 37.79528 0 29.92126 4.547474e-13 37.79528 29.92126 4.547474e-13 0 29.92126 37.79528 37.79528 29.92126 37.79528 37.79528 29.92126 37.79528 0 29.92126 4.547474e-13 37.79528 29.92126 4.547474e-13 0 29.92126</float_array>
                    <technique_common>
                        <accessor count="56" source="#ID141" stride="3">
                            <param name="X" type="float" />
                            <param name="Y" type="float" />
                            <param name="Z" type="float" />
                        </accessor>
                    </technique_common>
                </source>
                <source id="ID137">
                    <float_array id="ID142" count="168">-7.719519e-17 3.469447e-18 -1 -7.719519e-17 3.469447e-18 -1 -7.719519e-17 3.469447e-18 -1 -7.719519e-17 3.469447e-18 -1 7.719519e-17 -3.469447e-18 1 7.719519e-17 -3.469447e-18 1 7.719519e-17 -3.469447e-18 1 7.719519e-17 -3.469447e-18 1 0 0 0 0 0 0 0 0 0 0 0 0 -6.583899e-15 -1 -3.469447e-18 -6.583899e-15 -1 -3.469447e-18 -6.583899e-15 -1 -3.469447e-18 -6.583899e-15 -1 -3.469447e-18 6.583899e-15 1 3.469447e-18 6.583899e-15 1 3.469447e-18 6.583899e-15 1 3.469447e-18 6.583899e-15 1 3.469447e-18 0 0 0 0 0 0 -1 -3.752844e-15 7.979728e-17 -1 -3.752844e-15 7.979728e-17 -1 -3.752844e-15 7.979728e-17 -1 -3.752844e-15 7.979728e-17 1 3.752844e-15 -7.979728e-17 1 3.752844e-15 -7.979728e-17 1 3.752844e-15 -7.979728e-17 1 3.752844e-15 -7.979728e-17 0 0 0 3.197651e-15 1 3.469447e-18 3.197651e-15 1 3.469447e-18 3.197651e-15 1 3.469447e-18 3.197651e-15 1 3.469447e-18 -3.197651e-15 -1 -3.469447e-18 -3.197651e-15 -1 -3.469447e-18 -3.197651e-15 -1 -3.469447e-18 -3.197651e-15 -1 -3.469447e-18 0 0 0 1 -7.7999e-15 -8.066464e-17 1 -7.7999e-15 -8.066464e-17 1 -7.7999e-15 -8.066464e-17 1 -7.7999e-15 -8.066464e-17 -1 7.7999e-15 8.066464e-17 -1 7.7999e-15 8.066464e-17 -1 7.7999e-15 8.066464e-17 -1 7.7999e-15 8.066464e-17 7.719519e-17 -3.469447e-18 1 7.719519e-17 -3.469447e-18 1 7.719519e-17 -3.469447e-18 1 7.719519e-17 -3.469447e-18 1 -7.719519e-17 3.469447e-18 -1 -7.719519e-17 3.469447e-18 -1 -7.719519e-17 3.469447e-18 -1 -7.719519e-17 3.469447e-18 -1</float_array>
                    <technique_common>
                        <accessor count="56" source="#ID142" stride="3">
                            <param name="X" type="float" />
                            <param name="Y" type="float" />
                            <param name="Z" type="float" />
                        </accessor>
                    </technique_common>
                </source>
                <source id="ID138">
                    <Name_array id="ID144" count="0" />
                    <technique_common>
                        <accessor count="0" source="#ID144" stride="1">
                            <param name="skp_material" type="Name" />
                        </accessor>
                    </technique_common>
                </source>
                <source id="ID140">
                    <float_array id="ID143" count="48">-3.149606 3.821323 7.999029e-32 2.298881e-14 6.856311e-32 3.821323 -3.149606 3.515896e-33 3.149606 3.025214 -1.247504e-28 1.2572e-15 3.149606 7.184002e-16 3.789561e-14 3.025214 -3.149606 3.025214 -1.894781e-14 1.2572e-15 1.422163e-28 3.025214 -3.149606 1.0776e-15 1.007134e-14 1.064342e-15 -3.149606 3.025214 -3.149606 3.459422e-16 -2.782427e-14 3.025214 3.149606 6.674458e-16 2.456661e-14 3.025214 2.456661e-14 1.026646e-15 3.149606 3.025214 3.149606 1.049582e-17 3.770313e-14 3.821323 3.770313e-14 1.049582e-17 3.149606 3.821323</float_array>
                    <technique_common>
                        <accessor count="24" source="#ID143" stride="2">
                            <param name="S" type="float" />
                            <param name="T" type="float" />
                        </accessor>
                    </technique_common>
                </source>
                <vertices id="ID139">
                    <input semantic="POSITION" source="#ID136" />
                    <input semantic="NORMAL" source="#ID137" />
                </vertices>
                <triangles count="24" material="Material2">
                    <input offset="0" semantic="VERTEX" source="#ID139" />
                    <input offset="1" semantic="TEXCOORD" source="#ID140" />
                    <p>0 0 1 1 2 2 1 1 0 0 3 3 4 3 5 0 6 1 7 2 6 1 5 0 12 4 13 5 14 6 13 5 12 4 15 7 16 7 17 4 18 5 19 6 18 5 17 4 22 8 23 9 24 10 23 9 22 8 25 11 26 11 27 8 28 9 29 10 28 9 27 8 31 12 32 13 33 14 32 13 31 12 34 15 35 15 36 12 37 13 38 14 37 13 36 12 40 16 41 17 42 18 41 17 40 16 43 19 44 19 45 16 46 17 47 18 46 17 45 16 48 20 49 21 50 22 49 21 48 20 51 23 52 23 53 20 54 21 55 22 54 21 53 20</p>
                </triangles>
                <lines count="12" material="Material3">
                    <input offset="0" semantic="VERTEX" source="#ID139" />
                    <p>8 9 9 10 10 11 11 8 8 20 20 21 9 21 21 30 10 30 30 39 11 39 39 20</p>
                </lines>
            </mesh>
        </geometry>
        <geometry id="ID146">
            <mesh>
                <source id="ID147">
                    <float_array id="ID152" count="168">37.79528 37.79528 3.552714e-15 0 2.273737e-13 1.24345e-14 0 37.79528 1.065814e-14 37.79528 0 7.105427e-15 37.79528 0 7.105427e-15 37.79528 37.79528 3.552714e-15 0 2.273737e-13 1.24345e-14 0 37.79528 1.065814e-14 37.79528 0 7.105427e-15 0 2.273737e-13 1.24345e-14 0 37.79528 1.065814e-14 37.79528 37.79528 3.552714e-15 37.79528 0 29.92126 0 2.273737e-13 1.24345e-14 37.79528 0 7.105427e-15 4.547474e-13 0 29.92126 4.547474e-13 0 29.92126 37.79528 0 29.92126 0 2.273737e-13 1.24345e-14 37.79528 0 7.105427e-15 37.79528 0 29.92126 4.547474e-13 0 29.92126 4.547474e-13 37.79528 29.92126 0 2.273737e-13 1.24345e-14 4.547474e-13 0 29.92126 0 37.79528 1.065814e-14 0 37.79528 1.065814e-14 4.547474e-13 37.79528 29.92126 0 2.273737e-13 1.24345e-14 4.547474e-13 0 29.92126 4.547474e-13 37.79528 29.92126 0 37.79528 1.065814e-14 37.79528 37.79528 29.92126 37.79528 37.79528 3.552714e-15 4.547474e-13 37.79528 29.92126 4.547474e-13 37.79528 29.92126 0 37.79528 1.065814e-14 37.79528 37.79528 29.92126 37.79528 37.79528 3.552714e-15 37.79528 37.79528 29.92126 37.79528 37.79528 3.552714e-15 37.79528 0 29.92126 37.79528 0 7.105427e-15 37.79528 37.79528 29.92126 37.79528 37.79528 29.92126 37.79528 37.79528 3.552714e-15 37.79528 0 29.92126 37.79528 0 7.105427e-15 37.79528 0 29.92126 4.547474e-13 37.79528 29.92126 4.547474e-13 0 29.92126 37.79528 37.79528 29.92126 37.79528 37.79528 29.92126 37.79528 0 29.92126 4.547474e-13 37.79528 29.92126 4.547474e-13 0 29.92126</float_array>
                    <technique_common>
                        <accessor count="56" source="#ID152" stride="3">
                            <param name="X" type="float" />
                            <param name="Y" type="float" />
                            <param name="Z" type="float" />
                        </accessor>
                    </technique_common>
                </source>
                <source id="ID148">
                    <float_array id="ID153" count="168">-7.719519e-17 3.469447e-18 -1 -7.719519e-17 3.469447e-18 -1 -7.719519e-17 3.469447e-18 -1 -7.719519e-17 3.469447e-18 -1 7.719519e-17 -3.469447e-18 1 7.719519e-17 -3.469447e-18 1 7.719519e-17 -3.469447e-18 1 7.719519e-17 -3.469447e-18 1 0 0 0 0 0 0 0 0 0 0 0 0 -6.583899e-15 -1 -3.469447e-18 -6.583899e-15 -1 -3.469447e-18 -6.583899e-15 -1 -3.469447e-18 -6.583899e-15 -1 -3.469447e-18 6.583899e-15 1 3.469447e-18 6.583899e-15 1 3.469447e-18 6.583899e-15 1 3.469447e-18 6.583899e-15 1 3.469447e-18 0 0 0 0 0 0 -1 -3.752844e-15 7.979728e-17 -1 -3.752844e-15 7.979728e-17 -1 -3.752844e-15 7.979728e-17 -1 -3.752844e-15 7.979728e-17 1 3.752844e-15 -7.979728e-17 1 3.752844e-15 -7.979728e-17 1 3.752844e-15 -7.979728e-17 1 3.752844e-15 -7.979728e-17 0 0 0 3.197651e-15 1 3.469447e-18 3.197651e-15 1 3.469447e-18 3.197651e-15 1 3.469447e-18 3.197651e-15 1 3.469447e-18 -3.197651e-15 -1 -3.469447e-18 -3.197651e-15 -1 -3.469447e-18 -3.197651e-15 -1 -3.469447e-18 -3.197651e-15 -1 -3.469447e-18 0 0 0 1 -7.7999e-15 -8.066464e-17 1 -7.7999e-15 -8.066464e-17 1 -7.7999e-15 -8.066464e-17 1 -7.7999e-15 -8.066464e-17 -1 7.7999e-15 8.066464e-17 -1 7.7999e-15 8.066464e-17 -1 7.7999e-15 8.066464e-17 -1 7.7999e-15 8.066464e-17 7.719519e-17 -3.469447e-18 1 7.719519e-17 -3.469447e-18 1 7.719519e-17 -3.469447e-18 1 7.719519e-17 -3.469447e-18 1 -7.719519e-17 3.469447e-18 -1 -7.719519e-17 3.469447e-18 -1 -7.719519e-17 3.469447e-18 -1 -7.719519e-17 3.469447e-18 -1</float_array>
                    <technique_common>
                        <accessor count="56" source="#ID153" stride="3">
                            <param name="X" type="float" />
                            <param name="Y" type="float" />
                            <param name="Z" type="float" />
                        </accessor>
                    </technique_common>
                </source>
                <source id="ID149">
                    <Name_array id="ID155" count="0" />
                    <technique_common>
                        <accessor count="0" source="#ID155" stride="1">
                            <param name="skp_material" type="Name" />
                        </accessor>
                    </technique_common>
                </source>
                <source id="ID151">
                    <float_array id="ID154" count="48">-3.149606 3.821323 7.999029e-32 2.298881e-14 6.856311e-32 3.821323 -3.149606 3.515896e-33 3.149606 3.025214 -1.247504e-28 1.2572e-15 3.149606 7.184002e-16 3.789561e-14 3.025214 -3.149606 3.025214 -1.894781e-14 1.2572e-15 1.422163e-28 3.025214 -3.149606 1.0776e-15 1.007134e-14 1.064342e-15 -3.149606 3.025214 -3.149606 3.459422e-16 -2.782427e-14 3.025214 3.149606 6.674458e-16 2.456661e-14 3.025214 2.456661e-14 1.026646e-15 3.149606 3.025214 3.149606 1.049582e-17 3.770313e-14 3.821323 3.770313e-14 1.049582e-17 3.149606 3.821323</float_array>
                    <technique_common>
                        <accessor count="24" source="#ID154" stride="2">
                            <param name="S" type="float" />
                            <param name="T" type="float" />
                        </accessor>
                    </technique_common>
                </source>
                <vertices id="ID150">
                    <input semantic="POSITION" source="#ID147" />
                    <input semantic="NORMAL" source="#ID148" />
                </vertices>
                <triangles count="24" material="Material2">
                    <input offset="0" semantic="VERTEX" source="#ID150" />
                    <input offset="1" semantic="TEXCOORD" source="#ID151" />
                    <p>0 0 1 1 2 2 1 1 0 0 3 3 4 3 5 0 6 1 7 2 6 1 5 0 12 4 13 5 14 6 13 5 12 4 15 7 16 7 17 4 18 5 19 6 18 5 17 4 22 8 23 9 24 10 23 9 22 8 25 11 26 11 27 8 28 9 29 10 28 9 27 8 31 12 32 13 33 14 32 13 31 12 34 15 35 15 36 12 37 13 38 14 37 13 36 12 40 16 41 17 42 18 41 17 40 16 43 19 44 19 45 16 46 17 47 18 46 17 45 16 48 20 49 21 50 22 49 21 48 20 51 23 52 23 53 20 54 21 55 22 54 21 53 20</p>
                </triangles>
                <lines count="12" material="Material3">
                    <input offset="0" semantic="VERTEX" source="#ID150" />
                    <p>8 9 9 10 10 11 11 8 8 20 20 21 9 21 21 30 10 30 30 39 11 39 39 20</p>
                </lines>
            </mesh>
        </geometry>
        <geometry id="ID157">
            <mesh>
                <source id="ID158">
                    <float_array id="ID163" count="312">40.15748 48.0315 5.329071e-15 9.094947e-13 9.094947e-13 1.776357e-15 0 48.0315 5.329071e-15 40.15748 6.82121e-13 1.065814e-14 40.15748 6.82121e-13 1.065814e-14 40.15748 48.0315 5.329071e-15 9.094947e-13 9.094947e-13 1.776357e-15 0 48.0315 5.329071e-15 40.15748 6.82121e-13 1.065814e-14 9.094947e-13 9.094947e-13 1.776357e-15 0 48.0315 5.329071e-15 40.15748 48.0315 5.329071e-15 20.47244 1.136868e-12 0.3937008 19.68504 1.136868e-12 0.3937008 39.76378 4.547474e-13 0.3937008 40.15748 6.82121e-13 1.065814e-14 40.15748 1.364242e-12 4.330709 39.76378 1.591616e-12 3.543307 20.47244 2.273737e-13 3.543307 19.68504 2.273737e-13 3.543307 0.3937008 9.094947e-13 3.543307 9.094947e-13 1.591616e-12 4.330709 9.094947e-13 9.094947e-13 1.776357e-15 0.3937008 1.818989e-12 0.3937008 0.3937008 9.094947e-13 3.543307 0.3937008 1.818989e-12 0.3937008 9.094947e-13 1.591616e-12 4.330709 19.68504 1.136868e-12 0.3937008 40.15748 6.82121e-13 1.065814e-14 9.094947e-13 9.094947e-13 1.776357e-15 40.15748 1.364242e-12 4.330709 19.68504 2.273737e-13 3.543307 20.47244 2.273737e-13 3.543307 39.76378 1.591616e-12 3.543307 39.76378 4.547474e-13 0.3937008 20.47244 1.136868e-12 0.3937008 40.15748 1.364242e-12 4.330709 9.094947e-13 1.591616e-12 4.330709 39.76378 4.547474e-13 0.3937008 20.47244 1.136868e-12 0.3937008 19.68504 1.136868e-12 0.3937008 0.3937008 1.818989e-12 0.3937008 0.3937008 9.094947e-13 3.543307 19.68504 2.273737e-13 3.543307 20.47244 2.273737e-13 3.543307 39.76378 1.591616e-12 3.543307 9.094947e-13 1.591616e-12 4.330709 0 48.0315 5.329071e-15 9.094947e-13 9.094947e-13 1.776357e-15 1.364242e-12 48.0315 4.330709 1.364242e-12 48.0315 4.330709 9.094947e-13 1.591616e-12 4.330709 0 48.0315 5.329071e-15 9.094947e-13 9.094947e-13 1.776357e-15 1.364242e-12 48.0315 4.330709 19.68504 48.0315 0.3937008 20.47244 48.0315 3.543307 20.47244 48.0315 0.3937008 19.68504 48.0315 3.543307 0 48.0315 5.329071e-15 0.3937008 48.0315 0.3937008 40.15748 48.0315 5.329071e-15 1.364242e-12 48.0315 4.330709 0.3937008 48.0315 3.543307 40.15748 48.0315 4.330709 39.76378 48.0315 0.3937008 39.76378 48.0315 3.543307 19.68504 48.0315 3.543307 20.47244 48.0315 3.543307 40.15748 48.0315 4.330709 39.76378 48.0315 3.543307 39.76378 48.0315 0.3937008 20.47244 48.0315 0.3937008 40.15748 48.0315 5.329071e-15 1.364242e-12 48.0315 4.330709 0.3937008 48.0315 3.543307 0.3937008 48.0315 0.3937008 19.68504 48.0315 0.3937008 0 48.0315 5.329071e-15 40.15748 48.0315 4.330709 19.68504 48.0315 0.3937008 0.3937008 48.0315 0.3937008 19.68504 48.0315 3.543307 0.3937008 48.0315 3.543307 20.47244 48.0315 3.543307 39.76378 48.0315 3.543307 20.47244 48.0315 0.3937008 39.76378 48.0315 0.3937008 40.15748 48.0315 5.329071e-15 40.15748 1.364242e-12 4.330709 40.15748 6.82121e-13 1.065814e-14 40.15748 48.0315 4.330709 40.15748 48.0315 4.330709 40.15748 48.0315 5.329071e-15 40.15748 1.364242e-12 4.330709 40.15748 6.82121e-13 1.065814e-14 40.15748 1.364242e-12 4.330709 1.364242e-12 48.0315 4.330709 9.094947e-13 1.591616e-12 4.330709 40.15748 48.0315 4.330709 40.15748 48.0315 4.330709 40.15748 1.364242e-12 4.330709 1.364242e-12 48.0315 4.330709 9.094947e-13 1.591616e-12 4.330709</float_array>
                    <technique_common>
                        <accessor count="104" source="#ID163" stride="3">
                            <param name="X" type="float" />
                            <param name="Y" type="float" />
                            <param name="Z" type="float" />
                        </accessor>
                    </technique_common>
                </source>
                <source id="ID159">
                    <float_array id="ID164" count="312">1.162265e-16 4.163336e-17 -1 1.162265e-16 4.163336e-17 -1 1.162265e-16 4.163336e-17 -1 1.162265e-16 4.163336e-17 -1 -1.162265e-16 -4.163336e-17 1 -1.162265e-16 -4.163336e-17 1 -1.162265e-16 -4.163336e-17 1 -1.162265e-16 -4.163336e-17 1 0 0 0 0 0 0 0 0 0 0 0 0 -3.419926e-15 -1 -4.857226e-17 -3.419926e-15 -1 -4.857226e-17 -3.419926e-15 -1 -4.857226e-17 -3.419926e-15 -1 -4.857226e-17 -3.419926e-15 -1 -4.857226e-17 -3.419926e-15 -1 -4.857226e-17 -3.419926e-15 -1 -4.857226e-17 -3.419926e-15 -1 -4.857226e-17 -3.419926e-15 -1 -4.857226e-17 -3.419926e-15 -1 -4.857226e-17 -3.419926e-15 -1 -4.857226e-17 -3.419926e-15 -1 -4.857226e-17 3.419926e-15 1 4.857226e-17 3.419926e-15 1 4.857226e-17 3.419926e-15 1 4.857226e-17 3.419926e-15 1 4.857226e-17 3.419926e-15 1 4.857226e-17 3.419926e-15 1 4.857226e-17 3.419926e-15 1 4.857226e-17 3.419926e-15 1 4.857226e-17 3.419926e-15 1 4.857226e-17 3.419926e-15 1 4.857226e-17 3.419926e-15 1 4.857226e-17 3.419926e-15 1 4.857226e-17 0 0 0 0 0 0 0 0 0 0 0 0 0 0 0 0 0 0 0 0 0 0 0 0 0 0 0 0 0 0 -1 2.796591e-15 -1.110223e-16 -1 2.796591e-15 -1.110223e-16 -1 2.796591e-15 -1.110223e-16 -1 2.796591e-15 -1.110223e-16 1 -2.796591e-15 1.110223e-16 1 -2.796591e-15 1.110223e-16 1 -2.796591e-15 1.110223e-16 1 -2.796591e-15 1.110223e-16 0 0 0 8.910787e-17 1 3.816392e-17 8.910787e-17 1 3.816392e-17 8.910787e-17 1 3.816392e-17 8.910787e-17 1 3.816392e-17 8.910787e-17 1 3.816392e-17 8.910787e-17 1 3.816392e-17 8.910787e-17 1 3.816392e-17 8.910787e-17 1 3.816392e-17 8.910787e-17 1 3.816392e-17 8.910787e-17 1 3.816392e-17 8.910787e-17 1 3.816392e-17 8.910787e-17 1 3.816392e-17 -8.910787e-17 -1 -3.816392e-17 -8.910787e-17 -1 -3.816392e-17 -8.910787e-17 -1 -3.816392e-17 -8.910787e-17 -1 -3.816392e-17 -8.910787e-17 -1 -3.816392e-17 -8.910787e-17 -1 -3.816392e-17 -8.910787e-17 -1 -3.816392e-17 -8.910787e-17 -1 -3.816392e-17 -8.910787e-17 -1 -3.816392e-17 -8.910787e-17 -1 -3.816392e-17 -8.910787e-17 -1 -3.816392e-17 -8.910787e-17 -1 -3.816392e-17 0 0 0 0 0 0 0 0 0 0 0 0 0 0 0 0 0 0 0 0 0 0 0 0 0 0 0 1 -1.201648e-14 1.144917e-16 1 -1.201648e-14 1.144917e-16 1 -1.201648e-14 1.144917e-16 1 -1.201648e-14 1.144917e-16 -1 1.201648e-14 -1.144917e-16 -1 1.201648e-14 -1.144917e-16 -1 1.201648e-14 -1.144917e-16 -1 1.201648e-14 -1.144917e-16 -1.162265e-16 -4.163336e-17 1 -1.162265e-16 -4.163336e-17 1 -1.162265e-16 -4.163336e-17 1 -1.162265e-16 -4.163336e-17 1 1.162265e-16 4.163336e-17 -1 1.162265e-16 4.163336e-17 -1 1.162265e-16 4.163336e-17 -1 1.162265e-16 4.163336e-17 -1</float_array>
                    <technique_common>
                        <accessor count="104" source="#ID164" stride="3">
                            <param name="X" type="float" />
                            <param name="Y" type="float" />
                            <param name="Z" type="float" />
                        </accessor>
                    </technique_common>
                </source>
                <source id="ID160">
                    <Name_array id="ID166" count="0" />
                    <technique_common>
                        <accessor count="0" source="#ID166" stride="1">
                            <param name="skp_material" type="Name" />
                        </accessor>
                    </technique_common>
                </source>
                <source id="ID162">
                    <float_array id="ID165" count="78">-4.015748 4.80315 -9.094947e-14 9.094947e-14 -6.193791e-32 4.80315 -4.015748 6.82121e-14 2.047244 0.03937008 1.968504 0.03937008 3.976378 0.03937008 4.015748 1.065814e-15 4.015748 0.4330709 3.976378 0.3543307 2.047244 0.3543307 1.968504 0.3543307 0.03937008 0.3543307 9.094947e-14 0.4330709 9.094947e-14 1.776357e-16 0.03937008 0.03937008 -1.591616e-13 0.4330709 -4.80315 5.329071e-16 -9.094947e-14 1.776357e-16 -4.80315 0.4330709 -1.968504 0.03937008 -2.047244 0.3543307 -2.047244 0.03937008 -1.968504 0.3543307 4.279984e-16 3.496001e-16 -0.03937008 0.03937008 -4.015748 3.496001e-16 -1.359962e-13 0.4330709 -0.03937008 0.3543307 -4.015748 0.4330709 -3.976378 0.03937008 -3.976378 0.3543307 4.80315 7.313703e-17 1.846794e-13 0.4330709 1.164673e-13 6.060441e-16 4.80315 0.4330709 1.364745e-13 4.80315 9.09998e-14 1.591796e-13 4.015748 4.80315</float_array>
                    <technique_common>
                        <accessor count="39" source="#ID165" stride="2">
                            <param name="S" type="float" />
                            <param name="T" type="float" />
                        </accessor>
                    </technique_common>
                </source>
                <vertices id="ID161">
                    <input semantic="POSITION" source="#ID158" />
                    <input semantic="NORMAL" source="#ID159" />
                </vertices>
                <triangles count="68" material="Material2">
                    <input offset="0" semantic="VERTEX" source="#ID161" />
                    <input offset="1" semantic="TEXCOORD" source="#ID162" />
                    <p>0 0 1 1 2 2 1 1 0 0 3 3 4 3 5 0 6 1 7 2 6 1 5 0 12 4 13 5 14 6 15 7 14 6 13 5 14 6 15 7 16 8 14 6 16 8 17 9 17 9 16 8 18 10 18 10 16 8 19 11 19 11 16 8 20 12 20 12 16 8 21 13 22 14 23 15 21 13 23 15 22 14 15 7 23 15 15 7 13 5 21 13 23 15 20 12 24 12 25 15 26 13 27 5 28 7 25 15 28 7 29 14 25 15 26 13 25 15 29 14 26 13 30 8 24 12 24 12 30 8 31 11 31 11 30 8 32 10 32 10 30 8 33 9 33 9 30 8 34 6 30 8 28 7 34 6 27 5 34 6 28 7 34 6 27 5 35 4 46 16 47 17 48 18 47 17 46 16 49 19 50 19 51 16 52 17 53 18 52 17 51 16 55 20 56 21 57 22 56 21 55 20 58 23 59 24 60 25 61 26 60 25 59 24 62 27 61 26 60 25 57 22 57 22 60 25 55 20 60 25 62 27 63 28 63 28 62 27 58 23 58 23 62 27 64 29 61 26 65 30 64 29 65 30 61 26 57 22 64 29 65 30 66 31 64 29 66 31 56 21 64 29 56 21 58 23 67 23 68 21 69 29 68 21 70 31 69 29 70 31 71 30 69 29 72 22 73 26 71 30 69 29 71 30 73 26 69 29 74 27 67 23 67 23 74 27 75 28 75 28 74 27 76 25 77 20 76 25 72 22 72 22 76 25 73 26 74 27 78 24 76 25 73 26 76 25 78 24 67 23 77 20 68 21 72 22 68 21 77 20 88 32 89 33 90 34 89 33 88 32 91 35 92 35 93 32 94 33 95 34 94 33 93 32 96 7 97 36 98 37 97 36 96 7 99 38 100 38 101 7 102 36 103 37 102 36 101 7</p>
                </triangles>
                <lines count="28" material="Material3">
                    <input offset="0" semantic="VERTEX" source="#ID161" />
                    <p>8 9 9 10 10 11 11 8 8 36 36 37 9 37 38 39 39 40 40 41 41 42 42 43 43 44 44 45 45 38 37 54 10 54 54 79 11 79 80 81 82 80 83 82 81 83 84 85 84 86 87 86 85 87 79 36</p>
                </lines>
            </mesh>
        </geometry>
        <geometry id="ID167">
            <mesh>
                <source id="ID168">
                    <float_array id="ID173" count="264">20.47244 1.136868e-12 0.3937008 19.68504 2.273737e-13 3.543307 19.68504 1.136868e-12 0.3937008 20.47244 2.273737e-13 3.543307 20.47244 2.273737e-13 3.543307 20.47244 1.136868e-12 0.3937008 19.68504 2.273737e-13 3.543307 19.68504 1.136868e-12 0.3937008 19.68504 2.273737e-13 3.543307 20.47244 2.273737e-13 3.543307 19.68504 1.136868e-12 0.3937008 20.47244 1.136868e-12 0.3937008 19.68504 48.0315 3.543307 19.68504 1.136868e-12 0.3937008 19.68504 2.273737e-13 3.543307 19.68504 48.0315 0.3937008 19.68504 48.0315 0.3937008 19.68504 48.0315 3.543307 19.68504 1.136868e-12 0.3937008 19.68504 2.273737e-13 3.543307 19.68504 48.0315 3.543307 19.68504 48.0315 0.3937008 20.47244 1.136868e-12 0.3937008 20.47244 48.0315 3.543307 20.47244 2.273737e-13 3.543307 20.47244 48.0315 0.3937008 20.47244 48.0315 0.3937008 20.47244 1.136868e-12 0.3937008 20.47244 48.0315 3.543307 20.47244 2.273737e-13 3.543307 20.47244 48.0315 0.3937008 20.47244 48.0315 3.543307 0.3937008 48.0315 3.543307 19.68504 2.273737e-13 3.543307 0.3937008 9.094947e-13 3.543307 19.68504 48.0315 3.543307 19.68504 48.0315 3.543307 0.3937008 48.0315 3.543307 19.68504 2.273737e-13 3.543307 0.3937008 9.094947e-13 3.543307 0.3937008 9.094947e-13 3.543307 0.3937008 48.0315 3.543307 19.68504 1.136868e-12 0.3937008 0.3937008 48.0315 0.3937008 0.3937008 1.818989e-12 0.3937008 19.68504 48.0315 0.3937008 19.68504 48.0315 0.3937008 19.68504 1.136868e-12 0.3937008 0.3937008 48.0315 0.3937008 0.3937008 1.818989e-12 0.3937008 0.3937008 1.818989e-12 0.3937008 0.3937008 48.0315 0.3937008 39.76378 4.547474e-13 0.3937008 20.47244 48.0315 0.3937008 20.47244 1.136868e-12 0.3937008 39.76378 48.0315 0.3937008 39.76378 48.0315 0.3937008 39.76378 4.547474e-13 0.3937008 20.47244 48.0315 0.3937008 20.47244 1.136868e-12 0.3937008 39.76378 4.547474e-13 0.3937008 39.76378 48.0315 0.3937008 39.76378 48.0315 3.543307 20.47244 2.273737e-13 3.543307 20.47244 48.0315 3.543307 39.76378 1.591616e-12 3.543307 39.76378 1.591616e-12 3.543307 39.76378 48.0315 3.543307 20.47244 2.273737e-13 3.543307 20.47244 48.0315 3.543307 39.76378 1.591616e-12 3.543307 39.76378 48.0315 3.543307 0.3937008 1.818989e-12 0.3937008 0.3937008 48.0315 3.543307 0.3937008 9.094947e-13 3.543307 0.3937008 48.0315 0.3937008 0.3937008 48.0315 0.3937008 0.3937008 1.818989e-12 0.3937008 0.3937008 48.0315 3.543307 0.3937008 9.094947e-13 3.543307 39.76378 1.591616e-12 3.543307 39.76378 48.0315 0.3937008 39.76378 4.547474e-13 0.3937008 39.76378 48.0315 3.543307 39.76378 48.0315 3.543307 39.76378 1.591616e-12 3.543307 39.76378 48.0315 0.3937008 39.76378 4.547474e-13 0.3937008</float_array>
                    <technique_common>
                        <accessor count="88" source="#ID173" stride="3">
                            <param name="X" type="float" />
                            <param name="Y" type="float" />
                            <param name="Z" type="float" />
                        </accessor>
                    </technique_common>
                </source>
                <source id="ID169">
                    <float_array id="ID174" count="264">2.513186e-13 -1 2.069178e-14 2.513186e-13 -1 2.069178e-14 2.513186e-13 -1 2.069178e-14 2.513186e-13 -1 2.069178e-14 -2.513186e-13 1 -2.069178e-14 -2.513186e-13 1 -2.069178e-14 -2.513186e-13 1 -2.069178e-14 -2.513186e-13 1 -2.069178e-14 0 0 0 0 0 0 0 0 0 0 0 0 -1 2.381374e-14 8.080515e-14 -1 2.381374e-14 8.080515e-14 -1 2.381374e-14 8.080515e-14 -1 2.381374e-14 8.080515e-14 1 -2.381374e-14 -8.080515e-14 1 -2.381374e-14 -8.080515e-14 1 -2.381374e-14 -8.080515e-14 1 -2.381374e-14 -8.080515e-14 0 0 0 0 0 0 1 -3.748493e-16 -8.079995e-14 1 -3.748493e-16 -8.079995e-14 1 -3.748493e-16 -8.079995e-14 1 -3.748493e-16 -8.079995e-14 -1 3.748493e-16 8.079995e-14 -1 3.748493e-16 8.079995e-14 -1 3.748493e-16 8.079995e-14 -1 3.748493e-16 8.079995e-14 0 0 0 0 0 0 -2.255141e-17 2.049749e-14 -1 -2.255141e-17 2.049749e-14 -1 -2.255141e-17 2.049749e-14 -1 -2.255141e-17 2.049749e-14 -1 2.255141e-17 -2.049749e-14 1 2.255141e-17 -2.049749e-14 1 2.255141e-17 -2.049749e-14 1 2.255141e-17 -2.049749e-14 1 0 0 0 0 0 0 1.656661e-16 -2.050096e-14 1 1.656661e-16 -2.050096e-14 1 1.656661e-16 -2.050096e-14 1 1.656661e-16 -2.050096e-14 1 -1.656661e-16 2.050096e-14 -1 -1.656661e-16 2.050096e-14 -1 -1.656661e-16 2.050096e-14 -1 -1.656661e-16 2.050096e-14 -1 0 0 0 0 0 0 -3.469447e-17 4.126213e-14 1 -3.469447e-17 4.126213e-14 1 -3.469447e-17 4.126213e-14 1 -3.469447e-17 4.126213e-14 1 3.469447e-17 -4.126213e-14 -1 3.469447e-17 -4.126213e-14 -1 3.469447e-17 -4.126213e-14 -1 3.469447e-17 -4.126213e-14 -1 0 0 0 0 0 0 2.220446e-16 -4.127254e-14 -1 2.220446e-16 -4.127254e-14 -1 2.220446e-16 -4.127254e-14 -1 2.220446e-16 -4.127254e-14 -1 -2.220446e-16 4.127254e-14 1 -2.220446e-16 4.127254e-14 1 -2.220446e-16 4.127254e-14 1 -2.220446e-16 4.127254e-14 1 0 0 0 0 0 0 1 -2.366653e-14 1.959327e-13 1 -2.366653e-14 1.959327e-13 1 -2.366653e-14 1.959327e-13 1 -2.366653e-14 1.959327e-13 -1 2.366653e-14 -1.959327e-13 -1 2.366653e-14 -1.959327e-13 -1 2.366653e-14 -1.959327e-13 -1 2.366653e-14 -1.959327e-13 -1 1.986123e-16 2.191719e-13 -1 1.986123e-16 2.191719e-13 -1 1.986123e-16 2.191719e-13 -1 1.986123e-16 2.191719e-13 1 -1.986123e-16 -2.191719e-13 1 -1.986123e-16 -2.191719e-13 1 -1.986123e-16 -2.191719e-13 1 -1.986123e-16 -2.191719e-13</float_array>
                    <technique_common>
                        <accessor count="88" source="#ID174" stride="3">
                            <param name="X" type="float" />
                            <param name="Y" type="float" />
                            <param name="Z" type="float" />
                        </accessor>
                    </technique_common>
                </source>
                <source id="ID170">
                    <Name_array id="ID176" count="0" />
                    <technique_common>
                        <accessor count="0" source="#ID176" stride="1">
                            <param name="skp_material" type="Name" />
                        </accessor>
                    </technique_common>
                </source>
                <source id="ID172">
                    <float_array id="ID175" count="72">2.047244 0.03937008 1.968504 0.3543307 1.968504 0.03937008 2.047244 0.3543307 -4.80315 0.3543307 -1.605643e-13 0.03937008 -6.961481e-14 0.3543307 -4.80315 0.03937008 1.144542e-13 0.03937008 4.80315 0.3543307 2.350478e-14 0.3543307 4.80315 0.03937008 -0.03937008 4.80315 -1.968504 3.000026e-14 -0.03937008 9.821236e-14 -1.968504 4.80315 1.968504 1.14494e-13 0.03937008 4.80315 0.03937008 1.827061e-13 1.968504 4.80315 3.976378 4.385024e-14 2.047244 4.80315 2.047244 1.120623e-13 3.976378 4.80315 -3.976378 4.80315 -2.047244 8.113239e-15 -2.047244 4.80315 -3.976378 1.445374e-13 1.828307e-13 0.03937008 4.80315 0.3543307 9.188122e-14 0.3543307 4.80315 0.03937008 -1.599513e-13 0.3543307 -4.80315 0.03937008 -4.626449e-14 0.03937008 -4.80315 0.3543307</float_array>
                    <technique_common>
                        <accessor count="36" source="#ID175" stride="2">
                            <param name="S" type="float" />
                            <param name="T" type="float" />
                        </accessor>
                    </technique_common>
                </source>
                <vertices id="ID171">
                    <input semantic="POSITION" source="#ID168" />
                    <input semantic="NORMAL" source="#ID169" />
                </vertices>
                <triangles count="36" material="Material2">
                    <input offset="0" semantic="VERTEX" source="#ID171" />
                    <input offset="1" semantic="TEXCOORD" source="#ID172" />
                    <p>0 0 1 1 2 2 1 1 0 0 3 3 4 3 5 0 6 1 7 2 6 1 5 0 12 4 13 5 14 6 13 5 12 4 15 7 16 7 17 4 18 5 19 6 18 5 17 4 22 8 23 9 24 10 23 9 22 8 25 11 26 11 27 8 28 9 29 10 28 9 27 8 32 12 33 13 34 14 33 13 32 12 35 15 36 15 37 12 38 13 39 14 38 13 37 12 42 16 43 17 44 18 43 17 42 16 45 19 46 19 47 16 48 17 49 18 48 17 47 16 52 20 53 21 54 22 53 21 52 20 55 23 56 23 57 20 58 21 59 22 58 21 57 20 62 24 63 25 64 26 63 25 62 24 65 27 66 27 67 24 68 25 69 26 68 25 67 24 72 28 73 29 74 30 73 29 72 28 75 31 76 31 77 28 78 29 79 30 78 29 77 28 80 32 81 33 82 34 81 33 80 32 83 35 84 35 85 32 86 33 87 34 86 33 85 32</p>
                </triangles>
                <lines count="26" material="Material3">
                    <input offset="0" semantic="VERTEX" source="#ID171" />
                    <p>8 9 8 10 11 10 9 11 8 20 20 21 10 21 11 30 31 30 9 31 40 8 40 41 41 20 10 50 21 51 50 51 60 11 60 61 61 30 9 70 31 71 70 71 50 40 51 41 70 60 71 61</p>
                </lines>
            </mesh>
        </geometry>
        <geometry id="ID178">
            <mesh>
                <source id="ID181">
                    <float_array id="ID187" count="876">3.149606 3.149606 5.329071e-15 2.273737e-12 4.501999e-11 2.4869e-14 2.273737e-12 3.149606 1.065814e-14 3.149606 4.411049e-11 1.598721e-14 3.149606 4.411049e-11 1.598721e-14 3.149606 3.149606 5.329071e-15 2.273737e-12 4.501999e-11 2.4869e-14 2.273737e-12 3.149606 1.065814e-14 3.149606 4.411049e-11 1.598721e-14 3.149606 3.149606 5.329071e-15 2.273737e-12 4.501999e-11 2.4869e-14 2.273737e-12 3.149606 1.065814e-14 3.149606 4.411049e-11 1.598721e-14 3.149606 3.149606 56.29921 3.149606 4.3201e-11 56.29921 3.149606 3.149606 5.329071e-15 3.149606 3.149606 5.329071e-15 3.149606 4.411049e-11 1.598721e-14 3.149606 3.149606 56.29921 3.149606 4.3201e-11 56.29921 3.149606 3.149606 56.29921 3.149606 4.3201e-11 56.29921 101.9685 2.046363e-11 59.44882 3.149606 4.365575e-11 59.44882 101.9685 1.978151e-11 56.29921 101.9685 5.547918e-11 119.685 3.149606 4.433787e-11 119.685 101.9685 5.593392e-11 116.5354 101.9685 0 176.7717 3.149606 4.501999e-11 173.622 101.9685 0 173.622 3.149606 4.3201e-11 56.29921 2.273737e-12 4.501999e-11 2.4869e-14 3.149606 4.411049e-11 1.598721e-14 4.547474e-13 4.479261e-11 191.3386 3.149606 4.388312e-11 116.5354 3.149606 4.433787e-11 176.7717 3.149606 4.570211e-11 191.3386 3.149606 4.570211e-11 191.3386 3.149606 4.433787e-11 176.7717 4.547474e-13 4.479261e-11 191.3386 101.9685 0 176.7717 3.149606 4.501999e-11 173.622 3.149606 4.433787e-11 119.685 101.9685 5.593392e-11 116.5354 3.149606 4.388312e-11 116.5354 3.149606 4.365575e-11 59.44882 101.9685 1.978151e-11 56.29921 3.149606 4.3201e-11 56.29921 2.273737e-12 4.501999e-11 2.4869e-14 3.149606 4.411049e-11 1.598721e-14 101.9685 0 173.622 101.9685 5.547918e-11 119.685 101.9685 2.046363e-11 59.44882 101.9685 1.978151e-11 56.29921 101.9685 2.046363e-11 59.44882 3.149606 4.365575e-11 59.44882 3.149606 4.388312e-11 116.5354 101.9685 5.593392e-11 116.5354 101.9685 5.547918e-11 119.685 3.149606 4.433787e-11 119.685 3.149606 4.501999e-11 173.622 101.9685 0 173.622 101.9685 0 176.7717 3.149606 4.433787e-11 176.7717 3.149606 4.570211e-11 191.3386 4.547474e-13 4.479261e-11 191.3386 -4.547474e-13 3.149606 191.3386 2.273737e-12 4.501999e-11 2.4869e-14 4.547474e-13 4.479261e-11 191.3386 2.273737e-12 3.149606 1.065814e-14 2.273737e-12 3.149606 1.065814e-14 -4.547474e-13 3.149606 191.3386 2.273737e-12 4.501999e-11 2.4869e-14 4.547474e-13 4.479261e-11 191.3386 -4.547474e-13 3.149606 191.3386 2.273737e-12 3.149606 1.065814e-14 3.149606 3.149606 56.29921 3.149606 3.149606 5.329071e-15 -4.547474e-13 3.149606 191.3386 3.149606 3.149606 59.44882 101.9685 3.149606 56.29921 3.149606 3.149606 116.5354 3.149606 3.149606 119.685 101.9685 3.149606 116.5354 3.149606 3.149606 173.622 3.149606 3.149606 176.7717 101.9685 3.149606 176.7717 3.149606 3.149606 191.3386 101.9685 3.149606 9.237056e-14 105.1181 3.149606 191.3386 105.1181 3.149606 6.039613e-14 101.9685 3.149606 59.44882 101.9685 3.149606 119.685 101.9685 3.149606 173.622 101.9685 3.149606 191.3386 101.9685 3.149606 191.3386 101.9685 3.149606 176.7717 105.1181 3.149606 191.3386 3.149606 3.149606 173.622 101.9685 3.149606 173.622 101.9685 3.149606 119.685 3.149606 3.149606 119.685 101.9685 3.149606 116.5354 101.9685 3.149606 59.44882 3.149606 3.149606 59.44882 101.9685 3.149606 56.29921 101.9685 3.149606 9.237056e-14 105.1181 3.149606 6.039613e-14 3.149606 3.149606 191.3386 -4.547474e-13 3.149606 191.3386 3.149606 3.149606 176.7717 3.149606 3.149606 116.5354 3.149606 3.149606 56.29921 2.273737e-12 3.149606 1.065814e-14 3.149606 3.149606 5.329071e-15 3.149606 3.149606 176.7717 101.9685 3.149606 176.7717 101.9685 3.149606 191.3386 105.1181 3.149606 191.3386 105.1181 3.149606 6.039613e-14 101.9685 3.149606 9.237056e-14 101.9685 3.149606 56.29921 3.149606 3.149606 191.3386 101.9685 3.149606 59.44882 101.9685 3.149606 116.5354 3.149606 3.149606 116.5354 3.149606 3.149606 59.44882 101.9685 3.149606 119.685 101.9685 3.149606 173.622 3.149606 3.149606 173.622 3.149606 3.149606 119.685 3.149606 3.149606 56.29921 101.9685 1.978151e-11 56.29921 3.149606 4.3201e-11 56.29921 101.9685 3.149606 56.29921 101.9685 3.149606 56.29921 3.149606 3.149606 56.29921 101.9685 1.978151e-11 56.29921 3.149606 4.3201e-11 56.29921 105.1181 4.365575e-11 191.3386 101.9685 4.388312e-11 9.592327e-14 105.1181 4.570211e-11 6.039613e-14 101.9685 1.978151e-11 56.29921 101.9685 2.046363e-11 59.44882 101.9685 5.593392e-11 116.5354 101.9685 5.547918e-11 119.685 101.9685 0 173.622 101.9685 0 176.7717 101.9685 4.570211e-11 191.3386 101.9685 4.570211e-11 191.3386 105.1181 4.365575e-11 191.3386 101.9685 0 176.7717 101.9685 0 173.622 101.9685 5.547918e-11 119.685 101.9685 5.593392e-11 116.5354 101.9685 2.046363e-11 59.44882 101.9685 1.978151e-11 56.29921 101.9685 4.388312e-11 9.592327e-14 105.1181 4.570211e-11 6.039613e-14 101.9685 4.388312e-11 9.592327e-14 105.1181 4.570211e-11 6.039613e-14 105.1181 4.365575e-11 191.3386 101.9685 4.570211e-11 191.3386 101.9685 2.046363e-11 59.44882 3.149606 3.149606 59.44882 3.149606 4.365575e-11 59.44882 101.9685 3.149606 59.44882 101.9685 3.149606 59.44882 101.9685 2.046363e-11 59.44882 3.149606 3.149606 59.44882 3.149606 4.365575e-11 59.44882 3.149606 3.149606 59.44882 3.149606 4.388312e-11 116.5354 3.149606 4.365575e-11 59.44882 3.149606 3.149606 116.5354 3.149606 3.149606 116.5354 3.149606 3.149606 59.44882 3.149606 4.388312e-11 116.5354 3.149606 4.365575e-11 59.44882 101.9685 3.149606 116.5354 3.149606 4.388312e-11 116.5354 3.149606 3.149606 116.5354 101.9685 5.593392e-11 116.5354 101.9685 5.593392e-11 116.5354 101.9685 3.149606 116.5354 3.149606 4.388312e-11 116.5354 3.149606 3.149606 116.5354 101.9685 5.547918e-11 119.685 3.149606 3.149606 119.685 3.149606 4.433787e-11 119.685 101.9685 3.149606 119.685 101.9685 3.149606 119.685 101.9685 5.547918e-11 119.685 3.149606 3.149606 119.685 3.149606 4.433787e-11 119.685 3.149606 3.149606 119.685 3.149606 4.501999e-11 173.622 3.149606 4.433787e-11 119.685 3.149606 3.149606 173.622 3.149606 3.149606 173.622 3.149606 3.149606 119.685 3.149606 4.501999e-11 173.622 3.149606 4.433787e-11 119.685 3.149606 3.149606 173.622 101.9685 0 173.622 3.149606 4.501999e-11 173.622 101.9685 3.149606 173.622 101.9685 3.149606 173.622 3.149606 3.149606 173.622 101.9685 0 173.622 3.149606 4.501999e-11 173.622 101.9685 0 176.7717 3.149606 3.149606 176.7717 3.149606 4.433787e-11 176.7717 101.9685 3.149606 176.7717 101.9685 3.149606 176.7717 101.9685 0 176.7717 3.149606 3.149606 176.7717 3.149606 4.433787e-11 176.7717 3.149606 3.149606 176.7717 3.149606 4.570211e-11 191.3386 3.149606 4.433787e-11 176.7717 3.149606 3.149606 191.3386 3.149606 3.149606 191.3386 3.149606 3.149606 176.7717 3.149606 4.570211e-11 191.3386 3.149606 4.433787e-11 176.7717 4.547474e-13 4.479261e-11 191.3386 3.149606 3.149606 191.3386 -4.547474e-13 3.149606 191.3386 3.149606 4.570211e-11 191.3386 3.149606 4.570211e-11 191.3386 4.547474e-13 4.479261e-11 191.3386 3.149606 3.149606 191.3386 -4.547474e-13 3.149606 191.3386 101.9685 4.570211e-11 191.3386 101.9685 3.149606 176.7717 101.9685 0 176.7717 101.9685 3.149606 191.3386 101.9685 3.149606 191.3386 101.9685 4.570211e-11 191.3386 101.9685 3.149606 176.7717 101.9685 0 176.7717 101.9685 4.570211e-11 191.3386 105.1181 3.149606 191.3386 101.9685 3.149606 191.3386 105.1181 4.365575e-11 191.3386 105.1181 4.365575e-11 191.3386 101.9685 4.570211e-11 191.3386 105.1181 3.149606 191.3386 101.9685 3.149606 191.3386 105.1181 4.570211e-11 6.039613e-14 105.1181 3.149606 191.3386 105.1181 4.365575e-11 191.3386 105.1181 3.149606 6.039613e-14 105.1181 3.149606 6.039613e-14 105.1181 4.570211e-11 6.039613e-14 105.1181 3.149606 191.3386 105.1181 4.365575e-11 191.3386 101.9685 3.149606 9.237056e-14 105.1181 4.570211e-11 6.039613e-14 101.9685 4.388312e-11 9.592327e-14 105.1181 3.149606 6.039613e-14 105.1181 3.149606 6.039613e-14 101.9685 3.149606 9.237056e-14 105.1181 4.570211e-11 6.039613e-14 101.9685 4.388312e-11 9.592327e-14 101.9685 3.149606 56.29921 101.9685 4.388312e-11 9.592327e-14 101.9685 1.978151e-11 56.29921 101.9685 3.149606 9.237056e-14 101.9685 3.149606 9.237056e-14 101.9685 3.149606 56.29921 101.9685 4.388312e-11 9.592327e-14 101.9685 1.978151e-11 56.29921 101.9685 3.149606 173.622 101.9685 5.547918e-11 119.685 101.9685 0 173.622 101.9685 3.149606 119.685 101.9685 3.149606 119.685 101.9685 3.149606 173.622 101.9685 5.547918e-11 119.685 101.9685 0 173.622 101.9685 5.593392e-11 116.5354 101.9685 3.149606 59.44882 101.9685 2.046363e-11 59.44882 101.9685 3.149606 116.5354 101.9685 3.149606 116.5354 101.9685 5.593392e-11 116.5354 101.9685 3.149606 59.44882 101.9685 2.046363e-11 59.44882</float_array>
                    <technique_common>
                        <accessor count="292" source="#ID187" stride="3">
                            <param name="X" type="float" />
                            <param name="Y" type="float" />
                            <param name="Z" type="float" />
                        </accessor>
                    </technique_common>
                </source>
                <source id="ID182">
                    <float_array id="ID188" count="876">3.720982e-16 8.396062e-16 -1 3.720982e-16 8.396062e-16 -1 3.720982e-16 8.396062e-16 -1 3.720982e-16 8.396062e-16 -1 -3.720982e-16 -8.396062e-16 1 -3.720982e-16 -8.396062e-16 1 -3.720982e-16 -8.396062e-16 1 -3.720982e-16 -8.396062e-16 1 0 0 0 0 0 0 0 0 0 0 0 0 1 -8.90151e-14 2.290616e-14 1 -8.90151e-14 2.290616e-14 1 -8.90151e-14 2.290616e-14 1 -8.90151e-14 2.290616e-14 -1 8.90151e-14 -2.290616e-14 -1 8.90151e-14 -2.290616e-14 -1 8.90151e-14 -2.290616e-14 -1 8.90151e-14 -2.290616e-14 0 0 0 0 0 0 -1.904816e-13 -1 -3.057624e-14 -1.904816e-13 -1 -3.057624e-14 -1.904816e-13 -1 -3.057624e-14 -1.904816e-13 -1 -3.057624e-14 -1.904816e-13 -1 -3.057624e-14 -1.904816e-13 -1 -3.057624e-14 -1.904816e-13 -1 -3.057624e-14 -1.904816e-13 -1 -3.057624e-14 -1.904816e-13 -1 -3.057624e-14 -1.904816e-13 -1 -3.057624e-14 -1.904816e-13 -1 -3.057624e-14 -1.904816e-13 -1 -3.057624e-14 -1.904816e-13 -1 -3.057624e-14 -1.904816e-13 -1 -3.057624e-14 -1.904816e-13 -1 -3.057624e-14 -1.904816e-13 -1 -3.057624e-14 1.904816e-13 1 3.057624e-14 1.904816e-13 1 3.057624e-14 1.904816e-13 1 3.057624e-14 1.904816e-13 1 3.057624e-14 1.904816e-13 1 3.057624e-14 1.904816e-13 1 3.057624e-14 1.904816e-13 1 3.057624e-14 1.904816e-13 1 3.057624e-14 1.904816e-13 1 3.057624e-14 1.904816e-13 1 3.057624e-14 1.904816e-13 1 3.057624e-14 1.904816e-13 1 3.057624e-14 1.904816e-13 1 3.057624e-14 1.904816e-13 1 3.057624e-14 1.904816e-13 1 3.057624e-14 1.904816e-13 1 3.057624e-14 0 0 0 0 0 0 0 0 0 0 0 0 0 0 0 0 0 0 0 0 0 0 0 0 0 0 0 0 0 0 0 0 0 0 0 0 0 0 0 -1 -6.219692e-14 -2.856222e-15 -1 -6.219692e-14 -2.856222e-15 -1 -6.219692e-14 -2.856222e-15 -1 -6.219692e-14 -2.856222e-15 1 6.219692e-14 2.856222e-15 1 6.219692e-14 2.856222e-15 1 6.219692e-14 2.856222e-15 1 6.219692e-14 2.856222e-15 0 0 0 1.116233e-13 1 2.44145e-14 1.116233e-13 1 2.44145e-14 1.116233e-13 1 2.44145e-14 1.116233e-13 1 2.44145e-14 1.116233e-13 1 2.44145e-14 1.116233e-13 1 2.44145e-14 1.116233e-13 1 2.44145e-14 1.116233e-13 1 2.44145e-14 1.116233e-13 1 2.44145e-14 1.116233e-13 1 2.44145e-14 1.116233e-13 1 2.44145e-14 1.116233e-13 1 2.44145e-14 1.116233e-13 1 2.44145e-14 1.116233e-13 1 2.44145e-14 1.116233e-13 1 2.44145e-14 1.116233e-13 1 2.44145e-14 1.116233e-13 1 2.44145e-14 1.116233e-13 1 2.44145e-14 1.116233e-13 1 2.44145e-14 1.116233e-13 1 2.44145e-14 -1.116233e-13 -1 -2.44145e-14 -1.116233e-13 -1 -2.44145e-14 -1.116233e-13 -1 -2.44145e-14 -1.116233e-13 -1 -2.44145e-14 -1.116233e-13 -1 -2.44145e-14 -1.116233e-13 -1 -2.44145e-14 -1.116233e-13 -1 -2.44145e-14 -1.116233e-13 -1 -2.44145e-14 -1.116233e-13 -1 -2.44145e-14 -1.116233e-13 -1 -2.44145e-14 -1.116233e-13 -1 -2.44145e-14 -1.116233e-13 -1 -2.44145e-14 -1.116233e-13 -1 -2.44145e-14 -1.116233e-13 -1 -2.44145e-14 -1.116233e-13 -1 -2.44145e-14 -1.116233e-13 -1 -2.44145e-14 -1.116233e-13 -1 -2.44145e-14 -1.116233e-13 -1 -2.44145e-14 -1.116233e-13 -1 -2.44145e-14 -1.116233e-13 -1 -2.44145e-14 0 0 0 0 0 0 0 0 0 0 0 0 0 0 0 0 0 0 0 0 0 0 0 0 0 0 0 0 0 0 0 0 0 0 0 0 0 0 0 0 0 0 0 0 0 0 0 0 2.754151e-13 5.58581e-16 -1 2.754151e-13 5.58581e-16 -1 2.754151e-13 5.58581e-16 -1 2.754151e-13 5.58581e-16 -1 -2.754151e-13 -5.58581e-16 1 -2.754151e-13 -5.58581e-16 1 -2.754151e-13 -5.58581e-16 1 -2.754151e-13 -5.58581e-16 1 4.385234e-12 -1 -5.592055e-14 4.385234e-12 -1 -5.592055e-14 4.385234e-12 -1 -5.592055e-14 4.385234e-12 -1 -5.592055e-14 4.385234e-12 -1 -5.592055e-14 4.385234e-12 -1 -5.592055e-14 4.385234e-12 -1 -5.592055e-14 4.385234e-12 -1 -5.592055e-14 4.385234e-12 -1 -5.592055e-14 4.385234e-12 -1 -5.592055e-14 -4.385234e-12 1 5.592055e-14 -4.385234e-12 1 5.592055e-14 -4.385234e-12 1 5.592055e-14 -4.385234e-12 1 5.592055e-14 -4.385234e-12 1 5.592055e-14 -4.385234e-12 1 5.592055e-14 -4.385234e-12 1 5.592055e-14 -4.385234e-12 1 5.592055e-14 -4.385234e-12 1 5.592055e-14 -4.385234e-12 1 5.592055e-14 0 0 0 0 0 0 0 0 0 0 0 0 -2.753301e-13 -2.706169e-16 1 -2.753301e-13 -2.706169e-16 1 -2.753301e-13 -2.706169e-16 1 -2.753301e-13 -2.706169e-16 1 2.753301e-13 2.706169e-16 -1 2.753301e-13 2.706169e-16 -1 2.753301e-13 2.706169e-16 -1 2.753301e-13 2.706169e-16 -1 1 -3.754218e-14 1.287859e-14 1 -3.754218e-14 1.287859e-14 1 -3.754218e-14 1.287859e-14 1 -3.754218e-14 1.287859e-14 -1 3.754218e-14 -1.287859e-14 -1 3.754218e-14 -1.287859e-14 -1 3.754218e-14 -1.287859e-14 -1 3.754218e-14 -1.287859e-14 4.735622e-14 9.020562e-16 -1 4.735622e-14 9.020562e-16 -1 4.735622e-14 9.020562e-16 -1 4.735622e-14 9.020562e-16 -1 -4.735622e-14 -9.020562e-16 1 -4.735622e-14 -9.020562e-16 1 -4.735622e-14 -9.020562e-16 1 -4.735622e-14 -9.020562e-16 1 -4.729897e-14 -2.282896e-15 1 -4.729897e-14 -2.282896e-15 1 -4.729897e-14 -2.282896e-15 1 -4.729897e-14 -2.282896e-15 1 4.729897e-14 2.282896e-15 -1 4.729897e-14 2.282896e-15 -1 4.729897e-14 2.282896e-15 -1 4.729897e-14 2.282896e-15 -1 1 -1.686172e-13 -5.515206e-14 1 -1.686172e-13 -5.515206e-14 1 -1.686172e-13 -5.515206e-14 1 -1.686172e-13 -5.515206e-14 -1 1.686172e-13 5.515206e-14 -1 1.686172e-13 5.515206e-14 -1 1.686172e-13 5.515206e-14 -1 1.686172e-13 5.515206e-14 -7.03786e-14 -2.543105e-15 -1 -7.03786e-14 -2.543105e-15 -1 -7.03786e-14 -2.543105e-15 -1 -7.03786e-14 -2.543105e-15 -1 7.03786e-14 2.543105e-15 1 7.03786e-14 2.543105e-15 1 7.03786e-14 2.543105e-15 1 7.03786e-14 2.543105e-15 1 7.040202e-14 5.172945e-15 1 7.040202e-14 5.172945e-15 1 7.040202e-14 5.172945e-15 1 7.040202e-14 5.172945e-15 1 -7.040202e-14 -5.172945e-15 -1 -7.040202e-14 -5.172945e-15 -1 -7.040202e-14 -5.172945e-15 -1 -7.040202e-14 -5.172945e-15 -1 1 -7.144773e-13 -7.268491e-16 1 -7.144773e-13 -7.268491e-16 1 -7.144773e-13 -7.268491e-16 1 -7.144773e-13 -7.268491e-16 -1 7.144773e-13 7.268491e-16 -1 7.144773e-13 7.268491e-16 -1 7.144773e-13 7.268491e-16 -1 7.144773e-13 7.268491e-16 -3.720982e-16 -8.396062e-16 1 -3.720982e-16 -8.396062e-16 1 -3.720982e-16 -8.396062e-16 1 -3.720982e-16 -8.396062e-16 1 3.720982e-16 8.396062e-16 -1 3.720982e-16 8.396062e-16 -1 3.720982e-16 8.396062e-16 -1 3.720982e-16 8.396062e-16 -1 -1 -9.796881e-14 1.781457e-13 -1 -9.796881e-14 1.781457e-13 -1 -9.796881e-14 1.781457e-13 -1 -9.796881e-14 1.781457e-13 1 9.796881e-14 -1.781457e-13 1 9.796881e-14 -1.781457e-13 1 9.796881e-14 -1.781457e-13 1 9.796881e-14 -1.781457e-13 -3.720982e-16 -8.396062e-16 1 -3.720982e-16 -8.396062e-16 1 -3.720982e-16 -8.396062e-16 1 -3.720982e-16 -8.396062e-16 1 3.720982e-16 8.396062e-16 -1 3.720982e-16 8.396062e-16 -1 3.720982e-16 8.396062e-16 -1 3.720982e-16 8.396062e-16 -1 1 1.354751e-13 3.623837e-15 1 1.354751e-13 3.623837e-15 1 1.354751e-13 3.623837e-15 1 1.354751e-13 3.623837e-15 -1 -1.354751e-13 -3.623837e-15 -1 -1.354751e-13 -3.623837e-15 -1 -1.354751e-13 -3.623837e-15 -1 -1.354751e-13 -3.623837e-15 3.720982e-16 8.396062e-16 -1 3.720982e-16 8.396062e-16 -1 3.720982e-16 8.396062e-16 -1 3.720982e-16 8.396062e-16 -1 -3.720982e-16 -8.396062e-16 1 -3.720982e-16 -8.396062e-16 1 -3.720982e-16 -8.396062e-16 1 -3.720982e-16 -8.396062e-16 1 -1 9.936679e-14 -1.261404e-14 -1 9.936679e-14 -1.261404e-14 -1 9.936679e-14 -1.261404e-14 -1 9.936679e-14 -1.261404e-14 1 -9.936679e-14 1.261404e-14 1 -9.936679e-14 1.261404e-14 1 -9.936679e-14 1.261404e-14 1 -9.936679e-14 1.261404e-14 -1 9.928518e-14 7.450637e-15 -1 9.928518e-14 7.450637e-15 -1 9.928518e-14 7.450637e-15 -1 9.928518e-14 7.450637e-15 1 -9.928518e-14 -7.450637e-15 1 -9.928518e-14 -7.450637e-15 1 -9.928518e-14 -7.450637e-15 1 -9.928518e-14 -7.450637e-15 -1 8.892389e-14 -4.55868e-14 -1 8.892389e-14 -4.55868e-14 -1 8.892389e-14 -4.55868e-14 -1 8.892389e-14 -4.55868e-14 1 -8.892389e-14 4.55868e-14 1 -8.892389e-14 4.55868e-14 1 -8.892389e-14 4.55868e-14 1 -8.892389e-14 4.55868e-14</float_array>
                    <technique_common>
                        <accessor count="292" source="#ID188" stride="3">
                            <param name="X" type="float" />
                            <param name="Y" type="float" />
                            <param name="Z" type="float" />
                        </accessor>
                    </technique_common>
                </source>
                <source id="ID183">
                    <Name_array id="ID189" count="0" />
                    <technique_common>
                        <accessor count="0" source="#ID189" stride="1">
                            <param name="skp_material" type="Name" />
                        </accessor>
                    </technique_common>
                </source>
                <vertices id="ID184">
                    <input semantic="POSITION" source="#ID181" />
                    <input semantic="NORMAL" source="#ID182" />
                </vertices>
                <triangles count="168" material="Material2">
                    <input offset="0" semantic="VERTEX" source="#ID184" />
                    <p>0 1 2 1 0 3 4 5 6 7 6 5 12 13 14 13 12 15 16 17 18 19 18 17 22 23 24 25 26 27 28 29 30 31 32 33 32 31 34 34 31 23 23 31 24 34 23 35 34 35 26 26 35 27 34 26 29 34 29 36 36 29 28 34 36 37 38 39 40 41 42 39 39 42 40 42 43 40 44 45 43 43 45 40 45 46 40 47 48 46 46 48 40 40 48 49 50 49 48 51 42 41 44 43 52 47 46 53 67 68 69 68 67 70 71 72 73 74 73 72 76 77 78 77 76 79 77 79 80 77 80 81 80 79 82 82 79 83 82 83 84 83 79 85 85 79 86 85 86 87 86 79 88 89 90 91 90 89 81 90 81 92 92 81 80 90 92 84 90 84 93 93 84 83 90 93 94 90 94 87 87 94 85 90 87 95 96 97 98 99 100 97 97 100 98 100 101 98 102 103 101 101 103 98 103 104 98 105 106 104 104 106 98 106 107 98 108 98 107 109 110 111 97 111 99 111 110 99 99 110 102 103 102 112 102 110 112 112 110 105 106 105 113 105 110 113 110 114 113 115 113 114 132 133 134 133 132 135 136 137 138 139 138 137 140 141 142 141 140 143 143 140 144 144 140 145 145 140 146 146 140 147 147 140 148 148 140 149 150 151 152 152 151 153 153 151 154 154 151 155 155 151 156 156 151 157 157 151 158 159 158 151 164 165 166 165 164 167 168 169 170 171 170 169 172 173 174 173 172 175 176 177 178 179 178 177 180 181 182 181 180 183 184 185 186 187 186 185 188 189 190 189 188 191 192 193 194 195 194 193 196 197 198 197 196 199 200 201 202 203 202 201 204 205 206 205 204 207 208 209 210 211 210 209 212 213 214 213 212 215 216 217 218 219 218 217 220 221 222 221 220 223 224 225 226 227 226 225 228 229 230 229 228 231 232 233 234 235 234 233 236 237 238 237 236 239 240 241 242 243 242 241 244 245 246 245 244 247 248 249 250 251 250 249 252 253 254 253 252 255 256 257 258 259 258 257 260 261 262 261 260 263 264 265 266 267 266 265 268 269 270 269 268 271 272 273 274 275 274 273 276 277 278 277 276 279 280 281 282 283 282 281 284 285 286 285 284 287 288 289 290 291 290 289</p>
                </triangles>
                <lines count="63" material="Material3">
                    <input offset="0" semantic="VERTEX" source="#ID184" />
                    <p>8 9 10 8 10 11 11 9 9 20 21 20 8 21 21 54 54 55 56 55 56 57 57 58 58 59 60 59 60 61 61 62 62 63 64 63 64 65 66 65 10 66 66 75 11 75 116 117 117 118 118 119 120 119 121 120 121 122 20 122 75 123 116 123 124 125 126 125 127 126 127 124 128 129 130 129 131 130 131 128 54 122 160 161 161 162 163 162 63 163 59 62 55 58 160 54 127 56 124 55 57 126 58 125 131 60 128 59 130 61 129 62 116 64 117 63 65 123 163 118 162 119 161 120 160 121</p>
                </lines>
            </mesh>
        </geometry>
        <geometry id="ID190">
            <mesh>
                <source id="ID191">
                    <float_array id="ID195" count="690">3.149606 35.82677 191.3386 2.728484e-12 38.97638 191.3386 2.273737e-12 35.82677 191.3386 3.149606 38.97638 191.3386 3.149606 38.97638 191.3386 3.149606 35.82677 191.3386 2.728484e-12 38.97638 191.3386 2.273737e-12 35.82677 191.3386 3.149606 35.82677 191.3386 3.149606 38.97638 191.3386 2.728484e-12 38.97638 191.3386 2.273737e-12 35.82677 191.3386 3.149606 38.97638 176.7717 3.149606 35.82677 191.3386 3.149606 35.82677 176.7717 3.149606 38.97638 191.3386 3.149606 38.97638 191.3386 3.149606 38.97638 176.7717 3.149606 35.82677 191.3386 3.149606 35.82677 176.7717 3.149606 35.82677 176.7717 3.149606 38.97638 176.7717 4.547474e-13 38.97638 3.730349e-14 3.149606 38.97638 56.45652 3.149606 38.97638 1.065814e-14 2.728484e-12 38.97638 191.3386 3.149606 38.97638 59.44882 101.9685 38.97638 56.45652 3.149606 38.97638 116.5354 3.149606 38.97638 119.685 101.9685 38.97638 116.5354 3.149606 38.97638 173.622 3.149606 38.97638 176.7717 101.9685 38.97638 176.7717 3.149606 38.97638 191.3386 105.1181 38.97638 8.526513e-14 101.9685 38.97638 6.927792e-14 105.1181 38.97638 191.3386 101.9685 38.97638 59.44882 101.9685 38.97638 119.685 101.9685 38.97638 173.622 101.9685 38.97638 179.9213 101.9685 38.97638 191.3386 101.9685 38.97638 191.3386 101.9685 38.97638 179.9213 105.1181 38.97638 191.3386 101.9685 38.97638 176.7717 3.149606 38.97638 173.622 101.9685 38.97638 173.622 101.9685 38.97638 119.685 3.149606 38.97638 119.685 101.9685 38.97638 116.5354 101.9685 38.97638 59.44882 3.149606 38.97638 59.44882 101.9685 38.97638 56.45652 105.1181 38.97638 8.526513e-14 101.9685 38.97638 6.927792e-14 3.149606 38.97638 191.3386 2.728484e-12 38.97638 191.3386 3.149606 38.97638 176.7717 3.149606 38.97638 116.5354 3.149606 38.97638 56.45652 4.547474e-13 38.97638 3.730349e-14 3.149606 38.97638 1.065814e-14 101.9685 38.97638 6.927792e-14 101.9685 38.97638 56.45652 3.149606 38.97638 56.45652 3.149606 38.97638 1.065814e-14 4.547474e-13 38.97638 3.730349e-14 101.9685 38.97638 176.7717 101.9685 38.97638 179.9213 101.9685 38.97638 191.3386 105.1181 38.97638 191.3386 105.1181 38.97638 8.526513e-14 3.149606 38.97638 119.685 101.9685 38.97638 119.685 101.9685 38.97638 173.622 3.149606 38.97638 173.622 3.149606 38.97638 59.44882 101.9685 38.97638 59.44882 101.9685 38.97638 116.5354 3.149606 38.97638 116.5354 2.728484e-12 38.97638 191.3386 -4.547474e-13 35.82677 2.309264e-14 2.273737e-12 35.82677 191.3386 4.547474e-13 38.97638 3.730349e-14 4.547474e-13 38.97638 3.730349e-14 2.728484e-12 38.97638 191.3386 -4.547474e-13 35.82677 2.309264e-14 2.273737e-12 35.82677 191.3386 -4.547474e-13 35.82677 2.309264e-14 -4.547474e-13 35.82677 2.309264e-14 3.149606 35.82677 56.29921 3.149606 35.82677 2.131628e-14 2.273737e-12 35.82677 191.3386 3.149606 35.82677 59.44882 101.9685 35.82677 56.29921 3.149606 35.82677 116.5354 3.149606 35.82677 119.685 3.149606 35.82677 173.622 3.149606 35.82677 176.7717 3.149606 35.82677 191.3386 105.1181 35.82677 7.460699e-14 101.9685 35.82677 5.684342e-14 105.1181 35.82677 191.3386 101.9685 35.82677 59.44882 101.9685 35.82677 116.5354 101.9685 35.82677 119.685 101.9685 35.82677 173.622 101.9685 35.82677 176.7717 101.9685 35.82677 179.9213 101.9685 35.82677 191.3386 101.9685 35.82677 191.3386 101.9685 35.82677 179.9213 105.1181 35.82677 191.3386 101.9685 35.82677 176.7717 3.149606 35.82677 176.7717 3.149606 35.82677 173.622 101.9685 35.82677 173.622 101.9685 35.82677 119.685 3.149606 35.82677 119.685 3.149606 35.82677 116.5354 101.9685 35.82677 116.5354 101.9685 35.82677 59.44882 3.149606 35.82677 59.44882 101.9685 35.82677 56.29921 105.1181 35.82677 7.460699e-14 101.9685 35.82677 5.684342e-14 3.149606 35.82677 191.3386 2.273737e-12 35.82677 191.3386 3.149606 35.82677 56.29921 -4.547474e-13 35.82677 2.309264e-14 3.149606 35.82677 2.131628e-14 101.9685 35.82677 176.7717 101.9685 35.82677 179.9213 101.9685 35.82677 191.3386 105.1181 35.82677 191.3386 105.1181 35.82677 7.460699e-14 101.9685 35.82677 5.684342e-14 101.9685 35.82677 56.29921 3.149606 35.82677 56.29921 3.149606 35.82677 2.131628e-14 101.9685 35.82677 59.44882 101.9685 35.82677 116.5354 3.149606 35.82677 116.5354 3.149606 35.82677 59.44882 101.9685 35.82677 119.685 101.9685 35.82677 173.622 3.149606 35.82677 173.622 3.149606 35.82677 119.685 101.9685 35.82677 176.7717 3.149606 38.97638 176.7717 3.149606 35.82677 176.7717 101.9685 38.97638 176.7717 101.9685 38.97638 176.7717 101.9685 35.82677 176.7717 3.149606 38.97638 176.7717 3.149606 35.82677 176.7717 101.9685 38.97638 56.45652 101.9685 35.82677 5.684342e-14 101.9685 35.82677 56.29921 101.9685 38.97638 6.927792e-14 101.9685 38.97638 6.927792e-14 101.9685 38.97638 56.45652 101.9685 35.82677 5.684342e-14 101.9685 35.82677 56.29921 101.9685 38.97638 56.45652 3.149606 35.82677 56.29921 3.149606 38.97638 56.45652 101.9685 35.82677 56.29921 101.9685 35.82677 56.29921 101.9685 38.97638 56.45652 3.149606 35.82677 56.29921 3.149606 38.97638 56.45652 3.149606 38.97638 1.065814e-14 3.149606 35.82677 56.29921 3.149606 35.82677 2.131628e-14 3.149606 38.97638 56.45652 3.149606 38.97638 56.45652 3.149606 38.97638 1.065814e-14 3.149606 35.82677 56.29921 3.149606 35.82677 2.131628e-14 4.547474e-13 38.97638 3.730349e-14 3.149606 35.82677 2.131628e-14 -4.547474e-13 35.82677 2.309264e-14 3.149606 38.97638 1.065814e-14 3.149606 38.97638 1.065814e-14 4.547474e-13 38.97638 3.730349e-14 3.149606 35.82677 2.131628e-14 -4.547474e-13 35.82677 2.309264e-14 101.9685 38.97638 176.7717 101.9685 35.82677 179.9213 101.9685 35.82677 176.7717 101.9685 38.97638 179.9213 101.9685 38.97638 179.9213 101.9685 38.97638 176.7717 101.9685 35.82677 179.9213 101.9685 35.82677 176.7717 101.9685 35.82677 191.3386 101.9685 38.97638 179.9213 101.9685 35.82677 179.9213 101.9685 38.97638 191.3386 101.9685 38.97638 191.3386 101.9685 35.82677 191.3386 101.9685 38.97638 179.9213 101.9685 35.82677 179.9213 105.1181 35.82677 191.3386 101.9685 38.97638 191.3386 101.9685 35.82677 191.3386 105.1181 38.97638 191.3386 105.1181 38.97638 191.3386 105.1181 35.82677 191.3386 101.9685 38.97638 191.3386 101.9685 35.82677 191.3386 105.1181 38.97638 8.526513e-14 105.1181 35.82677 191.3386 105.1181 35.82677 7.460699e-14 105.1181 38.97638 191.3386 105.1181 38.97638 191.3386 105.1181 38.97638 8.526513e-14 105.1181 35.82677 191.3386 105.1181 35.82677 7.460699e-14 105.1181 38.97638 8.526513e-14 101.9685 35.82677 5.684342e-14 101.9685 38.97638 6.927792e-14 105.1181 35.82677 7.460699e-14 105.1181 35.82677 7.460699e-14 105.1181 38.97638 8.526513e-14 101.9685 35.82677 5.684342e-14 101.9685 38.97638 6.927792e-14</float_array>
                    <technique_common>
                        <accessor count="230" source="#ID195" stride="3">
                            <param name="X" type="float" />
                            <param name="Y" type="float" />
                            <param name="Z" type="float" />
                        </accessor>
                    </technique_common>
                </source>
                <source id="ID192">
                    <float_array id="ID196" count="690">-3.720982e-16 -8.396062e-16 1 -3.720982e-16 -8.396062e-16 1 -3.720982e-16 -8.396062e-16 1 -3.720982e-16 -8.396062e-16 1 3.720982e-16 8.396062e-16 -1 3.720982e-16 8.396062e-16 -1 3.720982e-16 8.396062e-16 -1 3.720982e-16 8.396062e-16 -1 0 0 0 0 0 0 0 0 0 0 0 0 1 -2.598413e-13 -1.855347e-13 1 -2.598413e-13 -1.855347e-13 1 -2.598413e-13 -1.855347e-13 1 -2.598413e-13 -1.855347e-13 -1 2.598413e-13 1.855347e-13 -1 2.598413e-13 1.855347e-13 -1 2.598413e-13 1.855347e-13 -1 2.598413e-13 1.855347e-13 0 0 0 0 0 0 3.404507e-14 1 1.76012e-13 3.404507e-14 1 1.76012e-13 3.404507e-14 1 1.76012e-13 3.404507e-14 1 1.76012e-13 3.404507e-14 1 1.76012e-13 3.404507e-14 1 1.76012e-13 3.404507e-14 1 1.76012e-13 3.404507e-14 1 1.76012e-13 3.404507e-14 1 1.76012e-13 3.404507e-14 1 1.76012e-13 3.404507e-14 1 1.76012e-13 3.404507e-14 1 1.76012e-13 3.404507e-14 1 1.76012e-13 3.404507e-14 1 1.76012e-13 3.404507e-14 1 1.76012e-13 3.404507e-14 1 1.76012e-13 3.404507e-14 1 1.76012e-13 3.404507e-14 1 1.76012e-13 3.404507e-14 1 1.76012e-13 3.404507e-14 1 1.76012e-13 3.404507e-14 1 1.76012e-13 -3.404507e-14 -1 -1.76012e-13 -3.404507e-14 -1 -1.76012e-13 -3.404507e-14 -1 -1.76012e-13 -3.404507e-14 -1 -1.76012e-13 -3.404507e-14 -1 -1.76012e-13 -3.404507e-14 -1 -1.76012e-13 -3.404507e-14 -1 -1.76012e-13 -3.404507e-14 -1 -1.76012e-13 -3.404507e-14 -1 -1.76012e-13 -3.404507e-14 -1 -1.76012e-13 -3.404507e-14 -1 -1.76012e-13 -3.404507e-14 -1 -1.76012e-13 -3.404507e-14 -1 -1.76012e-13 -3.404507e-14 -1 -1.76012e-13 -3.404507e-14 -1 -1.76012e-13 -3.404507e-14 -1 -1.76012e-13 -3.404507e-14 -1 -1.76012e-13 -3.404507e-14 -1 -1.76012e-13 -3.404507e-14 -1 -1.76012e-13 -3.404507e-14 -1 -1.76012e-13 -3.404507e-14 -1 -1.76012e-13 0 0 0 0 0 0 0 0 0 0 0 0 0 0 0 0 0 0 0 0 0 0 0 0 0 0 0 0 0 0 0 0 0 0 0 0 0 0 0 0 0 0 0 0 0 0 0 0 0 0 0 0 0 0 -1 -5.047932e-13 -4.416606e-15 -1 -5.047932e-13 -4.416606e-15 -1 -5.047932e-13 -4.416606e-15 -1 -5.047932e-13 -4.416606e-15 1 5.047932e-13 4.416606e-15 1 5.047932e-13 4.416606e-15 1 5.047932e-13 4.416606e-15 1 5.047932e-13 4.416606e-15 0 0 0 7.869555e-14 1 1.140754e-14 7.869555e-14 1 1.140754e-14 7.869555e-14 1 1.140754e-14 7.869555e-14 1 1.140754e-14 7.869555e-14 1 1.140754e-14 7.869555e-14 1 1.140754e-14 7.869555e-14 1 1.140754e-14 7.869555e-14 1 1.140754e-14 7.869555e-14 1 1.140754e-14 7.869555e-14 1 1.140754e-14 7.869555e-14 1 1.140754e-14 7.869555e-14 1 1.140754e-14 7.869555e-14 1 1.140754e-14 7.869555e-14 1 1.140754e-14 7.869555e-14 1 1.140754e-14 7.869555e-14 1 1.140754e-14 7.869555e-14 1 1.140754e-14 7.869555e-14 1 1.140754e-14 7.869555e-14 1 1.140754e-14 7.869555e-14 1 1.140754e-14 7.869555e-14 1 1.140754e-14 -7.869555e-14 -1 -1.140754e-14 -7.869555e-14 -1 -1.140754e-14 -7.869555e-14 -1 -1.140754e-14 -7.869555e-14 -1 -1.140754e-14 -7.869555e-14 -1 -1.140754e-14 -7.869555e-14 -1 -1.140754e-14 -7.869555e-14 -1 -1.140754e-14 -7.869555e-14 -1 -1.140754e-14 -7.869555e-14 -1 -1.140754e-14 -7.869555e-14 -1 -1.140754e-14 -7.869555e-14 -1 -1.140754e-14 -7.869555e-14 -1 -1.140754e-14 -7.869555e-14 -1 -1.140754e-14 -7.869555e-14 -1 -1.140754e-14 -7.869555e-14 -1 -1.140754e-14 -7.869555e-14 -1 -1.140754e-14 -7.869555e-14 -1 -1.140754e-14 -7.869555e-14 -1 -1.140754e-14 -7.869555e-14 -1 -1.140754e-14 -7.869555e-14 -1 -1.140754e-14 -7.869555e-14 -1 -1.140754e-14 0 0 0 0 0 0 0 0 0 0 0 0 0 0 0 0 0 0 0 0 0 0 0 0 0 0 0 0 0 0 0 0 0 0 0 0 0 0 0 0 0 0 0 0 0 0 0 0 0 0 0 1.606814e-13 6.827011e-12 1 1.606814e-13 6.827011e-12 1 1.606814e-13 6.827011e-12 1 1.606814e-13 6.827011e-12 1 -1.606814e-13 -6.827011e-12 -1 -1.606814e-13 -6.827011e-12 -1 -1.606814e-13 -6.827011e-12 -1 -1.606814e-13 -6.827011e-12 -1 -1 3.044111e-11 -1.666928e-12 -1 3.044111e-11 -1.666928e-12 -1 3.044111e-11 -1.666928e-12 -1 3.044111e-11 -1.666928e-12 1 -3.044111e-11 1.666928e-12 1 -3.044111e-11 1.666928e-12 1 -3.044111e-11 1.666928e-12 1 -3.044111e-11 1.666928e-12 1.54792e-13 0.04988393 -0.998755 1.54792e-13 0.04988393 -0.998755 1.54792e-13 0.04988393 -0.998755 1.54792e-13 0.04988393 -0.998755 -1.54792e-13 -0.04988393 0.998755 -1.54792e-13 -0.04988393 0.998755 -1.54792e-13 -0.04988393 0.998755 -1.54792e-13 -0.04988393 0.998755 1 3.902196e-13 -2.57511e-14 1 3.902196e-13 -2.57511e-14 1 3.902196e-13 -2.57511e-14 1 3.902196e-13 -2.57511e-14 -1 -3.902196e-13 2.57511e-14 -1 -3.902196e-13 2.57511e-14 -1 -3.902196e-13 2.57511e-14 -1 -3.902196e-13 2.57511e-14 3.720982e-16 8.396062e-16 -1 3.720982e-16 8.396062e-16 -1 3.720982e-16 8.396062e-16 -1 3.720982e-16 8.396062e-16 -1 -3.720982e-16 -8.396062e-16 1 -3.720982e-16 -8.396062e-16 1 -3.720982e-16 -8.396062e-16 1 -3.720982e-16 -8.396062e-16 1 1 2.666826e-13 -3.837677e-13 1 2.666826e-13 -3.837677e-13 1 2.666826e-13 -3.837677e-13 1 2.666826e-13 -3.837677e-13 -1 -2.666826e-13 3.837677e-13 -1 -2.666826e-13 3.837677e-13 -1 -2.666826e-13 3.837677e-13 -1 -2.666826e-13 3.837677e-13 -1 3.315092e-14 2.007513e-12 -1 3.315092e-14 2.007513e-12 -1 3.315092e-14 2.007513e-12 -1 3.315092e-14 2.007513e-12 1 -3.315092e-14 -2.007513e-12 1 -3.315092e-14 -2.007513e-12 1 -3.315092e-14 -2.007513e-12 1 -3.315092e-14 -2.007513e-12 -3.720982e-16 -8.396062e-16 1 -3.720982e-16 -8.396062e-16 1 -3.720982e-16 -8.396062e-16 1 -3.720982e-16 -8.396062e-16 1 3.720982e-16 8.396062e-16 -1 3.720982e-16 8.396062e-16 -1 3.720982e-16 8.396062e-16 -1 3.720982e-16 8.396062e-16 -1 1 -2.912318e-11 -1.831885e-13 1 -2.912318e-11 -1.831885e-13 1 -2.912318e-11 -1.831885e-13 1 -2.912318e-11 -1.831885e-13 -1 2.912318e-11 1.831885e-13 -1 2.912318e-11 1.831885e-13 -1 2.912318e-11 1.831885e-13 -1 2.912318e-11 1.831885e-13 3.720982e-16 8.396062e-16 -1 3.720982e-16 8.396062e-16 -1 3.720982e-16 8.396062e-16 -1 3.720982e-16 8.396062e-16 -1 -3.720982e-16 -8.396062e-16 1 -3.720982e-16 -8.396062e-16 1 -3.720982e-16 -8.396062e-16 1 -3.720982e-16 -8.396062e-16 1</float_array>
                    <technique_common>
                        <accessor count="230" source="#ID196" stride="3">
                            <param name="X" type="float" />
                            <param name="Y" type="float" />
                            <param name="Z" type="float" />
                        </accessor>
                    </technique_common>
                </source>
                <source id="ID193">
                    <Name_array id="ID197" count="0" />
                    <technique_common>
                        <accessor count="0" source="#ID197" stride="1">
                            <param name="skp_material" type="Name" />
                        </accessor>
                    </technique_common>
                </source>
                <vertices id="ID194">
                    <input semantic="POSITION" source="#ID191" />
                    <input semantic="NORMAL" source="#ID192" />
                </vertices>
                <triangles count="144" material="Material2">
                    <input offset="0" semantic="VERTEX" source="#ID194" />
                    <p>0 1 2 1 0 3 4 5 6 7 6 5 12 13 14 13 12 15 16 17 18 19 18 17 22 23 24 23 22 25 23 25 26 23 26 27 26 25 28 28 25 29 28 29 30 29 25 31 31 25 32 31 32 33 32 25 34 27 35 36 35 27 37 37 27 38 38 27 26 37 38 30 37 30 39 39 30 29 37 39 40 37 40 33 33 40 31 37 33 41 37 41 42 43 44 45 44 46 45 47 48 46 46 48 45 48 49 45 50 51 49 49 51 45 51 52 45 53 54 52 52 54 45 45 54 55 56 55 54 57 58 59 46 59 47 59 58 47 47 58 50 51 50 60 50 58 60 60 58 53 54 53 61 53 58 61 58 62 61 63 61 62 82 83 84 83 82 85 86 87 88 89 88 87 91 92 93 92 91 94 92 94 95 92 95 96 95 94 97 97 94 98 98 94 99 99 94 100 100 94 101 96 102 103 102 96 104 104 96 105 105 96 95 104 105 106 104 106 107 107 106 97 107 97 98 104 107 108 104 108 109 109 108 99 109 99 100 104 109 110 104 110 111 112 113 114 113 115 114 116 117 115 117 118 115 115 118 114 118 119 114 120 121 119 121 122 119 119 122 114 122 123 114 124 125 123 123 125 114 114 125 126 127 126 125 128 129 116 116 129 117 117 129 120 120 129 121 121 129 124 125 124 130 124 129 130 129 131 130 132 130 131 150 151 152 151 150 153 154 155 156 157 156 155 158 159 160 159 158 161 162 163 164 165 164 163 166 167 168 167 166 169 170 171 172 173 172 171 174 175 176 175 174 177 178 179 180 181 180 179 182 183 184 183 182 185 186 187 188 189 188 187 190 191 192 191 190 193 194 195 196 197 196 195 198 199 200 199 198 201 202 203 204 205 204 203 206 207 208 207 206 209 210 211 212 213 212 211 214 215 216 215 214 217 218 219 220 221 220 219 222 223 224 223 222 225 226 227 228 229 228 227</p>
                </triangles>
                <lines count="55" material="Material3">
                    <input offset="0" semantic="VERTEX" source="#ID194" />
                    <p>8 9 10 9 11 10 11 8 20 8 21 20 21 9 64 65 66 65 67 66 68 67 68 10 21 69 69 70 70 71 71 72 73 72 64 73 74 75 75 76 77 76 74 77 78 79 79 80 81 80 78 81 90 68 90 11 20 133 133 134 134 135 135 136 137 136 138 137 138 139 140 139 141 140 90 141 142 143 144 143 145 144 145 142 146 147 148 147 149 148 149 146 133 69 139 65 138 64 140 66 141 67 134 70 135 71 136 72 137 73</p>
                </lines>
            </mesh>
        </geometry>
        <geometry id="ID198">
            <mesh>
                <source id="ID199">
                    <float_array id="ID203" count="120">101.9685 35.82677 59.44882 3.149606 38.97638 59.44882 3.149606 35.82677 59.44882 101.9685 38.97638 59.44882 101.9685 38.97638 59.44882 101.9685 35.82677 59.44882 3.149606 38.97638 59.44882 3.149606 35.82677 59.44882 3.149606 35.82677 59.44882 3.149606 38.97638 59.44882 101.9685 35.82677 59.44882 101.9685 38.97638 59.44882 3.149606 35.82677 59.44882 3.149606 38.97638 116.5354 3.149606 35.82677 116.5354 3.149606 38.97638 59.44882 3.149606 38.97638 59.44882 3.149606 35.82677 59.44882 3.149606 38.97638 116.5354 3.149606 35.82677 116.5354 3.149606 38.97638 116.5354 3.149606 35.82677 116.5354 101.9685 38.97638 116.5354 101.9685 35.82677 59.44882 101.9685 35.82677 116.5354 101.9685 38.97638 59.44882 101.9685 38.97638 59.44882 101.9685 38.97638 116.5354 101.9685 35.82677 59.44882 101.9685 35.82677 116.5354 101.9685 35.82677 116.5354 101.9685 38.97638 116.5354 3.149606 38.97638 116.5354 101.9685 35.82677 116.5354 3.149606 35.82677 116.5354 101.9685 38.97638 116.5354 101.9685 38.97638 116.5354 3.149606 38.97638 116.5354 101.9685 35.82677 116.5354 3.149606 35.82677 116.5354</float_array>
                    <technique_common>
                        <accessor count="40" source="#ID203" stride="3">
                            <param name="X" type="float" />
                            <param name="Y" type="float" />
                            <param name="Z" type="float" />
                        </accessor>
                    </technique_common>
                </source>
                <source id="ID200">
                    <float_array id="ID204" count="120">-1.638247e-13 3.86273e-12 1 -1.638247e-13 3.86273e-12 1 -1.638247e-13 3.86273e-12 1 -1.638247e-13 3.86273e-12 1 1.638247e-13 -3.86273e-12 -1 1.638247e-13 -3.86273e-12 -1 1.638247e-13 -3.86273e-12 -1 1.638247e-13 -3.86273e-12 -1 0 0 0 0 0 0 0 0 0 0 0 0 1 -4.24638e-13 9.423452e-14 1 -4.24638e-13 9.423452e-14 1 -4.24638e-13 9.423452e-14 1 -4.24638e-13 9.423452e-14 -1 4.24638e-13 -9.423452e-14 -1 4.24638e-13 -9.423452e-14 -1 4.24638e-13 -9.423452e-14 -1 4.24638e-13 -9.423452e-14 0 0 0 0 0 0 -1 3.920542e-11 2.214626e-13 -1 3.920542e-11 2.214626e-13 -1 3.920542e-11 2.214626e-13 -1 3.920542e-11 2.214626e-13 1 -3.920542e-11 -2.214626e-13 1 -3.920542e-11 -2.214626e-13 1 -3.920542e-11 -2.214626e-13 1 -3.920542e-11 -2.214626e-13 0 0 0 0 0 0 3.000898e-14 9.418924e-13 -1 3.000898e-14 9.418924e-13 -1 3.000898e-14 9.418924e-13 -1 3.000898e-14 9.418924e-13 -1 -3.000898e-14 -9.418924e-13 1 -3.000898e-14 -9.418924e-13 1 -3.000898e-14 -9.418924e-13 1 -3.000898e-14 -9.418924e-13 1</float_array>
                    <technique_common>
                        <accessor count="40" source="#ID204" stride="3">
                            <param name="X" type="float" />
                            <param name="Y" type="float" />
                            <param name="Z" type="float" />
                        </accessor>
                    </technique_common>
                </source>
                <source id="ID201">
                    <Name_array id="ID205" count="0" />
                    <technique_common>
                        <accessor count="0" source="#ID205" stride="1">
                            <param name="skp_material" type="Name" />
                        </accessor>
                    </technique_common>
                </source>
                <vertices id="ID202">
                    <input semantic="POSITION" source="#ID199" />
                    <input semantic="NORMAL" source="#ID200" />
                </vertices>
                <triangles count="16" material="Material2">
                    <input offset="0" semantic="VERTEX" source="#ID202" />
                    <p>0 1 2 1 0 3 4 5 6 7 6 5 12 13 14 13 12 15 16 17 18 19 18 17 22 23 24 23 22 25 26 27 28 29 28 27 32 33 34 33 32 35 36 37 38 39 38 37</p>
                </triangles>
                <lines count="12" material="Material3">
                    <input offset="0" semantic="VERTEX" source="#ID202" />
                    <p>8 9 8 10 10 11 9 11 9 20 21 20 8 21 10 30 30 31 11 31 20 31 21 30</p>
                </lines>
            </mesh>
        </geometry>
        <geometry id="ID206">
            <mesh>
                <source id="ID207">
                    <float_array id="ID211" count="120">101.9685 35.82677 173.622 101.9685 38.97638 119.685 101.9685 35.82677 119.685 101.9685 38.97638 173.622 101.9685 38.97638 173.622 101.9685 35.82677 173.622 101.9685 38.97638 119.685 101.9685 35.82677 119.685 101.9685 35.82677 119.685 101.9685 35.82677 173.622 101.9685 38.97638 173.622 101.9685 38.97638 119.685 3.149606 38.97638 173.622 101.9685 35.82677 173.622 3.149606 35.82677 173.622 101.9685 38.97638 173.622 101.9685 38.97638 173.622 3.149606 38.97638 173.622 101.9685 35.82677 173.622 3.149606 35.82677 173.622 3.149606 35.82677 173.622 3.149606 38.97638 173.622 101.9685 35.82677 119.685 3.149606 38.97638 119.685 3.149606 35.82677 119.685 101.9685 38.97638 119.685 101.9685 38.97638 119.685 101.9685 35.82677 119.685 3.149606 38.97638 119.685 3.149606 35.82677 119.685 3.149606 35.82677 119.685 3.149606 38.97638 119.685 3.149606 38.97638 119.685 3.149606 35.82677 173.622 3.149606 35.82677 119.685 3.149606 38.97638 173.622 3.149606 38.97638 173.622 3.149606 38.97638 119.685 3.149606 35.82677 173.622 3.149606 35.82677 119.685</float_array>
                    <technique_common>
                        <accessor count="40" source="#ID211" stride="3">
                            <param name="X" type="float" />
                            <param name="Y" type="float" />
                            <param name="Z" type="float" />
                        </accessor>
                    </technique_common>
                </source>
                <source id="ID208">
                    <float_array id="ID212" count="120">-1 1.756894e-13 1.382566e-12 -1 1.756894e-13 1.382566e-12 -1 1.756894e-13 1.382566e-12 -1 1.756894e-13 1.382566e-12 1 -1.756894e-13 -1.382566e-12 1 -1.756894e-13 -1.382566e-12 1 -1.756894e-13 -1.382566e-12 1 -1.756894e-13 -1.382566e-12 0 0 0 0 0 0 0 0 0 0 0 0 -3.78129e-13 -3.885781e-16 -1 -3.78129e-13 -3.885781e-16 -1 -3.78129e-13 -3.885781e-16 -1 -3.78129e-13 -3.885781e-16 -1 3.78129e-13 3.885781e-16 1 3.78129e-13 3.885781e-16 1 3.78129e-13 3.885781e-16 1 3.78129e-13 3.885781e-16 1 0 0 0 0 0 0 -1.267337e-13 7.334411e-15 1 -1.267337e-13 7.334411e-15 1 -1.267337e-13 7.334411e-15 1 -1.267337e-13 7.334411e-15 1 1.267337e-13 -7.334411e-15 -1 1.267337e-13 -7.334411e-15 -1 1.267337e-13 -7.334411e-15 -1 1.267337e-13 -7.334411e-15 -1 0 0 0 0 0 0 1 -3.584822e-13 2.624029e-14 1 -3.584822e-13 2.624029e-14 1 -3.584822e-13 2.624029e-14 1 -3.584822e-13 2.624029e-14 -1 3.584822e-13 -2.624029e-14 -1 3.584822e-13 -2.624029e-14 -1 3.584822e-13 -2.624029e-14 -1 3.584822e-13 -2.624029e-14</float_array>
                    <technique_common>
                        <accessor count="40" source="#ID212" stride="3">
                            <param name="X" type="float" />
                            <param name="Y" type="float" />
                            <param name="Z" type="float" />
                        </accessor>
                    </technique_common>
                </source>
                <source id="ID209">
                    <Name_array id="ID213" count="0" />
                    <technique_common>
                        <accessor count="0" source="#ID213" stride="1">
                            <param name="skp_material" type="Name" />
                        </accessor>
                    </technique_common>
                </source>
                <vertices id="ID210">
                    <input semantic="POSITION" source="#ID207" />
                    <input semantic="NORMAL" source="#ID208" />
                </vertices>
                <triangles count="16" material="Material2">
                    <input offset="0" semantic="VERTEX" source="#ID210" />
                    <p>0 1 2 1 0 3 4 5 6 7 6 5 12 13 14 13 12 15 16 17 18 19 18 17 22 23 24 23 22 25 26 27 28 29 28 27 32 33 34 33 32 35 36 37 38 39 38 37</p>
                </triangles>
                <lines count="12" material="Material3">
                    <input offset="0" semantic="VERTEX" source="#ID210" />
                    <p>8 9 9 10 11 10 8 11 20 21 21 10 20 9 30 31 30 8 31 11 31 21 30 20</p>
                </lines>
            </mesh>
        </geometry>
        <geometry id="ID215">
            <mesh>
                <source id="ID216">
                    <float_array id="ID221" count="312">40.15748 48.0315 5.329071e-15 9.094947e-13 9.094947e-13 1.776357e-15 0 48.0315 5.329071e-15 40.15748 6.82121e-13 1.065814e-14 40.15748 6.82121e-13 1.065814e-14 40.15748 48.0315 5.329071e-15 9.094947e-13 9.094947e-13 1.776357e-15 0 48.0315 5.329071e-15 40.15748 6.82121e-13 1.065814e-14 9.094947e-13 9.094947e-13 1.776357e-15 0 48.0315 5.329071e-15 40.15748 48.0315 5.329071e-15 20.47244 1.136868e-12 0.3937008 19.68504 1.136868e-12 0.3937008 39.76378 4.547474e-13 0.3937008 40.15748 6.82121e-13 1.065814e-14 40.15748 1.364242e-12 4.330709 39.76378 1.591616e-12 3.543307 20.47244 2.273737e-13 3.543307 19.68504 2.273737e-13 3.543307 0.3937008 9.094947e-13 3.543307 9.094947e-13 1.591616e-12 4.330709 9.094947e-13 9.094947e-13 1.776357e-15 0.3937008 1.818989e-12 0.3937008 0.3937008 9.094947e-13 3.543307 0.3937008 1.818989e-12 0.3937008 9.094947e-13 1.591616e-12 4.330709 19.68504 1.136868e-12 0.3937008 40.15748 6.82121e-13 1.065814e-14 9.094947e-13 9.094947e-13 1.776357e-15 40.15748 1.364242e-12 4.330709 19.68504 2.273737e-13 3.543307 20.47244 2.273737e-13 3.543307 39.76378 1.591616e-12 3.543307 39.76378 4.547474e-13 0.3937008 20.47244 1.136868e-12 0.3937008 40.15748 1.364242e-12 4.330709 9.094947e-13 1.591616e-12 4.330709 39.76378 4.547474e-13 0.3937008 20.47244 1.136868e-12 0.3937008 19.68504 1.136868e-12 0.3937008 0.3937008 1.818989e-12 0.3937008 0.3937008 9.094947e-13 3.543307 19.68504 2.273737e-13 3.543307 20.47244 2.273737e-13 3.543307 39.76378 1.591616e-12 3.543307 9.094947e-13 1.591616e-12 4.330709 0 48.0315 5.329071e-15 9.094947e-13 9.094947e-13 1.776357e-15 1.364242e-12 48.0315 4.330709 1.364242e-12 48.0315 4.330709 9.094947e-13 1.591616e-12 4.330709 0 48.0315 5.329071e-15 9.094947e-13 9.094947e-13 1.776357e-15 1.364242e-12 48.0315 4.330709 19.68504 48.0315 0.3937008 20.47244 48.0315 3.543307 20.47244 48.0315 0.3937008 19.68504 48.0315 3.543307 0 48.0315 5.329071e-15 0.3937008 48.0315 0.3937008 40.15748 48.0315 5.329071e-15 1.364242e-12 48.0315 4.330709 0.3937008 48.0315 3.543307 40.15748 48.0315 4.330709 39.76378 48.0315 0.3937008 39.76378 48.0315 3.543307 19.68504 48.0315 3.543307 20.47244 48.0315 3.543307 40.15748 48.0315 4.330709 39.76378 48.0315 3.543307 39.76378 48.0315 0.3937008 20.47244 48.0315 0.3937008 40.15748 48.0315 5.329071e-15 1.364242e-12 48.0315 4.330709 0.3937008 48.0315 3.543307 0.3937008 48.0315 0.3937008 19.68504 48.0315 0.3937008 0 48.0315 5.329071e-15 40.15748 48.0315 4.330709 19.68504 48.0315 0.3937008 0.3937008 48.0315 0.3937008 19.68504 48.0315 3.543307 0.3937008 48.0315 3.543307 20.47244 48.0315 3.543307 39.76378 48.0315 3.543307 20.47244 48.0315 0.3937008 39.76378 48.0315 0.3937008 40.15748 48.0315 5.329071e-15 40.15748 1.364242e-12 4.330709 40.15748 6.82121e-13 1.065814e-14 40.15748 48.0315 4.330709 40.15748 48.0315 4.330709 40.15748 48.0315 5.329071e-15 40.15748 1.364242e-12 4.330709 40.15748 6.82121e-13 1.065814e-14 40.15748 1.364242e-12 4.330709 1.364242e-12 48.0315 4.330709 9.094947e-13 1.591616e-12 4.330709 40.15748 48.0315 4.330709 40.15748 48.0315 4.330709 40.15748 1.364242e-12 4.330709 1.364242e-12 48.0315 4.330709 9.094947e-13 1.591616e-12 4.330709</float_array>
                    <technique_common>
                        <accessor count="104" source="#ID221" stride="3">
                            <param name="X" type="float" />
                            <param name="Y" type="float" />
                            <param name="Z" type="float" />
                        </accessor>
                    </technique_common>
                </source>
                <source id="ID217">
                    <float_array id="ID222" count="312">1.162265e-16 4.163336e-17 -1 1.162265e-16 4.163336e-17 -1 1.162265e-16 4.163336e-17 -1 1.162265e-16 4.163336e-17 -1 -1.162265e-16 -4.163336e-17 1 -1.162265e-16 -4.163336e-17 1 -1.162265e-16 -4.163336e-17 1 -1.162265e-16 -4.163336e-17 1 0 0 0 0 0 0 0 0 0 0 0 0 -3.419926e-15 -1 -4.857226e-17 -3.419926e-15 -1 -4.857226e-17 -3.419926e-15 -1 -4.857226e-17 -3.419926e-15 -1 -4.857226e-17 -3.419926e-15 -1 -4.857226e-17 -3.419926e-15 -1 -4.857226e-17 -3.419926e-15 -1 -4.857226e-17 -3.419926e-15 -1 -4.857226e-17 -3.419926e-15 -1 -4.857226e-17 -3.419926e-15 -1 -4.857226e-17 -3.419926e-15 -1 -4.857226e-17 -3.419926e-15 -1 -4.857226e-17 3.419926e-15 1 4.857226e-17 3.419926e-15 1 4.857226e-17 3.419926e-15 1 4.857226e-17 3.419926e-15 1 4.857226e-17 3.419926e-15 1 4.857226e-17 3.419926e-15 1 4.857226e-17 3.419926e-15 1 4.857226e-17 3.419926e-15 1 4.857226e-17 3.419926e-15 1 4.857226e-17 3.419926e-15 1 4.857226e-17 3.419926e-15 1 4.857226e-17 3.419926e-15 1 4.857226e-17 0 0 0 0 0 0 0 0 0 0 0 0 0 0 0 0 0 0 0 0 0 0 0 0 0 0 0 0 0 0 -1 2.796591e-15 -1.110223e-16 -1 2.796591e-15 -1.110223e-16 -1 2.796591e-15 -1.110223e-16 -1 2.796591e-15 -1.110223e-16 1 -2.796591e-15 1.110223e-16 1 -2.796591e-15 1.110223e-16 1 -2.796591e-15 1.110223e-16 1 -2.796591e-15 1.110223e-16 0 0 0 8.910787e-17 1 3.816392e-17 8.910787e-17 1 3.816392e-17 8.910787e-17 1 3.816392e-17 8.910787e-17 1 3.816392e-17 8.910787e-17 1 3.816392e-17 8.910787e-17 1 3.816392e-17 8.910787e-17 1 3.816392e-17 8.910787e-17 1 3.816392e-17 8.910787e-17 1 3.816392e-17 8.910787e-17 1 3.816392e-17 8.910787e-17 1 3.816392e-17 8.910787e-17 1 3.816392e-17 -8.910787e-17 -1 -3.816392e-17 -8.910787e-17 -1 -3.816392e-17 -8.910787e-17 -1 -3.816392e-17 -8.910787e-17 -1 -3.816392e-17 -8.910787e-17 -1 -3.816392e-17 -8.910787e-17 -1 -3.816392e-17 -8.910787e-17 -1 -3.816392e-17 -8.910787e-17 -1 -3.816392e-17 -8.910787e-17 -1 -3.816392e-17 -8.910787e-17 -1 -3.816392e-17 -8.910787e-17 -1 -3.816392e-17 -8.910787e-17 -1 -3.816392e-17 0 0 0 0 0 0 0 0 0 0 0 0 0 0 0 0 0 0 0 0 0 0 0 0 0 0 0 1 -1.201648e-14 1.144917e-16 1 -1.201648e-14 1.144917e-16 1 -1.201648e-14 1.144917e-16 1 -1.201648e-14 1.144917e-16 -1 1.201648e-14 -1.144917e-16 -1 1.201648e-14 -1.144917e-16 -1 1.201648e-14 -1.144917e-16 -1 1.201648e-14 -1.144917e-16 -1.162265e-16 -4.163336e-17 1 -1.162265e-16 -4.163336e-17 1 -1.162265e-16 -4.163336e-17 1 -1.162265e-16 -4.163336e-17 1 1.162265e-16 4.163336e-17 -1 1.162265e-16 4.163336e-17 -1 1.162265e-16 4.163336e-17 -1 1.162265e-16 4.163336e-17 -1</float_array>
                    <technique_common>
                        <accessor count="104" source="#ID222" stride="3">
                            <param name="X" type="float" />
                            <param name="Y" type="float" />
                            <param name="Z" type="float" />
                        </accessor>
                    </technique_common>
                </source>
                <source id="ID218">
                    <Name_array id="ID224" count="0" />
                    <technique_common>
                        <accessor count="0" source="#ID224" stride="1">
                            <param name="skp_material" type="Name" />
                        </accessor>
                    </technique_common>
                </source>
                <source id="ID220">
                    <float_array id="ID223" count="78">-4.015748 4.80315 -9.094947e-14 9.094947e-14 -6.193791e-32 4.80315 -4.015748 6.82121e-14 2.047244 0.03937008 1.968504 0.03937008 3.976378 0.03937008 4.015748 1.065814e-15 4.015748 0.4330709 3.976378 0.3543307 2.047244 0.3543307 1.968504 0.3543307 0.03937008 0.3543307 9.094947e-14 0.4330709 9.094947e-14 1.776357e-16 0.03937008 0.03937008 -1.591616e-13 0.4330709 -4.80315 5.329071e-16 -9.094947e-14 1.776357e-16 -4.80315 0.4330709 -1.968504 0.03937008 -2.047244 0.3543307 -2.047244 0.03937008 -1.968504 0.3543307 4.279984e-16 3.496001e-16 -0.03937008 0.03937008 -4.015748 3.496001e-16 -1.359962e-13 0.4330709 -0.03937008 0.3543307 -4.015748 0.4330709 -3.976378 0.03937008 -3.976378 0.3543307 4.80315 7.313703e-17 1.846794e-13 0.4330709 1.164673e-13 6.060441e-16 4.80315 0.4330709 1.364745e-13 4.80315 9.09998e-14 1.591796e-13 4.015748 4.80315</float_array>
                    <technique_common>
                        <accessor count="39" source="#ID223" stride="2">
                            <param name="S" type="float" />
                            <param name="T" type="float" />
                        </accessor>
                    </technique_common>
                </source>
                <vertices id="ID219">
                    <input semantic="POSITION" source="#ID216" />
                    <input semantic="NORMAL" source="#ID217" />
                </vertices>
                <triangles count="68" material="Material2">
                    <input offset="0" semantic="VERTEX" source="#ID219" />
                    <input offset="1" semantic="TEXCOORD" source="#ID220" />
                    <p>0 0 1 1 2 2 1 1 0 0 3 3 4 3 5 0 6 1 7 2 6 1 5 0 12 4 13 5 14 6 15 7 14 6 13 5 14 6 15 7 16 8 14 6 16 8 17 9 17 9 16 8 18 10 18 10 16 8 19 11 19 11 16 8 20 12 20 12 16 8 21 13 22 14 23 15 21 13 23 15 22 14 15 7 23 15 15 7 13 5 21 13 23 15 20 12 24 12 25 15 26 13 27 5 28 7 25 15 28 7 29 14 25 15 26 13 25 15 29 14 26 13 30 8 24 12 24 12 30 8 31 11 31 11 30 8 32 10 32 10 30 8 33 9 33 9 30 8 34 6 30 8 28 7 34 6 27 5 34 6 28 7 34 6 27 5 35 4 46 16 47 17 48 18 47 17 46 16 49 19 50 19 51 16 52 17 53 18 52 17 51 16 55 20 56 21 57 22 56 21 55 20 58 23 59 24 60 25 61 26 60 25 59 24 62 27 61 26 60 25 57 22 57 22 60 25 55 20 60 25 62 27 63 28 63 28 62 27 58 23 58 23 62 27 64 29 61 26 65 30 64 29 65 30 61 26 57 22 64 29 65 30 66 31 64 29 66 31 56 21 64 29 56 21 58 23 67 23 68 21 69 29 68 21 70 31 69 29 70 31 71 30 69 29 72 22 73 26 71 30 69 29 71 30 73 26 69 29 74 27 67 23 67 23 74 27 75 28 75 28 74 27 76 25 77 20 76 25 72 22 72 22 76 25 73 26 74 27 78 24 76 25 73 26 76 25 78 24 67 23 77 20 68 21 72 22 68 21 77 20 88 32 89 33 90 34 89 33 88 32 91 35 92 35 93 32 94 33 95 34 94 33 93 32 96 7 97 36 98 37 97 36 96 7 99 38 100 38 101 7 102 36 103 37 102 36 101 7</p>
                </triangles>
                <lines count="28" material="Material3">
                    <input offset="0" semantic="VERTEX" source="#ID219" />
                    <p>8 9 9 10 10 11 11 8 8 36 36 37 9 37 38 39 39 40 40 41 41 42 42 43 43 44 44 45 45 38 37 54 10 54 54 79 11 79 80 81 82 80 83 82 81 83 84 85 84 86 87 86 85 87 79 36</p>
                </lines>
            </mesh>
        </geometry>
        <geometry id="ID225">
            <mesh>
                <source id="ID226">
                    <float_array id="ID231" count="264">20.47244 1.136868e-12 0.3937008 19.68504 2.273737e-13 3.543307 19.68504 1.136868e-12 0.3937008 20.47244 2.273737e-13 3.543307 20.47244 2.273737e-13 3.543307 20.47244 1.136868e-12 0.3937008 19.68504 2.273737e-13 3.543307 19.68504 1.136868e-12 0.3937008 19.68504 2.273737e-13 3.543307 20.47244 2.273737e-13 3.543307 19.68504 1.136868e-12 0.3937008 20.47244 1.136868e-12 0.3937008 19.68504 48.0315 3.543307 19.68504 1.136868e-12 0.3937008 19.68504 2.273737e-13 3.543307 19.68504 48.0315 0.3937008 19.68504 48.0315 0.3937008 19.68504 48.0315 3.543307 19.68504 1.136868e-12 0.3937008 19.68504 2.273737e-13 3.543307 19.68504 48.0315 3.543307 19.68504 48.0315 0.3937008 20.47244 1.136868e-12 0.3937008 20.47244 48.0315 3.543307 20.47244 2.273737e-13 3.543307 20.47244 48.0315 0.3937008 20.47244 48.0315 0.3937008 20.47244 1.136868e-12 0.3937008 20.47244 48.0315 3.543307 20.47244 2.273737e-13 3.543307 20.47244 48.0315 0.3937008 20.47244 48.0315 3.543307 0.3937008 48.0315 3.543307 19.68504 2.273737e-13 3.543307 0.3937008 9.094947e-13 3.543307 19.68504 48.0315 3.543307 19.68504 48.0315 3.543307 0.3937008 48.0315 3.543307 19.68504 2.273737e-13 3.543307 0.3937008 9.094947e-13 3.543307 0.3937008 9.094947e-13 3.543307 0.3937008 48.0315 3.543307 19.68504 1.136868e-12 0.3937008 0.3937008 48.0315 0.3937008 0.3937008 1.818989e-12 0.3937008 19.68504 48.0315 0.3937008 19.68504 48.0315 0.3937008 19.68504 1.136868e-12 0.3937008 0.3937008 48.0315 0.3937008 0.3937008 1.818989e-12 0.3937008 0.3937008 1.818989e-12 0.3937008 0.3937008 48.0315 0.3937008 39.76378 4.547474e-13 0.3937008 20.47244 48.0315 0.3937008 20.47244 1.136868e-12 0.3937008 39.76378 48.0315 0.3937008 39.76378 48.0315 0.3937008 39.76378 4.547474e-13 0.3937008 20.47244 48.0315 0.3937008 20.47244 1.136868e-12 0.3937008 39.76378 4.547474e-13 0.3937008 39.76378 48.0315 0.3937008 39.76378 48.0315 3.543307 20.47244 2.273737e-13 3.543307 20.47244 48.0315 3.543307 39.76378 1.591616e-12 3.543307 39.76378 1.591616e-12 3.543307 39.76378 48.0315 3.543307 20.47244 2.273737e-13 3.543307 20.47244 48.0315 3.543307 39.76378 1.591616e-12 3.543307 39.76378 48.0315 3.543307 0.3937008 1.818989e-12 0.3937008 0.3937008 48.0315 3.543307 0.3937008 9.094947e-13 3.543307 0.3937008 48.0315 0.3937008 0.3937008 48.0315 0.3937008 0.3937008 1.818989e-12 0.3937008 0.3937008 48.0315 3.543307 0.3937008 9.094947e-13 3.543307 39.76378 1.591616e-12 3.543307 39.76378 48.0315 0.3937008 39.76378 4.547474e-13 0.3937008 39.76378 48.0315 3.543307 39.76378 48.0315 3.543307 39.76378 1.591616e-12 3.543307 39.76378 48.0315 0.3937008 39.76378 4.547474e-13 0.3937008</float_array>
                    <technique_common>
                        <accessor count="88" source="#ID231" stride="3">
                            <param name="X" type="float" />
                            <param name="Y" type="float" />
                            <param name="Z" type="float" />
                        </accessor>
                    </technique_common>
                </source>
                <source id="ID227">
                    <float_array id="ID232" count="264">2.513186e-13 -1 2.069178e-14 2.513186e-13 -1 2.069178e-14 2.513186e-13 -1 2.069178e-14 2.513186e-13 -1 2.069178e-14 -2.513186e-13 1 -2.069178e-14 -2.513186e-13 1 -2.069178e-14 -2.513186e-13 1 -2.069178e-14 -2.513186e-13 1 -2.069178e-14 0 0 0 0 0 0 0 0 0 0 0 0 -1 2.381374e-14 8.080515e-14 -1 2.381374e-14 8.080515e-14 -1 2.381374e-14 8.080515e-14 -1 2.381374e-14 8.080515e-14 1 -2.381374e-14 -8.080515e-14 1 -2.381374e-14 -8.080515e-14 1 -2.381374e-14 -8.080515e-14 1 -2.381374e-14 -8.080515e-14 0 0 0 0 0 0 1 -3.748493e-16 -8.079995e-14 1 -3.748493e-16 -8.079995e-14 1 -3.748493e-16 -8.079995e-14 1 -3.748493e-16 -8.079995e-14 -1 3.748493e-16 8.079995e-14 -1 3.748493e-16 8.079995e-14 -1 3.748493e-16 8.079995e-14 -1 3.748493e-16 8.079995e-14 0 0 0 0 0 0 -2.255141e-17 2.049749e-14 -1 -2.255141e-17 2.049749e-14 -1 -2.255141e-17 2.049749e-14 -1 -2.255141e-17 2.049749e-14 -1 2.255141e-17 -2.049749e-14 1 2.255141e-17 -2.049749e-14 1 2.255141e-17 -2.049749e-14 1 2.255141e-17 -2.049749e-14 1 0 0 0 0 0 0 1.656661e-16 -2.050096e-14 1 1.656661e-16 -2.050096e-14 1 1.656661e-16 -2.050096e-14 1 1.656661e-16 -2.050096e-14 1 -1.656661e-16 2.050096e-14 -1 -1.656661e-16 2.050096e-14 -1 -1.656661e-16 2.050096e-14 -1 -1.656661e-16 2.050096e-14 -1 0 0 0 0 0 0 -3.469447e-17 4.126213e-14 1 -3.469447e-17 4.126213e-14 1 -3.469447e-17 4.126213e-14 1 -3.469447e-17 4.126213e-14 1 3.469447e-17 -4.126213e-14 -1 3.469447e-17 -4.126213e-14 -1 3.469447e-17 -4.126213e-14 -1 3.469447e-17 -4.126213e-14 -1 0 0 0 0 0 0 2.220446e-16 -4.127254e-14 -1 2.220446e-16 -4.127254e-14 -1 2.220446e-16 -4.127254e-14 -1 2.220446e-16 -4.127254e-14 -1 -2.220446e-16 4.127254e-14 1 -2.220446e-16 4.127254e-14 1 -2.220446e-16 4.127254e-14 1 -2.220446e-16 4.127254e-14 1 0 0 0 0 0 0 1 -2.366653e-14 1.959327e-13 1 -2.366653e-14 1.959327e-13 1 -2.366653e-14 1.959327e-13 1 -2.366653e-14 1.959327e-13 -1 2.366653e-14 -1.959327e-13 -1 2.366653e-14 -1.959327e-13 -1 2.366653e-14 -1.959327e-13 -1 2.366653e-14 -1.959327e-13 -1 1.986123e-16 2.191719e-13 -1 1.986123e-16 2.191719e-13 -1 1.986123e-16 2.191719e-13 -1 1.986123e-16 2.191719e-13 1 -1.986123e-16 -2.191719e-13 1 -1.986123e-16 -2.191719e-13 1 -1.986123e-16 -2.191719e-13 1 -1.986123e-16 -2.191719e-13</float_array>
                    <technique_common>
                        <accessor count="88" source="#ID232" stride="3">
                            <param name="X" type="float" />
                            <param name="Y" type="float" />
                            <param name="Z" type="float" />
                        </accessor>
                    </technique_common>
                </source>
                <source id="ID228">
                    <Name_array id="ID234" count="0" />
                    <technique_common>
                        <accessor count="0" source="#ID234" stride="1">
                            <param name="skp_material" type="Name" />
                        </accessor>
                    </technique_common>
                </source>
                <source id="ID230">
                    <float_array id="ID233" count="72">2.047244 0.03937008 1.968504 0.3543307 1.968504 0.03937008 2.047244 0.3543307 -4.80315 0.3543307 -1.605643e-13 0.03937008 -6.961481e-14 0.3543307 -4.80315 0.03937008 1.144542e-13 0.03937008 4.80315 0.3543307 2.350478e-14 0.3543307 4.80315 0.03937008 -0.03937008 4.80315 -1.968504 3.000026e-14 -0.03937008 9.821236e-14 -1.968504 4.80315 1.968504 1.14494e-13 0.03937008 4.80315 0.03937008 1.827061e-13 1.968504 4.80315 3.976378 4.385024e-14 2.047244 4.80315 2.047244 1.120623e-13 3.976378 4.80315 -3.976378 4.80315 -2.047244 8.113239e-15 -2.047244 4.80315 -3.976378 1.445374e-13 1.828307e-13 0.03937008 4.80315 0.3543307 9.188122e-14 0.3543307 4.80315 0.03937008 -1.599513e-13 0.3543307 -4.80315 0.03937008 -4.626449e-14 0.03937008 -4.80315 0.3543307</float_array>
                    <technique_common>
                        <accessor count="36" source="#ID233" stride="2">
                            <param name="S" type="float" />
                            <param name="T" type="float" />
                        </accessor>
                    </technique_common>
                </source>
                <vertices id="ID229">
                    <input semantic="POSITION" source="#ID226" />
                    <input semantic="NORMAL" source="#ID227" />
                </vertices>
                <triangles count="36" material="Material2">
                    <input offset="0" semantic="VERTEX" source="#ID229" />
                    <input offset="1" semantic="TEXCOORD" source="#ID230" />
                    <p>0 0 1 1 2 2 1 1 0 0 3 3 4 3 5 0 6 1 7 2 6 1 5 0 12 4 13 5 14 6 13 5 12 4 15 7 16 7 17 4 18 5 19 6 18 5 17 4 22 8 23 9 24 10 23 9 22 8 25 11 26 11 27 8 28 9 29 10 28 9 27 8 32 12 33 13 34 14 33 13 32 12 35 15 36 15 37 12 38 13 39 14 38 13 37 12 42 16 43 17 44 18 43 17 42 16 45 19 46 19 47 16 48 17 49 18 48 17 47 16 52 20 53 21 54 22 53 21 52 20 55 23 56 23 57 20 58 21 59 22 58 21 57 20 62 24 63 25 64 26 63 25 62 24 65 27 66 27 67 24 68 25 69 26 68 25 67 24 72 28 73 29 74 30 73 29 72 28 75 31 76 31 77 28 78 29 79 30 78 29 77 28 80 32 81 33 82 34 81 33 80 32 83 35 84 35 85 32 86 33 87 34 86 33 85 32</p>
                </triangles>
                <lines count="26" material="Material3">
                    <input offset="0" semantic="VERTEX" source="#ID229" />
                    <p>8 9 8 10 11 10 9 11 8 20 20 21 10 21 11 30 31 30 9 31 40 8 40 41 41 20 10 50 21 51 50 51 60 11 60 61 61 30 9 70 31 71 70 71 50 40 51 41 70 60 71 61</p>
                </lines>
            </mesh>
        </geometry>
        <geometry id="ID236">
            <mesh>
                <source id="ID237">
                    <float_array id="ID242" count="312">40.15748 48.0315 5.329071e-15 9.094947e-13 9.094947e-13 1.776357e-15 0 48.0315 5.329071e-15 40.15748 6.82121e-13 1.065814e-14 40.15748 6.82121e-13 1.065814e-14 40.15748 48.0315 5.329071e-15 9.094947e-13 9.094947e-13 1.776357e-15 0 48.0315 5.329071e-15 40.15748 6.82121e-13 1.065814e-14 9.094947e-13 9.094947e-13 1.776357e-15 0 48.0315 5.329071e-15 40.15748 48.0315 5.329071e-15 20.47244 1.136868e-12 0.3937008 19.68504 1.136868e-12 0.3937008 39.76378 4.547474e-13 0.3937008 40.15748 6.82121e-13 1.065814e-14 40.15748 1.364242e-12 4.330709 39.76378 1.591616e-12 3.543307 20.47244 2.273737e-13 3.543307 19.68504 2.273737e-13 3.543307 0.3937008 9.094947e-13 3.543307 9.094947e-13 1.591616e-12 4.330709 9.094947e-13 9.094947e-13 1.776357e-15 0.3937008 1.818989e-12 0.3937008 0.3937008 9.094947e-13 3.543307 0.3937008 1.818989e-12 0.3937008 9.094947e-13 1.591616e-12 4.330709 19.68504 1.136868e-12 0.3937008 40.15748 6.82121e-13 1.065814e-14 9.094947e-13 9.094947e-13 1.776357e-15 40.15748 1.364242e-12 4.330709 19.68504 2.273737e-13 3.543307 20.47244 2.273737e-13 3.543307 39.76378 1.591616e-12 3.543307 39.76378 4.547474e-13 0.3937008 20.47244 1.136868e-12 0.3937008 40.15748 1.364242e-12 4.330709 9.094947e-13 1.591616e-12 4.330709 39.76378 4.547474e-13 0.3937008 20.47244 1.136868e-12 0.3937008 19.68504 1.136868e-12 0.3937008 0.3937008 1.818989e-12 0.3937008 0.3937008 9.094947e-13 3.543307 19.68504 2.273737e-13 3.543307 20.47244 2.273737e-13 3.543307 39.76378 1.591616e-12 3.543307 9.094947e-13 1.591616e-12 4.330709 0 48.0315 5.329071e-15 9.094947e-13 9.094947e-13 1.776357e-15 1.364242e-12 48.0315 4.330709 1.364242e-12 48.0315 4.330709 9.094947e-13 1.591616e-12 4.330709 0 48.0315 5.329071e-15 9.094947e-13 9.094947e-13 1.776357e-15 1.364242e-12 48.0315 4.330709 19.68504 48.0315 0.3937008 20.47244 48.0315 3.543307 20.47244 48.0315 0.3937008 19.68504 48.0315 3.543307 0 48.0315 5.329071e-15 0.3937008 48.0315 0.3937008 40.15748 48.0315 5.329071e-15 1.364242e-12 48.0315 4.330709 0.3937008 48.0315 3.543307 40.15748 48.0315 4.330709 39.76378 48.0315 0.3937008 39.76378 48.0315 3.543307 19.68504 48.0315 3.543307 20.47244 48.0315 3.543307 40.15748 48.0315 4.330709 39.76378 48.0315 3.543307 39.76378 48.0315 0.3937008 20.47244 48.0315 0.3937008 40.15748 48.0315 5.329071e-15 1.364242e-12 48.0315 4.330709 0.3937008 48.0315 3.543307 0.3937008 48.0315 0.3937008 19.68504 48.0315 0.3937008 0 48.0315 5.329071e-15 40.15748 48.0315 4.330709 19.68504 48.0315 0.3937008 0.3937008 48.0315 0.3937008 19.68504 48.0315 3.543307 0.3937008 48.0315 3.543307 20.47244 48.0315 3.543307 39.76378 48.0315 3.543307 20.47244 48.0315 0.3937008 39.76378 48.0315 0.3937008 40.15748 48.0315 5.329071e-15 40.15748 1.364242e-12 4.330709 40.15748 6.82121e-13 1.065814e-14 40.15748 48.0315 4.330709 40.15748 48.0315 4.330709 40.15748 48.0315 5.329071e-15 40.15748 1.364242e-12 4.330709 40.15748 6.82121e-13 1.065814e-14 40.15748 1.364242e-12 4.330709 1.364242e-12 48.0315 4.330709 9.094947e-13 1.591616e-12 4.330709 40.15748 48.0315 4.330709 40.15748 48.0315 4.330709 40.15748 1.364242e-12 4.330709 1.364242e-12 48.0315 4.330709 9.094947e-13 1.591616e-12 4.330709</float_array>
                    <technique_common>
                        <accessor count="104" source="#ID242" stride="3">
                            <param name="X" type="float" />
                            <param name="Y" type="float" />
                            <param name="Z" type="float" />
                        </accessor>
                    </technique_common>
                </source>
                <source id="ID238">
                    <float_array id="ID243" count="312">1.162265e-16 4.163336e-17 -1 1.162265e-16 4.163336e-17 -1 1.162265e-16 4.163336e-17 -1 1.162265e-16 4.163336e-17 -1 -1.162265e-16 -4.163336e-17 1 -1.162265e-16 -4.163336e-17 1 -1.162265e-16 -4.163336e-17 1 -1.162265e-16 -4.163336e-17 1 0 0 0 0 0 0 0 0 0 0 0 0 -3.419926e-15 -1 -4.857226e-17 -3.419926e-15 -1 -4.857226e-17 -3.419926e-15 -1 -4.857226e-17 -3.419926e-15 -1 -4.857226e-17 -3.419926e-15 -1 -4.857226e-17 -3.419926e-15 -1 -4.857226e-17 -3.419926e-15 -1 -4.857226e-17 -3.419926e-15 -1 -4.857226e-17 -3.419926e-15 -1 -4.857226e-17 -3.419926e-15 -1 -4.857226e-17 -3.419926e-15 -1 -4.857226e-17 -3.419926e-15 -1 -4.857226e-17 3.419926e-15 1 4.857226e-17 3.419926e-15 1 4.857226e-17 3.419926e-15 1 4.857226e-17 3.419926e-15 1 4.857226e-17 3.419926e-15 1 4.857226e-17 3.419926e-15 1 4.857226e-17 3.419926e-15 1 4.857226e-17 3.419926e-15 1 4.857226e-17 3.419926e-15 1 4.857226e-17 3.419926e-15 1 4.857226e-17 3.419926e-15 1 4.857226e-17 3.419926e-15 1 4.857226e-17 0 0 0 0 0 0 0 0 0 0 0 0 0 0 0 0 0 0 0 0 0 0 0 0 0 0 0 0 0 0 -1 2.796591e-15 -1.110223e-16 -1 2.796591e-15 -1.110223e-16 -1 2.796591e-15 -1.110223e-16 -1 2.796591e-15 -1.110223e-16 1 -2.796591e-15 1.110223e-16 1 -2.796591e-15 1.110223e-16 1 -2.796591e-15 1.110223e-16 1 -2.796591e-15 1.110223e-16 0 0 0 8.910787e-17 1 3.816392e-17 8.910787e-17 1 3.816392e-17 8.910787e-17 1 3.816392e-17 8.910787e-17 1 3.816392e-17 8.910787e-17 1 3.816392e-17 8.910787e-17 1 3.816392e-17 8.910787e-17 1 3.816392e-17 8.910787e-17 1 3.816392e-17 8.910787e-17 1 3.816392e-17 8.910787e-17 1 3.816392e-17 8.910787e-17 1 3.816392e-17 8.910787e-17 1 3.816392e-17 -8.910787e-17 -1 -3.816392e-17 -8.910787e-17 -1 -3.816392e-17 -8.910787e-17 -1 -3.816392e-17 -8.910787e-17 -1 -3.816392e-17 -8.910787e-17 -1 -3.816392e-17 -8.910787e-17 -1 -3.816392e-17 -8.910787e-17 -1 -3.816392e-17 -8.910787e-17 -1 -3.816392e-17 -8.910787e-17 -1 -3.816392e-17 -8.910787e-17 -1 -3.816392e-17 -8.910787e-17 -1 -3.816392e-17 -8.910787e-17 -1 -3.816392e-17 0 0 0 0 0 0 0 0 0 0 0 0 0 0 0 0 0 0 0 0 0 0 0 0 0 0 0 1 -1.201648e-14 1.144917e-16 1 -1.201648e-14 1.144917e-16 1 -1.201648e-14 1.144917e-16 1 -1.201648e-14 1.144917e-16 -1 1.201648e-14 -1.144917e-16 -1 1.201648e-14 -1.144917e-16 -1 1.201648e-14 -1.144917e-16 -1 1.201648e-14 -1.144917e-16 -1.162265e-16 -4.163336e-17 1 -1.162265e-16 -4.163336e-17 1 -1.162265e-16 -4.163336e-17 1 -1.162265e-16 -4.163336e-17 1 1.162265e-16 4.163336e-17 -1 1.162265e-16 4.163336e-17 -1 1.162265e-16 4.163336e-17 -1 1.162265e-16 4.163336e-17 -1</float_array>
                    <technique_common>
                        <accessor count="104" source="#ID243" stride="3">
                            <param name="X" type="float" />
                            <param name="Y" type="float" />
                            <param name="Z" type="float" />
                        </accessor>
                    </technique_common>
                </source>
                <source id="ID239">
                    <Name_array id="ID245" count="0" />
                    <technique_common>
                        <accessor count="0" source="#ID245" stride="1">
                            <param name="skp_material" type="Name" />
                        </accessor>
                    </technique_common>
                </source>
                <source id="ID241">
                    <float_array id="ID244" count="78">-4.015748 4.80315 -9.094947e-14 9.094947e-14 -6.193791e-32 4.80315 -4.015748 6.82121e-14 2.047244 0.03937008 1.968504 0.03937008 3.976378 0.03937008 4.015748 1.065814e-15 4.015748 0.4330709 3.976378 0.3543307 2.047244 0.3543307 1.968504 0.3543307 0.03937008 0.3543307 9.094947e-14 0.4330709 9.094947e-14 1.776357e-16 0.03937008 0.03937008 -1.591616e-13 0.4330709 -4.80315 5.329071e-16 -9.094947e-14 1.776357e-16 -4.80315 0.4330709 -1.968504 0.03937008 -2.047244 0.3543307 -2.047244 0.03937008 -1.968504 0.3543307 4.279984e-16 3.496001e-16 -0.03937008 0.03937008 -4.015748 3.496001e-16 -1.359962e-13 0.4330709 -0.03937008 0.3543307 -4.015748 0.4330709 -3.976378 0.03937008 -3.976378 0.3543307 4.80315 7.313703e-17 1.846794e-13 0.4330709 1.164673e-13 6.060441e-16 4.80315 0.4330709 1.364745e-13 4.80315 9.09998e-14 1.591796e-13 4.015748 4.80315</float_array>
                    <technique_common>
                        <accessor count="39" source="#ID244" stride="2">
                            <param name="S" type="float" />
                            <param name="T" type="float" />
                        </accessor>
                    </technique_common>
                </source>
                <vertices id="ID240">
                    <input semantic="POSITION" source="#ID237" />
                    <input semantic="NORMAL" source="#ID238" />
                </vertices>
                <triangles count="68" material="Material2">
                    <input offset="0" semantic="VERTEX" source="#ID240" />
                    <input offset="1" semantic="TEXCOORD" source="#ID241" />
                    <p>0 0 1 1 2 2 1 1 0 0 3 3 4 3 5 0 6 1 7 2 6 1 5 0 12 4 13 5 14 6 15 7 14 6 13 5 14 6 15 7 16 8 14 6 16 8 17 9 17 9 16 8 18 10 18 10 16 8 19 11 19 11 16 8 20 12 20 12 16 8 21 13 22 14 23 15 21 13 23 15 22 14 15 7 23 15 15 7 13 5 21 13 23 15 20 12 24 12 25 15 26 13 27 5 28 7 25 15 28 7 29 14 25 15 26 13 25 15 29 14 26 13 30 8 24 12 24 12 30 8 31 11 31 11 30 8 32 10 32 10 30 8 33 9 33 9 30 8 34 6 30 8 28 7 34 6 27 5 34 6 28 7 34 6 27 5 35 4 46 16 47 17 48 18 47 17 46 16 49 19 50 19 51 16 52 17 53 18 52 17 51 16 55 20 56 21 57 22 56 21 55 20 58 23 59 24 60 25 61 26 60 25 59 24 62 27 61 26 60 25 57 22 57 22 60 25 55 20 60 25 62 27 63 28 63 28 62 27 58 23 58 23 62 27 64 29 61 26 65 30 64 29 65 30 61 26 57 22 64 29 65 30 66 31 64 29 66 31 56 21 64 29 56 21 58 23 67 23 68 21 69 29 68 21 70 31 69 29 70 31 71 30 69 29 72 22 73 26 71 30 69 29 71 30 73 26 69 29 74 27 67 23 67 23 74 27 75 28 75 28 74 27 76 25 77 20 76 25 72 22 72 22 76 25 73 26 74 27 78 24 76 25 73 26 76 25 78 24 67 23 77 20 68 21 72 22 68 21 77 20 88 32 89 33 90 34 89 33 88 32 91 35 92 35 93 32 94 33 95 34 94 33 93 32 96 7 97 36 98 37 97 36 96 7 99 38 100 38 101 7 102 36 103 37 102 36 101 7</p>
                </triangles>
                <lines count="28" material="Material3">
                    <input offset="0" semantic="VERTEX" source="#ID240" />
                    <p>8 9 9 10 10 11 11 8 8 36 36 37 9 37 38 39 39 40 40 41 41 42 42 43 43 44 44 45 45 38 37 54 10 54 54 79 11 79 80 81 82 80 83 82 81 83 84 85 84 86 87 86 85 87 79 36</p>
                </lines>
            </mesh>
        </geometry>
        <geometry id="ID246">
            <mesh>
                <source id="ID247">
                    <float_array id="ID252" count="264">20.47244 1.136868e-12 0.3937008 19.68504 2.273737e-13 3.543307 19.68504 1.136868e-12 0.3937008 20.47244 2.273737e-13 3.543307 20.47244 2.273737e-13 3.543307 20.47244 1.136868e-12 0.3937008 19.68504 2.273737e-13 3.543307 19.68504 1.136868e-12 0.3937008 19.68504 2.273737e-13 3.543307 20.47244 2.273737e-13 3.543307 19.68504 1.136868e-12 0.3937008 20.47244 1.136868e-12 0.3937008 19.68504 48.0315 3.543307 19.68504 1.136868e-12 0.3937008 19.68504 2.273737e-13 3.543307 19.68504 48.0315 0.3937008 19.68504 48.0315 0.3937008 19.68504 48.0315 3.543307 19.68504 1.136868e-12 0.3937008 19.68504 2.273737e-13 3.543307 19.68504 48.0315 3.543307 19.68504 48.0315 0.3937008 20.47244 1.136868e-12 0.3937008 20.47244 48.0315 3.543307 20.47244 2.273737e-13 3.543307 20.47244 48.0315 0.3937008 20.47244 48.0315 0.3937008 20.47244 1.136868e-12 0.3937008 20.47244 48.0315 3.543307 20.47244 2.273737e-13 3.543307 20.47244 48.0315 0.3937008 20.47244 48.0315 3.543307 0.3937008 48.0315 3.543307 19.68504 2.273737e-13 3.543307 0.3937008 9.094947e-13 3.543307 19.68504 48.0315 3.543307 19.68504 48.0315 3.543307 0.3937008 48.0315 3.543307 19.68504 2.273737e-13 3.543307 0.3937008 9.094947e-13 3.543307 0.3937008 9.094947e-13 3.543307 0.3937008 48.0315 3.543307 19.68504 1.136868e-12 0.3937008 0.3937008 48.0315 0.3937008 0.3937008 1.818989e-12 0.3937008 19.68504 48.0315 0.3937008 19.68504 48.0315 0.3937008 19.68504 1.136868e-12 0.3937008 0.3937008 48.0315 0.3937008 0.3937008 1.818989e-12 0.3937008 0.3937008 1.818989e-12 0.3937008 0.3937008 48.0315 0.3937008 39.76378 4.547474e-13 0.3937008 20.47244 48.0315 0.3937008 20.47244 1.136868e-12 0.3937008 39.76378 48.0315 0.3937008 39.76378 48.0315 0.3937008 39.76378 4.547474e-13 0.3937008 20.47244 48.0315 0.3937008 20.47244 1.136868e-12 0.3937008 39.76378 4.547474e-13 0.3937008 39.76378 48.0315 0.3937008 39.76378 48.0315 3.543307 20.47244 2.273737e-13 3.543307 20.47244 48.0315 3.543307 39.76378 1.591616e-12 3.543307 39.76378 1.591616e-12 3.543307 39.76378 48.0315 3.543307 20.47244 2.273737e-13 3.543307 20.47244 48.0315 3.543307 39.76378 1.591616e-12 3.543307 39.76378 48.0315 3.543307 0.3937008 1.818989e-12 0.3937008 0.3937008 48.0315 3.543307 0.3937008 9.094947e-13 3.543307 0.3937008 48.0315 0.3937008 0.3937008 48.0315 0.3937008 0.3937008 1.818989e-12 0.3937008 0.3937008 48.0315 3.543307 0.3937008 9.094947e-13 3.543307 39.76378 1.591616e-12 3.543307 39.76378 48.0315 0.3937008 39.76378 4.547474e-13 0.3937008 39.76378 48.0315 3.543307 39.76378 48.0315 3.543307 39.76378 1.591616e-12 3.543307 39.76378 48.0315 0.3937008 39.76378 4.547474e-13 0.3937008</float_array>
                    <technique_common>
                        <accessor count="88" source="#ID252" stride="3">
                            <param name="X" type="float" />
                            <param name="Y" type="float" />
                            <param name="Z" type="float" />
                        </accessor>
                    </technique_common>
                </source>
                <source id="ID248">
                    <float_array id="ID253" count="264">2.513186e-13 -1 2.069178e-14 2.513186e-13 -1 2.069178e-14 2.513186e-13 -1 2.069178e-14 2.513186e-13 -1 2.069178e-14 -2.513186e-13 1 -2.069178e-14 -2.513186e-13 1 -2.069178e-14 -2.513186e-13 1 -2.069178e-14 -2.513186e-13 1 -2.069178e-14 0 0 0 0 0 0 0 0 0 0 0 0 -1 2.381374e-14 8.080515e-14 -1 2.381374e-14 8.080515e-14 -1 2.381374e-14 8.080515e-14 -1 2.381374e-14 8.080515e-14 1 -2.381374e-14 -8.080515e-14 1 -2.381374e-14 -8.080515e-14 1 -2.381374e-14 -8.080515e-14 1 -2.381374e-14 -8.080515e-14 0 0 0 0 0 0 1 -3.748493e-16 -8.079995e-14 1 -3.748493e-16 -8.079995e-14 1 -3.748493e-16 -8.079995e-14 1 -3.748493e-16 -8.079995e-14 -1 3.748493e-16 8.079995e-14 -1 3.748493e-16 8.079995e-14 -1 3.748493e-16 8.079995e-14 -1 3.748493e-16 8.079995e-14 0 0 0 0 0 0 -2.255141e-17 2.049749e-14 -1 -2.255141e-17 2.049749e-14 -1 -2.255141e-17 2.049749e-14 -1 -2.255141e-17 2.049749e-14 -1 2.255141e-17 -2.049749e-14 1 2.255141e-17 -2.049749e-14 1 2.255141e-17 -2.049749e-14 1 2.255141e-17 -2.049749e-14 1 0 0 0 0 0 0 1.656661e-16 -2.050096e-14 1 1.656661e-16 -2.050096e-14 1 1.656661e-16 -2.050096e-14 1 1.656661e-16 -2.050096e-14 1 -1.656661e-16 2.050096e-14 -1 -1.656661e-16 2.050096e-14 -1 -1.656661e-16 2.050096e-14 -1 -1.656661e-16 2.050096e-14 -1 0 0 0 0 0 0 -3.469447e-17 4.126213e-14 1 -3.469447e-17 4.126213e-14 1 -3.469447e-17 4.126213e-14 1 -3.469447e-17 4.126213e-14 1 3.469447e-17 -4.126213e-14 -1 3.469447e-17 -4.126213e-14 -1 3.469447e-17 -4.126213e-14 -1 3.469447e-17 -4.126213e-14 -1 0 0 0 0 0 0 2.220446e-16 -4.127254e-14 -1 2.220446e-16 -4.127254e-14 -1 2.220446e-16 -4.127254e-14 -1 2.220446e-16 -4.127254e-14 -1 -2.220446e-16 4.127254e-14 1 -2.220446e-16 4.127254e-14 1 -2.220446e-16 4.127254e-14 1 -2.220446e-16 4.127254e-14 1 0 0 0 0 0 0 1 -2.366653e-14 1.959327e-13 1 -2.366653e-14 1.959327e-13 1 -2.366653e-14 1.959327e-13 1 -2.366653e-14 1.959327e-13 -1 2.366653e-14 -1.959327e-13 -1 2.366653e-14 -1.959327e-13 -1 2.366653e-14 -1.959327e-13 -1 2.366653e-14 -1.959327e-13 -1 1.986123e-16 2.191719e-13 -1 1.986123e-16 2.191719e-13 -1 1.986123e-16 2.191719e-13 -1 1.986123e-16 2.191719e-13 1 -1.986123e-16 -2.191719e-13 1 -1.986123e-16 -2.191719e-13 1 -1.986123e-16 -2.191719e-13 1 -1.986123e-16 -2.191719e-13</float_array>
                    <technique_common>
                        <accessor count="88" source="#ID253" stride="3">
                            <param name="X" type="float" />
                            <param name="Y" type="float" />
                            <param name="Z" type="float" />
                        </accessor>
                    </technique_common>
                </source>
                <source id="ID249">
                    <Name_array id="ID255" count="0" />
                    <technique_common>
                        <accessor count="0" source="#ID255" stride="1">
                            <param name="skp_material" type="Name" />
                        </accessor>
                    </technique_common>
                </source>
                <source id="ID251">
                    <float_array id="ID254" count="72">2.047244 0.03937008 1.968504 0.3543307 1.968504 0.03937008 2.047244 0.3543307 -4.80315 0.3543307 -1.605643e-13 0.03937008 -6.961481e-14 0.3543307 -4.80315 0.03937008 1.144542e-13 0.03937008 4.80315 0.3543307 2.350478e-14 0.3543307 4.80315 0.03937008 -0.03937008 4.80315 -1.968504 3.000026e-14 -0.03937008 9.821236e-14 -1.968504 4.80315 1.968504 1.14494e-13 0.03937008 4.80315 0.03937008 1.827061e-13 1.968504 4.80315 3.976378 4.385024e-14 2.047244 4.80315 2.047244 1.120623e-13 3.976378 4.80315 -3.976378 4.80315 -2.047244 8.113239e-15 -2.047244 4.80315 -3.976378 1.445374e-13 1.828307e-13 0.03937008 4.80315 0.3543307 9.188122e-14 0.3543307 4.80315 0.03937008 -1.599513e-13 0.3543307 -4.80315 0.03937008 -4.626449e-14 0.03937008 -4.80315 0.3543307</float_array>
                    <technique_common>
                        <accessor count="36" source="#ID254" stride="2">
                            <param name="S" type="float" />
                            <param name="T" type="float" />
                        </accessor>
                    </technique_common>
                </source>
                <vertices id="ID250">
                    <input semantic="POSITION" source="#ID247" />
                    <input semantic="NORMAL" source="#ID248" />
                </vertices>
                <triangles count="36" material="Material2">
                    <input offset="0" semantic="VERTEX" source="#ID250" />
                    <input offset="1" semantic="TEXCOORD" source="#ID251" />
                    <p>0 0 1 1 2 2 1 1 0 0 3 3 4 3 5 0 6 1 7 2 6 1 5 0 12 4 13 5 14 6 13 5 12 4 15 7 16 7 17 4 18 5 19 6 18 5 17 4 22 8 23 9 24 10 23 9 22 8 25 11 26 11 27 8 28 9 29 10 28 9 27 8 32 12 33 13 34 14 33 13 32 12 35 15 36 15 37 12 38 13 39 14 38 13 37 12 42 16 43 17 44 18 43 17 42 16 45 19 46 19 47 16 48 17 49 18 48 17 47 16 52 20 53 21 54 22 53 21 52 20 55 23 56 23 57 20 58 21 59 22 58 21 57 20 62 24 63 25 64 26 63 25 62 24 65 27 66 27 67 24 68 25 69 26 68 25 67 24 72 28 73 29 74 30 73 29 72 28 75 31 76 31 77 28 78 29 79 30 78 29 77 28 80 32 81 33 82 34 81 33 80 32 83 35 84 35 85 32 86 33 87 34 86 33 85 32</p>
                </triangles>
                <lines count="26" material="Material3">
                    <input offset="0" semantic="VERTEX" source="#ID250" />
                    <p>8 9 8 10 11 10 9 11 8 20 20 21 10 21 11 30 31 30 9 31 40 8 40 41 41 20 10 50 21 51 50 51 60 11 60 61 61 30 9 70 31 71 70 71 50 40 51 41 70 60 71 61</p>
                </lines>
            </mesh>
        </geometry>
        <geometry id="ID257">
            <mesh>
                <source id="ID258">
                    <float_array id="ID263" count="168">37.79528 37.79528 3.552714e-15 0 2.273737e-13 1.24345e-14 0 37.79528 1.065814e-14 37.79528 0 7.105427e-15 37.79528 0 7.105427e-15 37.79528 37.79528 3.552714e-15 0 2.273737e-13 1.24345e-14 0 37.79528 1.065814e-14 37.79528 0 7.105427e-15 0 2.273737e-13 1.24345e-14 0 37.79528 1.065814e-14 37.79528 37.79528 3.552714e-15 37.79528 0 29.92126 0 2.273737e-13 1.24345e-14 37.79528 0 7.105427e-15 4.547474e-13 0 29.92126 4.547474e-13 0 29.92126 37.79528 0 29.92126 0 2.273737e-13 1.24345e-14 37.79528 0 7.105427e-15 37.79528 0 29.92126 4.547474e-13 0 29.92126 4.547474e-13 37.79528 29.92126 0 2.273737e-13 1.24345e-14 4.547474e-13 0 29.92126 0 37.79528 1.065814e-14 0 37.79528 1.065814e-14 4.547474e-13 37.79528 29.92126 0 2.273737e-13 1.24345e-14 4.547474e-13 0 29.92126 4.547474e-13 37.79528 29.92126 0 37.79528 1.065814e-14 37.79528 37.79528 29.92126 37.79528 37.79528 3.552714e-15 4.547474e-13 37.79528 29.92126 4.547474e-13 37.79528 29.92126 0 37.79528 1.065814e-14 37.79528 37.79528 29.92126 37.79528 37.79528 3.552714e-15 37.79528 37.79528 29.92126 37.79528 37.79528 3.552714e-15 37.79528 0 29.92126 37.79528 0 7.105427e-15 37.79528 37.79528 29.92126 37.79528 37.79528 29.92126 37.79528 37.79528 3.552714e-15 37.79528 0 29.92126 37.79528 0 7.105427e-15 37.79528 0 29.92126 4.547474e-13 37.79528 29.92126 4.547474e-13 0 29.92126 37.79528 37.79528 29.92126 37.79528 37.79528 29.92126 37.79528 0 29.92126 4.547474e-13 37.79528 29.92126 4.547474e-13 0 29.92126</float_array>
                    <technique_common>
                        <accessor count="56" source="#ID263" stride="3">
                            <param name="X" type="float" />
                            <param name="Y" type="float" />
                            <param name="Z" type="float" />
                        </accessor>
                    </technique_common>
                </source>
                <source id="ID259">
                    <float_array id="ID264" count="168">-7.719519e-17 3.469447e-18 -1 -7.719519e-17 3.469447e-18 -1 -7.719519e-17 3.469447e-18 -1 -7.719519e-17 3.469447e-18 -1 7.719519e-17 -3.469447e-18 1 7.719519e-17 -3.469447e-18 1 7.719519e-17 -3.469447e-18 1 7.719519e-17 -3.469447e-18 1 0 0 0 0 0 0 0 0 0 0 0 0 -6.583899e-15 -1 -3.469447e-18 -6.583899e-15 -1 -3.469447e-18 -6.583899e-15 -1 -3.469447e-18 -6.583899e-15 -1 -3.469447e-18 6.583899e-15 1 3.469447e-18 6.583899e-15 1 3.469447e-18 6.583899e-15 1 3.469447e-18 6.583899e-15 1 3.469447e-18 0 0 0 0 0 0 -1 -3.752844e-15 7.979728e-17 -1 -3.752844e-15 7.979728e-17 -1 -3.752844e-15 7.979728e-17 -1 -3.752844e-15 7.979728e-17 1 3.752844e-15 -7.979728e-17 1 3.752844e-15 -7.979728e-17 1 3.752844e-15 -7.979728e-17 1 3.752844e-15 -7.979728e-17 0 0 0 3.197651e-15 1 3.469447e-18 3.197651e-15 1 3.469447e-18 3.197651e-15 1 3.469447e-18 3.197651e-15 1 3.469447e-18 -3.197651e-15 -1 -3.469447e-18 -3.197651e-15 -1 -3.469447e-18 -3.197651e-15 -1 -3.469447e-18 -3.197651e-15 -1 -3.469447e-18 0 0 0 1 -7.7999e-15 -8.066464e-17 1 -7.7999e-15 -8.066464e-17 1 -7.7999e-15 -8.066464e-17 1 -7.7999e-15 -8.066464e-17 -1 7.7999e-15 8.066464e-17 -1 7.7999e-15 8.066464e-17 -1 7.7999e-15 8.066464e-17 -1 7.7999e-15 8.066464e-17 7.719519e-17 -3.469447e-18 1 7.719519e-17 -3.469447e-18 1 7.719519e-17 -3.469447e-18 1 7.719519e-17 -3.469447e-18 1 -7.719519e-17 3.469447e-18 -1 -7.719519e-17 3.469447e-18 -1 -7.719519e-17 3.469447e-18 -1 -7.719519e-17 3.469447e-18 -1</float_array>
                    <technique_common>
                        <accessor count="56" source="#ID264" stride="3">
                            <param name="X" type="float" />
                            <param name="Y" type="float" />
                            <param name="Z" type="float" />
                        </accessor>
                    </technique_common>
                </source>
                <source id="ID260">
                    <Name_array id="ID266" count="0" />
                    <technique_common>
                        <accessor count="0" source="#ID266" stride="1">
                            <param name="skp_material" type="Name" />
                        </accessor>
                    </technique_common>
                </source>
                <source id="ID262">
                    <float_array id="ID265" count="48">-3.149606 3.821323 7.999029e-32 2.298881e-14 6.856311e-32 3.821323 -3.149606 3.515896e-33 3.149606 3.025214 -1.247504e-28 1.2572e-15 3.149606 7.184002e-16 3.789561e-14 3.025214 -3.149606 3.025214 -1.894781e-14 1.2572e-15 1.422163e-28 3.025214 -3.149606 1.0776e-15 1.007134e-14 1.064342e-15 -3.149606 3.025214 -3.149606 3.459422e-16 -2.782427e-14 3.025214 3.149606 6.674458e-16 2.456661e-14 3.025214 2.456661e-14 1.026646e-15 3.149606 3.025214 3.149606 1.049582e-17 3.770313e-14 3.821323 3.770313e-14 1.049582e-17 3.149606 3.821323</float_array>
                    <technique_common>
                        <accessor count="24" source="#ID265" stride="2">
                            <param name="S" type="float" />
                            <param name="T" type="float" />
                        </accessor>
                    </technique_common>
                </source>
                <vertices id="ID261">
                    <input semantic="POSITION" source="#ID258" />
                    <input semantic="NORMAL" source="#ID259" />
                </vertices>
                <triangles count="24" material="Material2">
                    <input offset="0" semantic="VERTEX" source="#ID261" />
                    <input offset="1" semantic="TEXCOORD" source="#ID262" />
                    <p>0 0 1 1 2 2 1 1 0 0 3 3 4 3 5 0 6 1 7 2 6 1 5 0 12 4 13 5 14 6 13 5 12 4 15 7 16 7 17 4 18 5 19 6 18 5 17 4 22 8 23 9 24 10 23 9 22 8 25 11 26 11 27 8 28 9 29 10 28 9 27 8 31 12 32 13 33 14 32 13 31 12 34 15 35 15 36 12 37 13 38 14 37 13 36 12 40 16 41 17 42 18 41 17 40 16 43 19 44 19 45 16 46 17 47 18 46 17 45 16 48 20 49 21 50 22 49 21 48 20 51 23 52 23 53 20 54 21 55 22 54 21 53 20</p>
                </triangles>
                <lines count="12" material="Material3">
                    <input offset="0" semantic="VERTEX" source="#ID261" />
                    <p>8 9 9 10 10 11 11 8 8 20 20 21 9 21 21 30 10 30 30 39 11 39 39 20</p>
                </lines>
            </mesh>
        </geometry>
        <geometry id="ID268">
            <mesh>
                <source id="ID269">
                    <float_array id="ID274" count="312">40.15748 48.0315 5.329071e-15 9.094947e-13 9.094947e-13 1.776357e-15 0 48.0315 5.329071e-15 40.15748 6.82121e-13 1.065814e-14 40.15748 6.82121e-13 1.065814e-14 40.15748 48.0315 5.329071e-15 9.094947e-13 9.094947e-13 1.776357e-15 0 48.0315 5.329071e-15 40.15748 6.82121e-13 1.065814e-14 9.094947e-13 9.094947e-13 1.776357e-15 0 48.0315 5.329071e-15 40.15748 48.0315 5.329071e-15 20.47244 1.136868e-12 0.3937008 19.68504 1.136868e-12 0.3937008 39.76378 4.547474e-13 0.3937008 40.15748 6.82121e-13 1.065814e-14 40.15748 1.364242e-12 4.330709 39.76378 1.591616e-12 3.543307 20.47244 2.273737e-13 3.543307 19.68504 2.273737e-13 3.543307 0.3937008 9.094947e-13 3.543307 9.094947e-13 1.591616e-12 4.330709 9.094947e-13 9.094947e-13 1.776357e-15 0.3937008 1.818989e-12 0.3937008 0.3937008 9.094947e-13 3.543307 0.3937008 1.818989e-12 0.3937008 9.094947e-13 1.591616e-12 4.330709 19.68504 1.136868e-12 0.3937008 40.15748 6.82121e-13 1.065814e-14 9.094947e-13 9.094947e-13 1.776357e-15 40.15748 1.364242e-12 4.330709 19.68504 2.273737e-13 3.543307 20.47244 2.273737e-13 3.543307 39.76378 1.591616e-12 3.543307 39.76378 4.547474e-13 0.3937008 20.47244 1.136868e-12 0.3937008 40.15748 1.364242e-12 4.330709 9.094947e-13 1.591616e-12 4.330709 39.76378 4.547474e-13 0.3937008 20.47244 1.136868e-12 0.3937008 19.68504 1.136868e-12 0.3937008 0.3937008 1.818989e-12 0.3937008 0.3937008 9.094947e-13 3.543307 19.68504 2.273737e-13 3.543307 20.47244 2.273737e-13 3.543307 39.76378 1.591616e-12 3.543307 9.094947e-13 1.591616e-12 4.330709 0 48.0315 5.329071e-15 9.094947e-13 9.094947e-13 1.776357e-15 1.364242e-12 48.0315 4.330709 1.364242e-12 48.0315 4.330709 9.094947e-13 1.591616e-12 4.330709 0 48.0315 5.329071e-15 9.094947e-13 9.094947e-13 1.776357e-15 1.364242e-12 48.0315 4.330709 19.68504 48.0315 0.3937008 20.47244 48.0315 3.543307 20.47244 48.0315 0.3937008 19.68504 48.0315 3.543307 0 48.0315 5.329071e-15 0.3937008 48.0315 0.3937008 40.15748 48.0315 5.329071e-15 1.364242e-12 48.0315 4.330709 0.3937008 48.0315 3.543307 40.15748 48.0315 4.330709 39.76378 48.0315 0.3937008 39.76378 48.0315 3.543307 19.68504 48.0315 3.543307 20.47244 48.0315 3.543307 40.15748 48.0315 4.330709 39.76378 48.0315 3.543307 39.76378 48.0315 0.3937008 20.47244 48.0315 0.3937008 40.15748 48.0315 5.329071e-15 1.364242e-12 48.0315 4.330709 0.3937008 48.0315 3.543307 0.3937008 48.0315 0.3937008 19.68504 48.0315 0.3937008 0 48.0315 5.329071e-15 40.15748 48.0315 4.330709 19.68504 48.0315 0.3937008 0.3937008 48.0315 0.3937008 19.68504 48.0315 3.543307 0.3937008 48.0315 3.543307 20.47244 48.0315 3.543307 39.76378 48.0315 3.543307 20.47244 48.0315 0.3937008 39.76378 48.0315 0.3937008 40.15748 48.0315 5.329071e-15 40.15748 1.364242e-12 4.330709 40.15748 6.82121e-13 1.065814e-14 40.15748 48.0315 4.330709 40.15748 48.0315 4.330709 40.15748 48.0315 5.329071e-15 40.15748 1.364242e-12 4.330709 40.15748 6.82121e-13 1.065814e-14 40.15748 1.364242e-12 4.330709 1.364242e-12 48.0315 4.330709 9.094947e-13 1.591616e-12 4.330709 40.15748 48.0315 4.330709 40.15748 48.0315 4.330709 40.15748 1.364242e-12 4.330709 1.364242e-12 48.0315 4.330709 9.094947e-13 1.591616e-12 4.330709</float_array>
                    <technique_common>
                        <accessor count="104" source="#ID274" stride="3">
                            <param name="X" type="float" />
                            <param name="Y" type="float" />
                            <param name="Z" type="float" />
                        </accessor>
                    </technique_common>
                </source>
                <source id="ID270">
                    <float_array id="ID275" count="312">1.162265e-16 4.163336e-17 -1 1.162265e-16 4.163336e-17 -1 1.162265e-16 4.163336e-17 -1 1.162265e-16 4.163336e-17 -1 -1.162265e-16 -4.163336e-17 1 -1.162265e-16 -4.163336e-17 1 -1.162265e-16 -4.163336e-17 1 -1.162265e-16 -4.163336e-17 1 0 0 0 0 0 0 0 0 0 0 0 0 -3.419926e-15 -1 -4.857226e-17 -3.419926e-15 -1 -4.857226e-17 -3.419926e-15 -1 -4.857226e-17 -3.419926e-15 -1 -4.857226e-17 -3.419926e-15 -1 -4.857226e-17 -3.419926e-15 -1 -4.857226e-17 -3.419926e-15 -1 -4.857226e-17 -3.419926e-15 -1 -4.857226e-17 -3.419926e-15 -1 -4.857226e-17 -3.419926e-15 -1 -4.857226e-17 -3.419926e-15 -1 -4.857226e-17 -3.419926e-15 -1 -4.857226e-17 3.419926e-15 1 4.857226e-17 3.419926e-15 1 4.857226e-17 3.419926e-15 1 4.857226e-17 3.419926e-15 1 4.857226e-17 3.419926e-15 1 4.857226e-17 3.419926e-15 1 4.857226e-17 3.419926e-15 1 4.857226e-17 3.419926e-15 1 4.857226e-17 3.419926e-15 1 4.857226e-17 3.419926e-15 1 4.857226e-17 3.419926e-15 1 4.857226e-17 3.419926e-15 1 4.857226e-17 0 0 0 0 0 0 0 0 0 0 0 0 0 0 0 0 0 0 0 0 0 0 0 0 0 0 0 0 0 0 -1 2.796591e-15 -1.110223e-16 -1 2.796591e-15 -1.110223e-16 -1 2.796591e-15 -1.110223e-16 -1 2.796591e-15 -1.110223e-16 1 -2.796591e-15 1.110223e-16 1 -2.796591e-15 1.110223e-16 1 -2.796591e-15 1.110223e-16 1 -2.796591e-15 1.110223e-16 0 0 0 8.910787e-17 1 3.816392e-17 8.910787e-17 1 3.816392e-17 8.910787e-17 1 3.816392e-17 8.910787e-17 1 3.816392e-17 8.910787e-17 1 3.816392e-17 8.910787e-17 1 3.816392e-17 8.910787e-17 1 3.816392e-17 8.910787e-17 1 3.816392e-17 8.910787e-17 1 3.816392e-17 8.910787e-17 1 3.816392e-17 8.910787e-17 1 3.816392e-17 8.910787e-17 1 3.816392e-17 -8.910787e-17 -1 -3.816392e-17 -8.910787e-17 -1 -3.816392e-17 -8.910787e-17 -1 -3.816392e-17 -8.910787e-17 -1 -3.816392e-17 -8.910787e-17 -1 -3.816392e-17 -8.910787e-17 -1 -3.816392e-17 -8.910787e-17 -1 -3.816392e-17 -8.910787e-17 -1 -3.816392e-17 -8.910787e-17 -1 -3.816392e-17 -8.910787e-17 -1 -3.816392e-17 -8.910787e-17 -1 -3.816392e-17 -8.910787e-17 -1 -3.816392e-17 0 0 0 0 0 0 0 0 0 0 0 0 0 0 0 0 0 0 0 0 0 0 0 0 0 0 0 1 -1.201648e-14 1.144917e-16 1 -1.201648e-14 1.144917e-16 1 -1.201648e-14 1.144917e-16 1 -1.201648e-14 1.144917e-16 -1 1.201648e-14 -1.144917e-16 -1 1.201648e-14 -1.144917e-16 -1 1.201648e-14 -1.144917e-16 -1 1.201648e-14 -1.144917e-16 -1.162265e-16 -4.163336e-17 1 -1.162265e-16 -4.163336e-17 1 -1.162265e-16 -4.163336e-17 1 -1.162265e-16 -4.163336e-17 1 1.162265e-16 4.163336e-17 -1 1.162265e-16 4.163336e-17 -1 1.162265e-16 4.163336e-17 -1 1.162265e-16 4.163336e-17 -1</float_array>
                    <technique_common>
                        <accessor count="104" source="#ID275" stride="3">
                            <param name="X" type="float" />
                            <param name="Y" type="float" />
                            <param name="Z" type="float" />
                        </accessor>
                    </technique_common>
                </source>
                <source id="ID271">
                    <Name_array id="ID277" count="0" />
                    <technique_common>
                        <accessor count="0" source="#ID277" stride="1">
                            <param name="skp_material" type="Name" />
                        </accessor>
                    </technique_common>
                </source>
                <source id="ID273">
                    <float_array id="ID276" count="78">-4.015748 4.80315 -9.094947e-14 9.094947e-14 -6.193791e-32 4.80315 -4.015748 6.82121e-14 2.047244 0.03937008 1.968504 0.03937008 3.976378 0.03937008 4.015748 1.065814e-15 4.015748 0.4330709 3.976378 0.3543307 2.047244 0.3543307 1.968504 0.3543307 0.03937008 0.3543307 9.094947e-14 0.4330709 9.094947e-14 1.776357e-16 0.03937008 0.03937008 -1.591616e-13 0.4330709 -4.80315 5.329071e-16 -9.094947e-14 1.776357e-16 -4.80315 0.4330709 -1.968504 0.03937008 -2.047244 0.3543307 -2.047244 0.03937008 -1.968504 0.3543307 4.279984e-16 3.496001e-16 -0.03937008 0.03937008 -4.015748 3.496001e-16 -1.359962e-13 0.4330709 -0.03937008 0.3543307 -4.015748 0.4330709 -3.976378 0.03937008 -3.976378 0.3543307 4.80315 7.313703e-17 1.846794e-13 0.4330709 1.164673e-13 6.060441e-16 4.80315 0.4330709 1.364745e-13 4.80315 9.09998e-14 1.591796e-13 4.015748 4.80315</float_array>
                    <technique_common>
                        <accessor count="39" source="#ID276" stride="2">
                            <param name="S" type="float" />
                            <param name="T" type="float" />
                        </accessor>
                    </technique_common>
                </source>
                <vertices id="ID272">
                    <input semantic="POSITION" source="#ID269" />
                    <input semantic="NORMAL" source="#ID270" />
                </vertices>
                <triangles count="68" material="Material2">
                    <input offset="0" semantic="VERTEX" source="#ID272" />
                    <input offset="1" semantic="TEXCOORD" source="#ID273" />
                    <p>0 0 1 1 2 2 1 1 0 0 3 3 4 3 5 0 6 1 7 2 6 1 5 0 12 4 13 5 14 6 15 7 14 6 13 5 14 6 15 7 16 8 14 6 16 8 17 9 17 9 16 8 18 10 18 10 16 8 19 11 19 11 16 8 20 12 20 12 16 8 21 13 22 14 23 15 21 13 23 15 22 14 15 7 23 15 15 7 13 5 21 13 23 15 20 12 24 12 25 15 26 13 27 5 28 7 25 15 28 7 29 14 25 15 26 13 25 15 29 14 26 13 30 8 24 12 24 12 30 8 31 11 31 11 30 8 32 10 32 10 30 8 33 9 33 9 30 8 34 6 30 8 28 7 34 6 27 5 34 6 28 7 34 6 27 5 35 4 46 16 47 17 48 18 47 17 46 16 49 19 50 19 51 16 52 17 53 18 52 17 51 16 55 20 56 21 57 22 56 21 55 20 58 23 59 24 60 25 61 26 60 25 59 24 62 27 61 26 60 25 57 22 57 22 60 25 55 20 60 25 62 27 63 28 63 28 62 27 58 23 58 23 62 27 64 29 61 26 65 30 64 29 65 30 61 26 57 22 64 29 65 30 66 31 64 29 66 31 56 21 64 29 56 21 58 23 67 23 68 21 69 29 68 21 70 31 69 29 70 31 71 30 69 29 72 22 73 26 71 30 69 29 71 30 73 26 69 29 74 27 67 23 67 23 74 27 75 28 75 28 74 27 76 25 77 20 76 25 72 22 72 22 76 25 73 26 74 27 78 24 76 25 73 26 76 25 78 24 67 23 77 20 68 21 72 22 68 21 77 20 88 32 89 33 90 34 89 33 88 32 91 35 92 35 93 32 94 33 95 34 94 33 93 32 96 7 97 36 98 37 97 36 96 7 99 38 100 38 101 7 102 36 103 37 102 36 101 7</p>
                </triangles>
                <lines count="28" material="Material3">
                    <input offset="0" semantic="VERTEX" source="#ID272" />
                    <p>8 9 9 10 10 11 11 8 8 36 36 37 9 37 38 39 39 40 40 41 41 42 42 43 43 44 44 45 45 38 37 54 10 54 54 79 11 79 80 81 82 80 83 82 81 83 84 85 84 86 87 86 85 87 79 36</p>
                </lines>
            </mesh>
        </geometry>
        <geometry id="ID278">
            <mesh>
                <source id="ID279">
                    <float_array id="ID284" count="264">20.47244 1.136868e-12 0.3937008 19.68504 2.273737e-13 3.543307 19.68504 1.136868e-12 0.3937008 20.47244 2.273737e-13 3.543307 20.47244 2.273737e-13 3.543307 20.47244 1.136868e-12 0.3937008 19.68504 2.273737e-13 3.543307 19.68504 1.136868e-12 0.3937008 19.68504 2.273737e-13 3.543307 20.47244 2.273737e-13 3.543307 19.68504 1.136868e-12 0.3937008 20.47244 1.136868e-12 0.3937008 19.68504 48.0315 3.543307 19.68504 1.136868e-12 0.3937008 19.68504 2.273737e-13 3.543307 19.68504 48.0315 0.3937008 19.68504 48.0315 0.3937008 19.68504 48.0315 3.543307 19.68504 1.136868e-12 0.3937008 19.68504 2.273737e-13 3.543307 19.68504 48.0315 3.543307 19.68504 48.0315 0.3937008 20.47244 1.136868e-12 0.3937008 20.47244 48.0315 3.543307 20.47244 2.273737e-13 3.543307 20.47244 48.0315 0.3937008 20.47244 48.0315 0.3937008 20.47244 1.136868e-12 0.3937008 20.47244 48.0315 3.543307 20.47244 2.273737e-13 3.543307 20.47244 48.0315 0.3937008 20.47244 48.0315 3.543307 0.3937008 48.0315 3.543307 19.68504 2.273737e-13 3.543307 0.3937008 9.094947e-13 3.543307 19.68504 48.0315 3.543307 19.68504 48.0315 3.543307 0.3937008 48.0315 3.543307 19.68504 2.273737e-13 3.543307 0.3937008 9.094947e-13 3.543307 0.3937008 9.094947e-13 3.543307 0.3937008 48.0315 3.543307 19.68504 1.136868e-12 0.3937008 0.3937008 48.0315 0.3937008 0.3937008 1.818989e-12 0.3937008 19.68504 48.0315 0.3937008 19.68504 48.0315 0.3937008 19.68504 1.136868e-12 0.3937008 0.3937008 48.0315 0.3937008 0.3937008 1.818989e-12 0.3937008 0.3937008 1.818989e-12 0.3937008 0.3937008 48.0315 0.3937008 39.76378 4.547474e-13 0.3937008 20.47244 48.0315 0.3937008 20.47244 1.136868e-12 0.3937008 39.76378 48.0315 0.3937008 39.76378 48.0315 0.3937008 39.76378 4.547474e-13 0.3937008 20.47244 48.0315 0.3937008 20.47244 1.136868e-12 0.3937008 39.76378 4.547474e-13 0.3937008 39.76378 48.0315 0.3937008 39.76378 48.0315 3.543307 20.47244 2.273737e-13 3.543307 20.47244 48.0315 3.543307 39.76378 1.591616e-12 3.543307 39.76378 1.591616e-12 3.543307 39.76378 48.0315 3.543307 20.47244 2.273737e-13 3.543307 20.47244 48.0315 3.543307 39.76378 1.591616e-12 3.543307 39.76378 48.0315 3.543307 0.3937008 1.818989e-12 0.3937008 0.3937008 48.0315 3.543307 0.3937008 9.094947e-13 3.543307 0.3937008 48.0315 0.3937008 0.3937008 48.0315 0.3937008 0.3937008 1.818989e-12 0.3937008 0.3937008 48.0315 3.543307 0.3937008 9.094947e-13 3.543307 39.76378 1.591616e-12 3.543307 39.76378 48.0315 0.3937008 39.76378 4.547474e-13 0.3937008 39.76378 48.0315 3.543307 39.76378 48.0315 3.543307 39.76378 1.591616e-12 3.543307 39.76378 48.0315 0.3937008 39.76378 4.547474e-13 0.3937008</float_array>
                    <technique_common>
                        <accessor count="88" source="#ID284" stride="3">
                            <param name="X" type="float" />
                            <param name="Y" type="float" />
                            <param name="Z" type="float" />
                        </accessor>
                    </technique_common>
                </source>
                <source id="ID280">
                    <float_array id="ID285" count="264">2.513186e-13 -1 2.069178e-14 2.513186e-13 -1 2.069178e-14 2.513186e-13 -1 2.069178e-14 2.513186e-13 -1 2.069178e-14 -2.513186e-13 1 -2.069178e-14 -2.513186e-13 1 -2.069178e-14 -2.513186e-13 1 -2.069178e-14 -2.513186e-13 1 -2.069178e-14 0 0 0 0 0 0 0 0 0 0 0 0 -1 2.381374e-14 8.080515e-14 -1 2.381374e-14 8.080515e-14 -1 2.381374e-14 8.080515e-14 -1 2.381374e-14 8.080515e-14 1 -2.381374e-14 -8.080515e-14 1 -2.381374e-14 -8.080515e-14 1 -2.381374e-14 -8.080515e-14 1 -2.381374e-14 -8.080515e-14 0 0 0 0 0 0 1 -3.748493e-16 -8.079995e-14 1 -3.748493e-16 -8.079995e-14 1 -3.748493e-16 -8.079995e-14 1 -3.748493e-16 -8.079995e-14 -1 3.748493e-16 8.079995e-14 -1 3.748493e-16 8.079995e-14 -1 3.748493e-16 8.079995e-14 -1 3.748493e-16 8.079995e-14 0 0 0 0 0 0 -2.255141e-17 2.049749e-14 -1 -2.255141e-17 2.049749e-14 -1 -2.255141e-17 2.049749e-14 -1 -2.255141e-17 2.049749e-14 -1 2.255141e-17 -2.049749e-14 1 2.255141e-17 -2.049749e-14 1 2.255141e-17 -2.049749e-14 1 2.255141e-17 -2.049749e-14 1 0 0 0 0 0 0 1.656661e-16 -2.050096e-14 1 1.656661e-16 -2.050096e-14 1 1.656661e-16 -2.050096e-14 1 1.656661e-16 -2.050096e-14 1 -1.656661e-16 2.050096e-14 -1 -1.656661e-16 2.050096e-14 -1 -1.656661e-16 2.050096e-14 -1 -1.656661e-16 2.050096e-14 -1 0 0 0 0 0 0 -3.469447e-17 4.126213e-14 1 -3.469447e-17 4.126213e-14 1 -3.469447e-17 4.126213e-14 1 -3.469447e-17 4.126213e-14 1 3.469447e-17 -4.126213e-14 -1 3.469447e-17 -4.126213e-14 -1 3.469447e-17 -4.126213e-14 -1 3.469447e-17 -4.126213e-14 -1 0 0 0 0 0 0 2.220446e-16 -4.127254e-14 -1 2.220446e-16 -4.127254e-14 -1 2.220446e-16 -4.127254e-14 -1 2.220446e-16 -4.127254e-14 -1 -2.220446e-16 4.127254e-14 1 -2.220446e-16 4.127254e-14 1 -2.220446e-16 4.127254e-14 1 -2.220446e-16 4.127254e-14 1 0 0 0 0 0 0 1 -2.366653e-14 1.959327e-13 1 -2.366653e-14 1.959327e-13 1 -2.366653e-14 1.959327e-13 1 -2.366653e-14 1.959327e-13 -1 2.366653e-14 -1.959327e-13 -1 2.366653e-14 -1.959327e-13 -1 2.366653e-14 -1.959327e-13 -1 2.366653e-14 -1.959327e-13 -1 1.986123e-16 2.191719e-13 -1 1.986123e-16 2.191719e-13 -1 1.986123e-16 2.191719e-13 -1 1.986123e-16 2.191719e-13 1 -1.986123e-16 -2.191719e-13 1 -1.986123e-16 -2.191719e-13 1 -1.986123e-16 -2.191719e-13 1 -1.986123e-16 -2.191719e-13</float_array>
                    <technique_common>
                        <accessor count="88" source="#ID285" stride="3">
                            <param name="X" type="float" />
                            <param name="Y" type="float" />
                            <param name="Z" type="float" />
                        </accessor>
                    </technique_common>
                </source>
                <source id="ID281">
                    <Name_array id="ID287" count="0" />
                    <technique_common>
                        <accessor count="0" source="#ID287" stride="1">
                            <param name="skp_material" type="Name" />
                        </accessor>
                    </technique_common>
                </source>
                <source id="ID283">
                    <float_array id="ID286" count="72">2.047244 0.03937008 1.968504 0.3543307 1.968504 0.03937008 2.047244 0.3543307 -4.80315 0.3543307 -1.605643e-13 0.03937008 -6.961481e-14 0.3543307 -4.80315 0.03937008 1.144542e-13 0.03937008 4.80315 0.3543307 2.350478e-14 0.3543307 4.80315 0.03937008 -0.03937008 4.80315 -1.968504 3.000026e-14 -0.03937008 9.821236e-14 -1.968504 4.80315 1.968504 1.14494e-13 0.03937008 4.80315 0.03937008 1.827061e-13 1.968504 4.80315 3.976378 4.385024e-14 2.047244 4.80315 2.047244 1.120623e-13 3.976378 4.80315 -3.976378 4.80315 -2.047244 8.113239e-15 -2.047244 4.80315 -3.976378 1.445374e-13 1.828307e-13 0.03937008 4.80315 0.3543307 9.188122e-14 0.3543307 4.80315 0.03937008 -1.599513e-13 0.3543307 -4.80315 0.03937008 -4.626449e-14 0.03937008 -4.80315 0.3543307</float_array>
                    <technique_common>
                        <accessor count="36" source="#ID286" stride="2">
                            <param name="S" type="float" />
                            <param name="T" type="float" />
                        </accessor>
                    </technique_common>
                </source>
                <vertices id="ID282">
                    <input semantic="POSITION" source="#ID279" />
                    <input semantic="NORMAL" source="#ID280" />
                </vertices>
                <triangles count="36" material="Material2">
                    <input offset="0" semantic="VERTEX" source="#ID282" />
                    <input offset="1" semantic="TEXCOORD" source="#ID283" />
                    <p>0 0 1 1 2 2 1 1 0 0 3 3 4 3 5 0 6 1 7 2 6 1 5 0 12 4 13 5 14 6 13 5 12 4 15 7 16 7 17 4 18 5 19 6 18 5 17 4 22 8 23 9 24 10 23 9 22 8 25 11 26 11 27 8 28 9 29 10 28 9 27 8 32 12 33 13 34 14 33 13 32 12 35 15 36 15 37 12 38 13 39 14 38 13 37 12 42 16 43 17 44 18 43 17 42 16 45 19 46 19 47 16 48 17 49 18 48 17 47 16 52 20 53 21 54 22 53 21 52 20 55 23 56 23 57 20 58 21 59 22 58 21 57 20 62 24 63 25 64 26 63 25 62 24 65 27 66 27 67 24 68 25 69 26 68 25 67 24 72 28 73 29 74 30 73 29 72 28 75 31 76 31 77 28 78 29 79 30 78 29 77 28 80 32 81 33 82 34 81 33 80 32 83 35 84 35 85 32 86 33 87 34 86 33 85 32</p>
                </triangles>
                <lines count="26" material="Material3">
                    <input offset="0" semantic="VERTEX" source="#ID282" />
                    <p>8 9 8 10 11 10 9 11 8 20 20 21 10 21 11 30 31 30 9 31 40 8 40 41 41 20 10 50 21 51 50 51 60 11 60 61 61 30 9 70 31 71 70 71 50 40 51 41 70 60 71 61</p>
                </lines>
            </mesh>
        </geometry>
        <geometry id="ID289">
            <mesh>
                <source id="ID290">
                    <float_array id="ID295" count="168">37.79528 37.79528 3.552714e-15 0 2.273737e-13 1.24345e-14 0 37.79528 1.065814e-14 37.79528 0 7.105427e-15 37.79528 0 7.105427e-15 37.79528 37.79528 3.552714e-15 0 2.273737e-13 1.24345e-14 0 37.79528 1.065814e-14 37.79528 0 7.105427e-15 0 2.273737e-13 1.24345e-14 0 37.79528 1.065814e-14 37.79528 37.79528 3.552714e-15 37.79528 0 29.92126 0 2.273737e-13 1.24345e-14 37.79528 0 7.105427e-15 4.547474e-13 0 29.92126 4.547474e-13 0 29.92126 37.79528 0 29.92126 0 2.273737e-13 1.24345e-14 37.79528 0 7.105427e-15 37.79528 0 29.92126 4.547474e-13 0 29.92126 4.547474e-13 37.79528 29.92126 0 2.273737e-13 1.24345e-14 4.547474e-13 0 29.92126 0 37.79528 1.065814e-14 0 37.79528 1.065814e-14 4.547474e-13 37.79528 29.92126 0 2.273737e-13 1.24345e-14 4.547474e-13 0 29.92126 4.547474e-13 37.79528 29.92126 0 37.79528 1.065814e-14 37.79528 37.79528 29.92126 37.79528 37.79528 3.552714e-15 4.547474e-13 37.79528 29.92126 4.547474e-13 37.79528 29.92126 0 37.79528 1.065814e-14 37.79528 37.79528 29.92126 37.79528 37.79528 3.552714e-15 37.79528 37.79528 29.92126 37.79528 37.79528 3.552714e-15 37.79528 0 29.92126 37.79528 0 7.105427e-15 37.79528 37.79528 29.92126 37.79528 37.79528 29.92126 37.79528 37.79528 3.552714e-15 37.79528 0 29.92126 37.79528 0 7.105427e-15 37.79528 0 29.92126 4.547474e-13 37.79528 29.92126 4.547474e-13 0 29.92126 37.79528 37.79528 29.92126 37.79528 37.79528 29.92126 37.79528 0 29.92126 4.547474e-13 37.79528 29.92126 4.547474e-13 0 29.92126</float_array>
                    <technique_common>
                        <accessor count="56" source="#ID295" stride="3">
                            <param name="X" type="float" />
                            <param name="Y" type="float" />
                            <param name="Z" type="float" />
                        </accessor>
                    </technique_common>
                </source>
                <source id="ID291">
                    <float_array id="ID296" count="168">-7.719519e-17 3.469447e-18 -1 -7.719519e-17 3.469447e-18 -1 -7.719519e-17 3.469447e-18 -1 -7.719519e-17 3.469447e-18 -1 7.719519e-17 -3.469447e-18 1 7.719519e-17 -3.469447e-18 1 7.719519e-17 -3.469447e-18 1 7.719519e-17 -3.469447e-18 1 0 0 0 0 0 0 0 0 0 0 0 0 -6.583899e-15 -1 -3.469447e-18 -6.583899e-15 -1 -3.469447e-18 -6.583899e-15 -1 -3.469447e-18 -6.583899e-15 -1 -3.469447e-18 6.583899e-15 1 3.469447e-18 6.583899e-15 1 3.469447e-18 6.583899e-15 1 3.469447e-18 6.583899e-15 1 3.469447e-18 0 0 0 0 0 0 -1 -3.752844e-15 7.979728e-17 -1 -3.752844e-15 7.979728e-17 -1 -3.752844e-15 7.979728e-17 -1 -3.752844e-15 7.979728e-17 1 3.752844e-15 -7.979728e-17 1 3.752844e-15 -7.979728e-17 1 3.752844e-15 -7.979728e-17 1 3.752844e-15 -7.979728e-17 0 0 0 3.197651e-15 1 3.469447e-18 3.197651e-15 1 3.469447e-18 3.197651e-15 1 3.469447e-18 3.197651e-15 1 3.469447e-18 -3.197651e-15 -1 -3.469447e-18 -3.197651e-15 -1 -3.469447e-18 -3.197651e-15 -1 -3.469447e-18 -3.197651e-15 -1 -3.469447e-18 0 0 0 1 -7.7999e-15 -8.066464e-17 1 -7.7999e-15 -8.066464e-17 1 -7.7999e-15 -8.066464e-17 1 -7.7999e-15 -8.066464e-17 -1 7.7999e-15 8.066464e-17 -1 7.7999e-15 8.066464e-17 -1 7.7999e-15 8.066464e-17 -1 7.7999e-15 8.066464e-17 7.719519e-17 -3.469447e-18 1 7.719519e-17 -3.469447e-18 1 7.719519e-17 -3.469447e-18 1 7.719519e-17 -3.469447e-18 1 -7.719519e-17 3.469447e-18 -1 -7.719519e-17 3.469447e-18 -1 -7.719519e-17 3.469447e-18 -1 -7.719519e-17 3.469447e-18 -1</float_array>
                    <technique_common>
                        <accessor count="56" source="#ID296" stride="3">
                            <param name="X" type="float" />
                            <param name="Y" type="float" />
                            <param name="Z" type="float" />
                        </accessor>
                    </technique_common>
                </source>
                <source id="ID292">
                    <Name_array id="ID298" count="0" />
                    <technique_common>
                        <accessor count="0" source="#ID298" stride="1">
                            <param name="skp_material" type="Name" />
                        </accessor>
                    </technique_common>
                </source>
                <source id="ID294">
                    <float_array id="ID297" count="48">-3.149606 3.821323 7.999029e-32 2.298881e-14 6.856311e-32 3.821323 -3.149606 3.515896e-33 3.149606 3.025214 -1.247504e-28 1.2572e-15 3.149606 7.184002e-16 3.789561e-14 3.025214 -3.149606 3.025214 -1.894781e-14 1.2572e-15 1.422163e-28 3.025214 -3.149606 1.0776e-15 1.007134e-14 1.064342e-15 -3.149606 3.025214 -3.149606 3.459422e-16 -2.782427e-14 3.025214 3.149606 6.674458e-16 2.456661e-14 3.025214 2.456661e-14 1.026646e-15 3.149606 3.025214 3.149606 1.049582e-17 3.770313e-14 3.821323 3.770313e-14 1.049582e-17 3.149606 3.821323</float_array>
                    <technique_common>
                        <accessor count="24" source="#ID297" stride="2">
                            <param name="S" type="float" />
                            <param name="T" type="float" />
                        </accessor>
                    </technique_common>
                </source>
                <vertices id="ID293">
                    <input semantic="POSITION" source="#ID290" />
                    <input semantic="NORMAL" source="#ID291" />
                </vertices>
                <triangles count="24" material="Material2">
                    <input offset="0" semantic="VERTEX" source="#ID293" />
                    <input offset="1" semantic="TEXCOORD" source="#ID294" />
                    <p>0 0 1 1 2 2 1 1 0 0 3 3 4 3 5 0 6 1 7 2 6 1 5 0 12 4 13 5 14 6 13 5 12 4 15 7 16 7 17 4 18 5 19 6 18 5 17 4 22 8 23 9 24 10 23 9 22 8 25 11 26 11 27 8 28 9 29 10 28 9 27 8 31 12 32 13 33 14 32 13 31 12 34 15 35 15 36 12 37 13 38 14 37 13 36 12 40 16 41 17 42 18 41 17 40 16 43 19 44 19 45 16 46 17 47 18 46 17 45 16 48 20 49 21 50 22 49 21 48 20 51 23 52 23 53 20 54 21 55 22 54 21 53 20</p>
                </triangles>
                <lines count="12" material="Material3">
                    <input offset="0" semantic="VERTEX" source="#ID293" />
                    <p>8 9 9 10 10 11 11 8 8 20 20 21 9 21 21 30 10 30 30 39 11 39 39 20</p>
                </lines>
            </mesh>
        </geometry>
        <geometry id="ID300">
            <mesh>
                <source id="ID301">
                    <float_array id="ID306" count="168">37.79528 37.79528 3.552714e-15 0 2.273737e-13 1.24345e-14 0 37.79528 1.065814e-14 37.79528 0 7.105427e-15 37.79528 0 7.105427e-15 37.79528 37.79528 3.552714e-15 0 2.273737e-13 1.24345e-14 0 37.79528 1.065814e-14 37.79528 0 7.105427e-15 0 2.273737e-13 1.24345e-14 0 37.79528 1.065814e-14 37.79528 37.79528 3.552714e-15 37.79528 0 29.92126 0 2.273737e-13 1.24345e-14 37.79528 0 7.105427e-15 4.547474e-13 0 29.92126 4.547474e-13 0 29.92126 37.79528 0 29.92126 0 2.273737e-13 1.24345e-14 37.79528 0 7.105427e-15 37.79528 0 29.92126 4.547474e-13 0 29.92126 4.547474e-13 37.79528 29.92126 0 2.273737e-13 1.24345e-14 4.547474e-13 0 29.92126 0 37.79528 1.065814e-14 0 37.79528 1.065814e-14 4.547474e-13 37.79528 29.92126 0 2.273737e-13 1.24345e-14 4.547474e-13 0 29.92126 4.547474e-13 37.79528 29.92126 0 37.79528 1.065814e-14 37.79528 37.79528 29.92126 37.79528 37.79528 3.552714e-15 4.547474e-13 37.79528 29.92126 4.547474e-13 37.79528 29.92126 0 37.79528 1.065814e-14 37.79528 37.79528 29.92126 37.79528 37.79528 3.552714e-15 37.79528 37.79528 29.92126 37.79528 37.79528 3.552714e-15 37.79528 0 29.92126 37.79528 0 7.105427e-15 37.79528 37.79528 29.92126 37.79528 37.79528 29.92126 37.79528 37.79528 3.552714e-15 37.79528 0 29.92126 37.79528 0 7.105427e-15 37.79528 0 29.92126 4.547474e-13 37.79528 29.92126 4.547474e-13 0 29.92126 37.79528 37.79528 29.92126 37.79528 37.79528 29.92126 37.79528 0 29.92126 4.547474e-13 37.79528 29.92126 4.547474e-13 0 29.92126</float_array>
                    <technique_common>
                        <accessor count="56" source="#ID306" stride="3">
                            <param name="X" type="float" />
                            <param name="Y" type="float" />
                            <param name="Z" type="float" />
                        </accessor>
                    </technique_common>
                </source>
                <source id="ID302">
                    <float_array id="ID307" count="168">-7.719519e-17 3.469447e-18 -1 -7.719519e-17 3.469447e-18 -1 -7.719519e-17 3.469447e-18 -1 -7.719519e-17 3.469447e-18 -1 7.719519e-17 -3.469447e-18 1 7.719519e-17 -3.469447e-18 1 7.719519e-17 -3.469447e-18 1 7.719519e-17 -3.469447e-18 1 0 0 0 0 0 0 0 0 0 0 0 0 -6.583899e-15 -1 -3.469447e-18 -6.583899e-15 -1 -3.469447e-18 -6.583899e-15 -1 -3.469447e-18 -6.583899e-15 -1 -3.469447e-18 6.583899e-15 1 3.469447e-18 6.583899e-15 1 3.469447e-18 6.583899e-15 1 3.469447e-18 6.583899e-15 1 3.469447e-18 0 0 0 0 0 0 -1 -3.752844e-15 7.979728e-17 -1 -3.752844e-15 7.979728e-17 -1 -3.752844e-15 7.979728e-17 -1 -3.752844e-15 7.979728e-17 1 3.752844e-15 -7.979728e-17 1 3.752844e-15 -7.979728e-17 1 3.752844e-15 -7.979728e-17 1 3.752844e-15 -7.979728e-17 0 0 0 3.197651e-15 1 3.469447e-18 3.197651e-15 1 3.469447e-18 3.197651e-15 1 3.469447e-18 3.197651e-15 1 3.469447e-18 -3.197651e-15 -1 -3.469447e-18 -3.197651e-15 -1 -3.469447e-18 -3.197651e-15 -1 -3.469447e-18 -3.197651e-15 -1 -3.469447e-18 0 0 0 1 -7.7999e-15 -8.066464e-17 1 -7.7999e-15 -8.066464e-17 1 -7.7999e-15 -8.066464e-17 1 -7.7999e-15 -8.066464e-17 -1 7.7999e-15 8.066464e-17 -1 7.7999e-15 8.066464e-17 -1 7.7999e-15 8.066464e-17 -1 7.7999e-15 8.066464e-17 7.719519e-17 -3.469447e-18 1 7.719519e-17 -3.469447e-18 1 7.719519e-17 -3.469447e-18 1 7.719519e-17 -3.469447e-18 1 -7.719519e-17 3.469447e-18 -1 -7.719519e-17 3.469447e-18 -1 -7.719519e-17 3.469447e-18 -1 -7.719519e-17 3.469447e-18 -1</float_array>
                    <technique_common>
                        <accessor count="56" source="#ID307" stride="3">
                            <param name="X" type="float" />
                            <param name="Y" type="float" />
                            <param name="Z" type="float" />
                        </accessor>
                    </technique_common>
                </source>
                <source id="ID303">
                    <Name_array id="ID309" count="0" />
                    <technique_common>
                        <accessor count="0" source="#ID309" stride="1">
                            <param name="skp_material" type="Name" />
                        </accessor>
                    </technique_common>
                </source>
                <source id="ID305">
                    <float_array id="ID308" count="48">-3.149606 3.821323 7.999029e-32 2.298881e-14 6.856311e-32 3.821323 -3.149606 3.515896e-33 3.149606 3.025214 -1.247504e-28 1.2572e-15 3.149606 7.184002e-16 3.789561e-14 3.025214 -3.149606 3.025214 -1.894781e-14 1.2572e-15 1.422163e-28 3.025214 -3.149606 1.0776e-15 1.007134e-14 1.064342e-15 -3.149606 3.025214 -3.149606 3.459422e-16 -2.782427e-14 3.025214 3.149606 6.674458e-16 2.456661e-14 3.025214 2.456661e-14 1.026646e-15 3.149606 3.025214 3.149606 1.049582e-17 3.770313e-14 3.821323 3.770313e-14 1.049582e-17 3.149606 3.821323</float_array>
                    <technique_common>
                        <accessor count="24" source="#ID308" stride="2">
                            <param name="S" type="float" />
                            <param name="T" type="float" />
                        </accessor>
                    </technique_common>
                </source>
                <vertices id="ID304">
                    <input semantic="POSITION" source="#ID301" />
                    <input semantic="NORMAL" source="#ID302" />
                </vertices>
                <triangles count="24" material="Material2">
                    <input offset="0" semantic="VERTEX" source="#ID304" />
                    <input offset="1" semantic="TEXCOORD" source="#ID305" />
                    <p>0 0 1 1 2 2 1 1 0 0 3 3 4 3 5 0 6 1 7 2 6 1 5 0 12 4 13 5 14 6 13 5 12 4 15 7 16 7 17 4 18 5 19 6 18 5 17 4 22 8 23 9 24 10 23 9 22 8 25 11 26 11 27 8 28 9 29 10 28 9 27 8 31 12 32 13 33 14 32 13 31 12 34 15 35 15 36 12 37 13 38 14 37 13 36 12 40 16 41 17 42 18 41 17 40 16 43 19 44 19 45 16 46 17 47 18 46 17 45 16 48 20 49 21 50 22 49 21 48 20 51 23 52 23 53 20 54 21 55 22 54 21 53 20</p>
                </triangles>
                <lines count="12" material="Material3">
                    <input offset="0" semantic="VERTEX" source="#ID304" />
                    <p>8 9 9 10 10 11 11 8 8 20 20 21 9 21 21 30 10 30 30 39 11 39 39 20</p>
                </lines>
            </mesh>
        </geometry>
        <geometry id="ID312">
            <mesh>
                <source id="ID315">
                    <float_array id="ID321" count="1050">8.926322 -5.684342e-14 40.8876 8.569966 -6.394885e-14 39.7206 8.781546 -7.638334e-14 39.27103 8.04107 -7.638334e-14 40.06438 7.366727 -8.526513e-14 40.23627 6.930393 -6.927792e-14 40.23627 5.922065 -4.973799e-14 40.87896 6.36657 -9.237056e-14 41.35681 8.786267 -6.394885e-14 41.33036 8.230915 -2.131628e-14 41.55515 6.921904 -7.81597e-14 41.54192 7.569809 -5.684342e-14 41.62126 6.401507 -5.506706e-14 39.97181 6.018059 -6.217249e-14 39.57515 6.930393 -6.927792e-14 40.23627 6.401507 -5.506706e-14 39.97181 5.922065 -4.973799e-14 40.87896 6.018059 -6.217249e-14 39.57515 7.569809 -5.684342e-14 41.62126 8.230915 -2.131628e-14 41.55515 6.921904 -7.81597e-14 41.54192 6.36657 -9.237056e-14 41.35681 8.786267 -6.394885e-14 41.33036 8.926322 -5.684342e-14 40.8876 7.366727 -8.526513e-14 40.23627 8.04107 -7.638334e-14 40.06438 8.569966 -6.394885e-14 39.7206 8.781546 -7.638334e-14 39.27103 6.36657 -9.237056e-14 41.35681 5.922065 -4.973799e-14 40.87896 6.018059 -6.217249e-14 39.57515 6.401507 -5.506706e-14 39.97181 6.930393 -6.927792e-14 40.23627 7.366727 -8.526513e-14 40.23627 8.04107 -7.638334e-14 40.06438 8.569966 -6.394885e-14 39.7206 8.781546 -7.638334e-14 39.27103 8.926322 -5.684342e-14 40.8876 8.786267 -6.394885e-14 41.33036 8.230915 -2.131628e-14 41.55515 7.569809 -5.684342e-14 41.62126 6.921904 -7.81597e-14 41.54192 8.492503 -6.57252e-14 53.65007 0.5952038 -4.618528e-14 51.31961 9.008578 -4.618528e-14 50.03746 2.292838 -1.24345e-14 52.77718 3.218836 -5.684342e-14 53.84033 8.030738 -5.861978e-14 54.46495 3.939447 1.421085e-14 54.87149 7.475699 -5.329071e-14 55.01999 4.183512 2.131628e-14 55.34086 6.94273 1.598721e-14 55.41714 4.314941 1.065814e-14 55.9229 4.92124 -4.973799e-14 56.18392 4.867333 -4.973799e-14 56.16073 4.314941 1.065814e-14 56.34415 4.588084 -4.263256e-14 56.26664 4.217548 -1.953993e-14 56.50323 9.111445 -3.552714e-14 41.49582 8.923725 -5.861978e-14 43.63987 5.791353 -7.638334e-14 41.79392 5.771996 -3.552714e-14 42.07811 5.889389 -9.947598e-14 44.70216 9.259943 -6.217249e-14 44.27195 9.152356 -7.638334e-14 44.89059 5.856704 -6.927792e-14 46.2053 9.233051 -8.348877e-14 45.37473 9.215575 -9.05942e-14 45.96317 -5.486225 -7.105427e-14 46.43105 -8.342826 -5.684342e-14 49.34351 -7.603386 5.329071e-15 53.31666 -0.7937667 -4.263256e-14 52.2456 -1.994109 -7.105427e-14 53.49739 -7.161909 1.065814e-14 54.30912 -2.988628 7.105427e-15 54.75884 -6.785138 -3.375078e-14 54.86081 -3.514506 -5.684342e-14 55.72531 -5.919759 -5.329071e-14 55.47727 -5.263582 -5.684342e-14 55.72531 -3.58604 0 56.23363 -5.901739 -7.105427e-14 40.40068 -6.560425 -6.927792e-14 40.5276 -6.020748 -4.973799e-14 40.10978 -5.647133 -7.638334e-14 42.51856 -7.169517 -7.993606e-14 40.73063 -7.911554 -7.81597e-14 40.8238 -8.885114 -7.105427e-14 41.70183 -8.967875 -7.460699e-14 42.25356 -8.693807 -5.861978e-14 44.35869 -5.429225 -1.065814e-13 45.03414 -8.804269 -9.592327e-14 44.97899 4.21015 0 33.86179 -2.853848 2.4869e-14 34.27044 1.17438 1.24345e-14 33.80339 5.972463 1.776357e-15 34.03521 6.106689 -1.136868e-13 35.57132 -5.305831 2.309264e-14 34.73748 -6.815177 1.776357e-14 35.20587 -6.728344 -7.81597e-14 36.54309 -6.219082 -8.348877e-14 38.45698 -6.157444 -2.664535e-14 38.97268 -5.468608 -6.750156e-14 41.91982 -5.26465 -1.065814e-13 43.75771 5.697202 -4.263256e-14 43.17627 5.697202 -4.263256e-14 44.89659 -5.290346 -5.151435e-14 45.01244 -8.599121 -6.927792e-14 40.74446 -9.048692 -4.796163e-14 40.36101 -6.295801 -4.973799e-14 38.54765 -6.219082 -8.348877e-14 38.45698 -6.728344 -7.81597e-14 36.54309 -6.295801 -4.973799e-14 38.54765 -7.911554 -7.81597e-14 40.8238 -8.599121 -6.927792e-14 40.74446 -8.885114 -7.105427e-14 41.70183 -9.048692 -4.796163e-14 40.36101 5.791353 -7.638334e-14 41.79392 -5.486225 -7.105427e-14 46.43105 5.856704 -6.927792e-14 46.2053 -5.290346 -5.151435e-14 45.01244 5.697202 -4.263256e-14 44.89659 -5.26465 -1.065814e-13 43.75771 5.697202 -4.263256e-14 43.17627 5.771996 -3.552714e-14 42.07811 -5.468608 -6.750156e-14 41.91982 -6.157444 -2.664535e-14 38.97268 6.106689 -1.136868e-13 35.57132 -6.815177 1.776357e-14 35.20587 -5.305831 2.309264e-14 34.73748 -2.853848 2.4869e-14 34.27044 5.972463 1.776357e-15 34.03521 4.21015 0 33.86179 1.17438 1.24345e-14 33.80339 -5.429225 -1.065814e-13 45.03414 -8.342826 -5.684342e-14 49.34351 -8.804269 -9.592327e-14 44.97899 -8.693807 -5.861978e-14 44.35869 -5.647133 -7.638334e-14 42.51856 -8.967875 -7.460699e-14 42.25356 -7.169517 -7.993606e-14 40.73063 -6.560425 -6.927792e-14 40.5276 -5.901739 -7.105427e-14 40.40068 -6.020748 -4.973799e-14 40.10978 -3.58604 0 56.23363 -3.514506 -5.684342e-14 55.72531 -5.263582 -5.684342e-14 55.72531 -5.919759 -5.329071e-14 55.47727 -6.785138 -3.375078e-14 54.86081 -2.988628 7.105427e-15 54.75884 -7.161909 1.065814e-14 54.30912 -1.994109 -7.105427e-14 53.49739 -7.603386 5.329071e-15 53.31666 -0.7937667 -4.263256e-14 52.2456 0.5952038 -4.618528e-14 51.31961 9.008578 -4.618528e-14 50.03746 9.215575 -9.05942e-14 45.96317 9.233051 -8.348877e-14 45.37473 9.152356 -7.638334e-14 44.89059 5.889389 -9.947598e-14 44.70216 9.259943 -6.217249e-14 44.27195 8.923725 -5.861978e-14 43.63987 9.111445 -3.552714e-14 41.49582 4.217548 -1.953993e-14 56.50323 4.588084 -4.263256e-14 56.26664 4.314941 1.065814e-14 56.34415 4.867333 -4.973799e-14 56.16073 4.314941 1.065814e-14 55.9229 4.92124 -4.973799e-14 56.18392 6.94273 1.598721e-14 55.41714 4.183512 2.131628e-14 55.34086 7.475699 -5.329071e-14 55.01999 3.939447 1.421085e-14 54.87149 8.030738 -5.861978e-14 54.46495 3.218836 -5.684342e-14 53.84033 8.492503 -6.57252e-14 53.65007 2.292838 -1.24345e-14 52.77718 -5.263582 -5.684342e-14 55.72531 -3.58604 0 56.23363 -5.919759 -5.329071e-14 55.47727 -6.785138 -3.375078e-14 54.86081 -7.161909 1.065814e-14 54.30912 -7.603386 5.329071e-15 53.31666 -8.342826 -5.684342e-14 49.34351 -8.804269 -9.592327e-14 44.97899 -8.693807 -5.861978e-14 44.35869 -8.967875 -7.460699e-14 42.25356 -8.885114 -7.105427e-14 41.70183 -9.048692 -4.796163e-14 40.36101 -8.599121 -6.927792e-14 40.74446 -7.911554 -7.81597e-14 40.8238 -7.169517 -7.993606e-14 40.73063 -6.560425 -6.927792e-14 40.5276 -6.020748 -4.973799e-14 40.10978 -5.901739 -7.105427e-14 40.40068 -5.647133 -7.638334e-14 42.51856 -5.429225 -1.065814e-13 45.03414 -5.486225 -7.105427e-14 46.43105 -5.290346 -5.151435e-14 45.01244 -5.26465 -1.065814e-13 43.75771 -5.468608 -6.750156e-14 41.91982 -6.157444 -2.664535e-14 38.97268 -6.219082 -8.348877e-14 38.45698 -6.295801 -4.973799e-14 38.54765 -6.728344 -7.81597e-14 36.54309 -6.815177 1.776357e-14 35.20587 -5.305831 2.309264e-14 34.73748 -2.853848 2.4869e-14 34.27044 1.17438 1.24345e-14 33.80339 4.21015 0 33.86179 5.972463 1.776357e-15 34.03521 6.106689 -1.136868e-13 35.57132 5.791353 -7.638334e-14 41.79392 5.771996 -3.552714e-14 42.07811 5.697202 -4.263256e-14 43.17627 5.697202 -4.263256e-14 44.89659 5.856704 -6.927792e-14 46.2053 5.889389 -9.947598e-14 44.70216 9.111445 -3.552714e-14 41.49582 8.923725 -5.861978e-14 43.63987 9.259943 -6.217249e-14 44.27195 9.152356 -7.638334e-14 44.89059 9.233051 -8.348877e-14 45.37473 9.215575 -9.05942e-14 45.96317 9.008578 -4.618528e-14 50.03746 8.492503 -6.57252e-14 53.65007 8.030738 -5.861978e-14 54.46495 7.475699 -5.329071e-14 55.01999 6.94273 1.598721e-14 55.41714 4.92124 -4.973799e-14 56.18392 4.867333 -4.973799e-14 56.16073 4.588084 -4.263256e-14 56.26664 4.217548 -1.953993e-14 56.50323 4.314941 1.065814e-14 56.34415 4.314941 1.065814e-14 55.9229 4.183512 2.131628e-14 55.34086 3.939447 1.421085e-14 54.87149 3.218836 -5.684342e-14 53.84033 2.292838 -1.24345e-14 52.77718 0.5952038 -4.618528e-14 51.31961 -0.7937667 -4.263256e-14 52.2456 -1.994109 -7.105427e-14 53.49739 -2.988628 7.105427e-15 54.75884 -3.514506 -5.684342e-14 55.72531 -6.157444 -2.664535e-14 38.97268 -6.295801 -4.973799e-14 38.54765 -6.219082 -8.348877e-14 38.45698 -6.509986 -6.750156e-14 38.80076 -6.919877 -8.348877e-14 39.09165 -6.020748 -4.973799e-14 40.10978 -7.422325 -7.638334e-14 39.28999 -7.911554 -7.81597e-14 39.28999 -9.088359 -4.973799e-14 40.01723 -9.048692 -4.796163e-14 40.36101 -6.560425 -6.927792e-14 40.5276 -8.599121 -6.927792e-14 40.74446 -7.169517 -7.993606e-14 40.73063 -7.911554 -7.81597e-14 40.8238 -8.546226 -7.283063e-14 39.11809 -8.995797 -6.394885e-14 38.76109 -7.911554 -7.81597e-14 39.28999 -8.546226 -7.283063e-14 39.11809 -9.088359 -4.973799e-14 40.01723 -8.995797 -6.394885e-14 38.76109 -7.911554 -7.81597e-14 40.8238 -7.169517 -7.993606e-14 40.73063 -8.599121 -6.927792e-14 40.74446 -6.560425 -6.927792e-14 40.5276 -9.048692 -4.796163e-14 40.36101 -6.020748 -4.973799e-14 40.10978 -7.422325 -7.638334e-14 39.28999 -6.919877 -8.348877e-14 39.09165 -6.157444 -2.664535e-14 38.97268 -6.509986 -6.750156e-14 38.80076 -6.295801 -4.973799e-14 38.54765 -6.219082 -8.348877e-14 38.45698 -9.088359 -4.973799e-14 40.01723 -8.995797 -6.394885e-14 38.76109 -8.546226 -7.283063e-14 39.11809 -7.911554 -7.81597e-14 39.28999 -7.422325 -7.638334e-14 39.28999 -6.919877 -8.348877e-14 39.09165 -6.509986 -6.750156e-14 38.80076 2.292838 -1.24345e-14 52.77718 0.5571237 -3.375078e-14 51.94593 0.5952038 -4.618528e-14 51.31961 1.939616 -3.552714e-14 53.13291 3.218836 -5.684342e-14 53.84033 2.824278 -4.263256e-14 54.14861 3.939447 1.421085e-14 54.87149 3.510901 1.421085e-14 55.13113 4.183512 2.131628e-14 55.34086 3.710045 7.105427e-15 55.51411 4.314941 1.065814e-14 55.9229 3.814941 7.105427e-15 55.97865 4.314941 1.065814e-14 56.34415 3.814941 -3.375078e-14 56.20325 3.814941 -3.375078e-14 56.45325 4.217548 -1.953993e-14 56.50323 3.696208 -5.684342e-14 56.78728 -0.7937667 -4.263256e-14 52.2456 -0.4708105 -4.085621e-14 52.63122 -1.994109 -7.105427e-14 53.49739 -1.616456 -4.973799e-14 53.82597 -2.988628 7.105427e-15 54.75884 -2.552153 2.131628e-14 55.01281 -3.514506 -5.684342e-14 55.72531 -3.027399 1.012523e-13 55.88623 -3.58604 0 56.23363 -3.086186 -2.842171e-14 56.38509 -3.086186 -2.842171e-14 56.38509 -3.027399 1.012523e-13 55.88623 -3.58604 0 56.23363 -3.514506 -5.684342e-14 55.72531 -2.552153 2.131628e-14 55.01281 -2.988628 7.105427e-15 54.75884 -1.616456 -4.973799e-14 53.82597 -1.994109 -7.105427e-14 53.49739 -0.4708105 -4.085621e-14 52.63122 -0.7937667 -4.263256e-14 52.2456 0.5571237 -3.375078e-14 51.94593 0.5952038 -4.618528e-14 51.31961 3.696208 -5.684342e-14 56.78728 4.217548 -1.953993e-14 56.50323 3.814941 -3.375078e-14 56.45325 4.314941 1.065814e-14 56.34415 3.814941 -3.375078e-14 56.20325 3.814941 7.105427e-15 55.97865 4.314941 1.065814e-14 55.9229 3.710045 7.105427e-15 55.51411 4.183512 2.131628e-14 55.34086 3.510901 1.421085e-14 55.13113 3.939447 1.421085e-14 54.87149 2.824278 -4.263256e-14 54.14861 3.218836 -5.684342e-14 53.84033 1.939616 -3.552714e-14 53.13291 2.292838 -1.24345e-14 52.77718 3.696208 -5.684342e-14 56.78728 3.814941 -3.375078e-14 56.45325 3.814941 -3.375078e-14 56.20325 3.814941 7.105427e-15 55.97865 3.710045 7.105427e-15 55.51411 3.510901 1.421085e-14 55.13113 2.824278 -4.263256e-14 54.14861 1.939616 -3.552714e-14 53.13291 0.5571237 -3.375078e-14 51.94593 -0.4708105 -4.085621e-14 52.63122 -1.616456 -4.973799e-14 53.82597 -2.552153 2.131628e-14 55.01281 -3.027399 1.012523e-13 55.88623 -3.086186 -2.842171e-14 56.38509</float_array>
                    <technique_common>
                        <accessor count="350" source="#ID321" stride="3">
                            <param name="X" type="float" />
                            <param name="Y" type="float" />
                            <param name="Z" type="float" />
                        </accessor>
                    </technique_common>
                </source>
                <source id="ID316">
                    <float_array id="ID322" count="1050">3.275158e-15 -1 5.500693e-15 3.275158e-15 -1 5.500693e-15 3.275158e-15 -1 5.500693e-15 3.275158e-15 -1 5.500693e-15 3.275158e-15 -1 5.500693e-15 3.275158e-15 -1 5.500693e-15 3.275158e-15 -1 5.500693e-15 3.275158e-15 -1 5.500693e-15 3.275158e-15 -1 5.500693e-15 3.275158e-15 -1 5.500693e-15 3.275158e-15 -1 5.500693e-15 3.275158e-15 -1 5.500693e-15 3.275158e-15 -1 5.500693e-15 3.275158e-15 -1 5.500693e-15 -3.275158e-15 1 -5.500693e-15 -3.275158e-15 1 -5.500693e-15 -3.275158e-15 1 -5.500693e-15 -3.275158e-15 1 -5.500693e-15 -3.275158e-15 1 -5.500693e-15 -3.275158e-15 1 -5.500693e-15 -3.275158e-15 1 -5.500693e-15 -3.275158e-15 1 -5.500693e-15 -3.275158e-15 1 -5.500693e-15 -3.275158e-15 1 -5.500693e-15 -3.275158e-15 1 -5.500693e-15 -3.275158e-15 1 -5.500693e-15 -3.275158e-15 1 -5.500693e-15 -3.275158e-15 1 -5.500693e-15 0 0 0 0 0 0 0 0 0 0 0 0 0 0 0 0 0 0 0 0 0 0 0 0 0 0 0 0 0 0 0 0 0 0 0 0 0 0 0 0 0 0 0 -1 8.650331e-16 0 -1 8.650331e-16 0 -1 8.650331e-16 0 -1 8.650331e-16 0 -1 8.650331e-16 0 -1 8.650331e-16 0 -1 8.650331e-16 0 -1 8.650331e-16 0 -1 8.650331e-16 0 -1 8.650331e-16 0 -1 8.650331e-16 0 -1 8.650331e-16 0 -1 8.650331e-16 0 -1 8.650331e-16 0 -1 8.650331e-16 0 -1 8.650331e-16 0 -1 8.650331e-16 0 -1 8.650331e-16 0 -1 8.650331e-16 0 -1 8.650331e-16 0 -1 8.650331e-16 0 -1 8.650331e-16 0 -1 8.650331e-16 0 -1 8.650331e-16 0 -1 8.650331e-16 0 -1 8.650331e-16 0 -1 8.650331e-16 0 -1 8.650331e-16 0 -1 8.650331e-16 0 -1 8.650331e-16 0 -1 8.650331e-16 0 -1 8.650331e-16 0 -1 8.650331e-16 0 -1 8.650331e-16 0 -1 8.650331e-16 0 -1 8.650331e-16 0 -1 8.650331e-16 0 -1 8.650331e-16 0 -1 8.650331e-16 0 -1 8.650331e-16 0 -1 8.650331e-16 0 -1 8.650331e-16 0 -1 8.650331e-16 0 -1 8.650331e-16 0 -1 8.650331e-16 0 -1 8.650331e-16 0 -1 8.650331e-16 0 -1 8.650331e-16 0 -1 8.650331e-16 0 -1 8.650331e-16 0 -1 8.650331e-16 0 -1 8.650331e-16 0 -1 8.650331e-16 0 -1 8.650331e-16 0 -1 8.650331e-16 0 -1 8.650331e-16 0 -1 8.650331e-16 0 -1 8.650331e-16 0 -1 8.650331e-16 0 -1 8.650331e-16 0 -1 8.650331e-16 0 -1 8.650331e-16 0 -1 8.650331e-16 0 -1 8.650331e-16 0 -1 8.650331e-16 0 -1 8.650331e-16 0 -1 8.650331e-16 -0 1 -8.650331e-16 -0 1 -8.650331e-16 -0 1 -8.650331e-16 -0 1 -8.650331e-16 -0 1 -8.650331e-16 -0 1 -8.650331e-16 -0 1 -8.650331e-16 -0 1 -8.650331e-16 -0 1 -8.650331e-16 -0 1 -8.650331e-16 -0 1 -8.650331e-16 -0 1 -8.650331e-16 -0 1 -8.650331e-16 -0 1 -8.650331e-16 -0 1 -8.650331e-16 -0 1 -8.650331e-16 -0 1 -8.650331e-16 -0 1 -8.650331e-16 -0 1 -8.650331e-16 -0 1 -8.650331e-16 -0 1 -8.650331e-16 -0 1 -8.650331e-16 -0 1 -8.650331e-16 -0 1 -8.650331e-16 -0 1 -8.650331e-16 -0 1 -8.650331e-16 -0 1 -8.650331e-16 -0 1 -8.650331e-16 -0 1 -8.650331e-16 -0 1 -8.650331e-16 -0 1 -8.650331e-16 -0 1 -8.650331e-16 -0 1 -8.650331e-16 -0 1 -8.650331e-16 -0 1 -8.650331e-16 -0 1 -8.650331e-16 -0 1 -8.650331e-16 -0 1 -8.650331e-16 -0 1 -8.650331e-16 -0 1 -8.650331e-16 -0 1 -8.650331e-16 -0 1 -8.650331e-16 -0 1 -8.650331e-16 -0 1 -8.650331e-16 -0 1 -8.650331e-16 -0 1 -8.650331e-16 -0 1 -8.650331e-16 -0 1 -8.650331e-16 -0 1 -8.650331e-16 -0 1 -8.650331e-16 -0 1 -8.650331e-16 -0 1 -8.650331e-16 -0 1 -8.650331e-16 -0 1 -8.650331e-16 -0 1 -8.650331e-16 -0 1 -8.650331e-16 -0 1 -8.650331e-16 -0 1 -8.650331e-16 -0 1 -8.650331e-16 -0 1 -8.650331e-16 -0 1 -8.650331e-16 -0 1 -8.650331e-16 -0 1 -8.650331e-16 -0 1 -8.650331e-16 -0 1 -8.650331e-16 -0 1 -8.650331e-16 -0 1 -8.650331e-16 0 0 0 0 0 0 0 0 0 0 0 0 0 0 0 0 0 0 0 0 0 0 0 0 0 0 0 0 0 0 0 0 0 0 0 0 0 0 0 0 0 0 0 0 0 0 0 0 0 0 0 0 0 0 0 0 0 0 0 0 0 0 0 0 0 0 0 0 0 0 0 0 0 0 0 0 0 0 0 0 0 0 0 0 0 0 0 0 0 0 0 0 0 0 0 0 0 0 0 0 0 0 0 0 0 0 0 0 0 0 0 0 0 0 0 0 0 0 0 0 0 0 0 0 0 0 0 0 0 0 0 0 0 0 0 0 0 0 0 0 0 0 0 0 0 0 0 0 0 0 0 0 0 0 0 0 0 0 0 0 0 0 0 0 0 0 0 0 0 0 0 0 0 0 0 0 0 0 0 0 0 0 0 0 0 0 0 0 0 0 0 0 0 0 0 0 0 0 0 0 0 1.054712e-15 -1 2.234038e-16 1.054712e-15 -1 2.234038e-16 1.054712e-15 -1 2.234038e-16 1.054712e-15 -1 2.234038e-16 1.054712e-15 -1 2.234038e-16 1.054712e-15 -1 2.234038e-16 1.054712e-15 -1 2.234038e-16 1.054712e-15 -1 2.234038e-16 1.054712e-15 -1 2.234038e-16 1.054712e-15 -1 2.234038e-16 1.054712e-15 -1 2.234038e-16 1.054712e-15 -1 2.234038e-16 1.054712e-15 -1 2.234038e-16 1.054712e-15 -1 2.234038e-16 1.054712e-15 -1 2.234038e-16 1.054712e-15 -1 2.234038e-16 -1.054712e-15 1 -2.234038e-16 -1.054712e-15 1 -2.234038e-16 -1.054712e-15 1 -2.234038e-16 -1.054712e-15 1 -2.234038e-16 -1.054712e-15 1 -2.234038e-16 -1.054712e-15 1 -2.234038e-16 -1.054712e-15 1 -2.234038e-16 -1.054712e-15 1 -2.234038e-16 -1.054712e-15 1 -2.234038e-16 -1.054712e-15 1 -2.234038e-16 -1.054712e-15 1 -2.234038e-16 -1.054712e-15 1 -2.234038e-16 -1.054712e-15 1 -2.234038e-16 -1.054712e-15 1 -2.234038e-16 -1.054712e-15 1 -2.234038e-16 -1.054712e-15 1 -2.234038e-16 0 0 0 0 0 0 0 0 0 0 0 0 0 0 0 0 0 0 0 0 0 -9.992007e-16 -1 8.044223e-15 -9.992007e-16 -1 8.044223e-15 -9.992007e-16 -1 8.044223e-15 -9.992007e-16 -1 8.044223e-15 -9.992007e-16 -1 8.044223e-15 -9.992007e-16 -1 8.044223e-15 -9.992007e-16 -1 8.044223e-15 -9.992007e-16 -1 8.044223e-15 -9.992007e-16 -1 8.044223e-15 -9.992007e-16 -1 8.044223e-15 -9.992007e-16 -1 8.044223e-15 -9.992007e-16 -1 8.044223e-15 -9.992007e-16 -1 8.044223e-15 -9.992007e-16 -1 8.044223e-15 -9.992007e-16 -1 8.044223e-15 -9.992007e-16 -1 8.044223e-15 -9.992007e-16 -1 8.044223e-15 -9.992007e-16 -1 8.044223e-15 -9.992007e-16 -1 8.044223e-15 -9.992007e-16 -1 8.044223e-15 -9.992007e-16 -1 8.044223e-15 -9.992007e-16 -1 8.044223e-15 -9.992007e-16 -1 8.044223e-15 -9.992007e-16 -1 8.044223e-15 -9.992007e-16 -1 8.044223e-15 -9.992007e-16 -1 8.044223e-15 -9.992007e-16 -1 8.044223e-15 9.992007e-16 1 -8.044223e-15 9.992007e-16 1 -8.044223e-15 9.992007e-16 1 -8.044223e-15 9.992007e-16 1 -8.044223e-15 9.992007e-16 1 -8.044223e-15 9.992007e-16 1 -8.044223e-15 9.992007e-16 1 -8.044223e-15 9.992007e-16 1 -8.044223e-15 9.992007e-16 1 -8.044223e-15 9.992007e-16 1 -8.044223e-15 9.992007e-16 1 -8.044223e-15 9.992007e-16 1 -8.044223e-15 9.992007e-16 1 -8.044223e-15 9.992007e-16 1 -8.044223e-15 9.992007e-16 1 -8.044223e-15 9.992007e-16 1 -8.044223e-15 9.992007e-16 1 -8.044223e-15 9.992007e-16 1 -8.044223e-15 9.992007e-16 1 -8.044223e-15 9.992007e-16 1 -8.044223e-15 9.992007e-16 1 -8.044223e-15 9.992007e-16 1 -8.044223e-15 9.992007e-16 1 -8.044223e-15 9.992007e-16 1 -8.044223e-15 9.992007e-16 1 -8.044223e-15 9.992007e-16 1 -8.044223e-15 9.992007e-16 1 -8.044223e-15 0 0 0 0 0 0 0 0 0 0 0 0 0 0 0 0 0 0 0 0 0 0 0 0 0 0 0 0 0 0 0 0 0 0 0 0 0 0 0 0 0 0</float_array>
                    <technique_common>
                        <accessor count="350" source="#ID322" stride="3">
                            <param name="X" type="float" />
                            <param name="Y" type="float" />
                            <param name="Z" type="float" />
                        </accessor>
                    </technique_common>
                </source>
                <source id="ID317">
                    <Name_array id="ID323" count="0" />
                    <technique_common>
                        <accessor count="0" source="#ID323" stride="1">
                            <param name="skp_material" type="Name" />
                        </accessor>
                    </technique_common>
                </source>
                <vertices id="ID318">
                    <input semantic="POSITION" source="#ID315" />
                    <input semantic="NORMAL" source="#ID316" />
                </vertices>
                <triangles count="254" material="Material2">
                    <input offset="0" semantic="VERTEX" source="#ID318" />
                    <p>0 1 2 1 0 3 3 0 4 4 0 5 5 0 6 6 0 7 7 0 8 7 8 9 7 9 10 10 9 11 12 6 13 6 12 5 14 15 16 17 16 15 18 19 20 20 19 21 19 22 21 22 23 21 21 23 16 16 23 14 14 23 24 24 23 25 25 23 26 27 26 23 42 43 44 43 42 45 45 42 46 46 42 47 46 47 48 48 47 49 48 49 50 50 49 51 50 51 52 52 51 53 52 53 54 54 55 52 55 54 56 55 56 57 58 8 0 8 58 9 9 58 59 9 59 11 11 59 60 60 59 61 61 59 62 62 59 63 62 63 64 62 64 65 65 64 66 65 66 67 65 67 44 65 44 68 68 44 69 69 44 43 69 43 70 70 43 71 70 71 72 70 72 73 73 72 74 73 74 75 75 74 76 75 76 77 77 76 78 78 76 79 80 81 82 81 80 83 81 83 84 84 83 85 85 83 86 86 83 87 87 83 88 88 83 89 88 89 90 90 89 69 69 89 68 91 92 93 92 91 94 92 94 95 92 95 96 96 95 97 97 95 98 98 95 13 98 13 99 99 13 100 100 13 101 101 13 6 101 6 60 101 60 61 101 61 102 102 61 103 102 103 104 102 104 105 105 104 65 105 65 68 7 60 6 60 7 10 60 10 11 106 86 107 86 106 85 108 98 99 109 110 111 112 113 114 115 114 113 18 20 116 20 21 116 16 116 21 117 118 119 118 120 119 119 120 121 120 122 121 122 123 121 121 123 124 123 116 124 116 16 124 16 17 124 124 17 125 125 17 109 109 17 110 17 126 110 110 126 127 127 126 128 128 126 129 126 130 129 130 131 129 132 129 131 117 133 134 134 133 135 135 133 136 133 137 136 136 137 138 138 137 114 114 137 112 112 137 139 139 137 140 137 141 140 142 140 141 143 144 145 145 144 146 146 144 147 144 148 147 147 148 149 148 150 149 149 150 151 150 152 151 152 153 151 151 153 134 153 154 134 134 154 117 117 154 118 154 155 118 155 156 118 156 157 118 118 157 158 157 159 158 159 160 158 158 160 123 123 160 116 116 160 18 18 160 19 160 161 19 19 161 22 23 22 161 162 163 164 163 165 164 166 164 165 165 167 166 167 168 166 166 168 169 168 170 169 169 170 171 170 172 171 171 172 173 172 174 173 173 174 175 175 174 153 154 153 174 243 244 245 244 243 246 246 243 247 247 243 248 247 248 249 249 248 250 250 248 251 251 248 252 252 248 253 252 253 254 254 253 255 254 255 256 257 251 258 251 257 250 259 260 261 262 261 260 263 264 265 264 266 265 265 266 267 266 268 267 267 268 261 261 268 259 259 268 269 269 268 270 268 271 270 270 271 272 272 271 273 274 273 271 282 283 284 283 282 285 285 282 286 285 286 287 287 286 288 287 288 289 289 288 290 289 290 291 291 290 292 291 292 293 293 292 294 293 294 295 295 294 296 296 294 297 296 297 298 283 299 284 299 283 300 299 300 301 301 300 302 301 302 303 303 302 304 303 304 305 305 304 306 305 306 307 307 306 308 309 310 311 311 310 312 310 313 312 312 313 314 313 315 314 314 315 316 315 317 316 316 317 318 317 319 318 320 318 319 321 322 323 322 324 323 323 324 325 325 324 326 324 327 326 326 327 328 327 329 328 328 329 330 329 331 330 330 331 332 331 333 332 332 333 334 333 335 334 334 335 319 320 319 335</p>
                </triangles>
                <lines count="107" material="Material3">
                    <input offset="0" semantic="VERTEX" source="#ID318" />
                    <p>28 29 30 29 31 30 32 31 33 32 34 33 35 34 36 35 37 36 37 38 38 39 39 40 40 41 41 28 176 177 178 176 179 178 180 179 181 180 182 181 183 182 184 183 184 185 185 186 186 187 187 188 188 189 189 190 190 191 191 192 192 193 193 194 195 194 195 196 196 197 197 198 198 199 199 200 200 201 201 202 202 203 203 204 204 205 205 206 206 207 207 208 208 209 210 209 30 210 29 211 211 212 212 213 213 214 214 215 215 216 216 212 217 37 218 217 218 219 219 220 220 221 221 222 222 223 223 224 224 225 225 226 226 227 227 228 229 228 230 229 231 230 231 232 232 233 233 234 234 235 235 236 236 237 237 238 238 239 239 240 240 241 241 242 242 177 192 200 275 187 276 275 277 276 278 277 279 278 280 279 281 280 202 281 336 231 337 336 338 337 338 339 339 340 341 340 342 341 343 342 344 343 344 345 345 346 346 347 347 348 348 349 177 349</p>
                </lines>
            </mesh>
        </geometry>
        <geometry id="ID324">
            <mesh>
                <source id="ID327">
                    <float_array id="ID331" count="693">3.814941 7.105427e-15 55.97865 1.498444 -6.394885e-14 55.58344 3.710045 7.105427e-15 55.51411 1.858629 -4.973799e-14 55.64993 2.465787 -5.684342e-14 55.9715 3.035089 -2.131628e-14 56.37762 3.814941 -3.375078e-14 56.20325 3.814941 -3.375078e-14 56.45325 3.411115 -6.394885e-14 56.93218 3.696208 -5.684342e-14 56.78728 3.438554 -7.638334e-14 56.92766 1.359982 -4.973799e-14 56.13839 0.8344689 -7.105427e-14 56.0965 1.436869 -5.684342e-14 56.02311 1.064732 -6.394885e-14 56.11553 1.260941 -3.907985e-14 56.16988 1.939616 -3.552714e-14 53.13291 -0.4708105 -4.085621e-14 52.63122 0.5571237 -3.375078e-14 51.94593 -1.616456 -4.973799e-14 53.82597 2.824278 -4.263256e-14 54.14861 -2.552153 2.131628e-14 55.01281 3.510901 1.421085e-14 55.13113 -3.027399 1.012523e-13 55.88623 1.490299 -4.973799e-14 55.774 -3.086186 -2.842171e-14 56.38509 0.5294301 -6.394885e-14 56.1264 0.3519943 -5.684342e-14 56.16988 0.05909024 -5.684342e-14 56.32414 -0.09401334 -5.506706e-14 56.56221 -1.627314 -4.263256e-14 56.82714 -0.1251148 -4.085621e-14 56.71052 -0.129636 -4.085621e-14 56.87719 -1.885988 -4.973799e-14 57.46413 -0.07009717 -5.506706e-14 57.26219 0.07769209 -6.217249e-14 57.71252 -2.131963 -6.394885e-14 57.65688 -2.75067 -6.394885e-14 57.5684 -3.816517 -5.506706e-14 57.76364 -3.370958 -6.039613e-14 57.53261 0.1968264 -5.684342e-14 57.95104 -4.014542 -6.217249e-14 58.1762 0.7827703 -5.684342e-14 59.12419 -3.972304 -4.973799e-14 58.56355 -3.972818 -6.394885e-14 58.58919 -4.00797 -6.394885e-14 58.83327 -4.127101 -6.039613e-14 59.13081 0.8772396 -6.394885e-14 59.44528 -4.050328 -6.394885e-14 59.33688 -4.149466 -6.394885e-14 59.4784 0.900179 -5.506706e-14 59.95557 -4.213646 -5.329071e-14 59.66472 -4.087253 -6.394885e-14 60.22212 0.8214355 -6.394885e-14 60.3369 -4.238564 -6.217249e-14 60.23023 -4.533933 -5.684342e-14 60.33769 0.5629294 -7.105427e-14 61.00478 -4.688617 -6.217249e-14 60.56583 -4.616217 -7.638334e-14 60.84408 -4.10749 -6.750156e-14 61.83246 0.124628 -7.105427e-14 61.73799 -0.3800135 -5.329071e-14 62.33754 -4.129736 -7.105427e-14 62.23039 -4.257373 -5.684342e-14 62.56194 -0.9234479 -8.526513e-14 62.82642 -4.26057 -7.81597e-14 62.88126 -1.478128 -5.506706e-14 63.22761 -4.187003 -7.105427e-14 63.89262 -2.016506 -6.217249e-14 63.56408 -2.511035 -6.927792e-14 63.85881 -2.934167 -6.927792e-14 64.13478 -4.139306 -7.81597e-14 64.14291 -3.412215 -8.526513e-14 64.52651 -4.015239 -8.526513e-14 64.31542 -3.818921 -6.394885e-14 64.49037 -3.695407 -7.81597e-14 64.54839 -3.558869 -6.394885e-14 64.56571 -3.558869 -6.394885e-14 64.56571 -3.412215 -8.526513e-14 64.52651 -3.695407 -7.81597e-14 64.54839 -3.818921 -6.394885e-14 64.49037 -4.015239 -8.526513e-14 64.31542 -4.139306 -7.81597e-14 64.14291 -2.934167 -6.927792e-14 64.13478 -4.187003 -7.105427e-14 63.89262 -2.511035 -6.927792e-14 63.85881 -2.016506 -6.217249e-14 63.56408 -1.478128 -5.506706e-14 63.22761 -4.26057 -7.81597e-14 62.88126 -0.9234479 -8.526513e-14 62.82642 -4.257373 -5.684342e-14 62.56194 -0.3800135 -5.329071e-14 62.33754 -4.129736 -7.105427e-14 62.23039 -4.10749 -6.750156e-14 61.83246 0.124628 -7.105427e-14 61.73799 0.5629294 -7.105427e-14 61.00478 -4.616217 -7.638334e-14 60.84408 -4.688617 -6.217249e-14 60.56583 -4.533933 -5.684342e-14 60.33769 0.8214355 -6.394885e-14 60.3369 -4.238564 -6.217249e-14 60.23023 -4.087253 -6.394885e-14 60.22212 0.900179 -5.506706e-14 59.95557 -4.213646 -5.329071e-14 59.66472 -4.149466 -6.394885e-14 59.4784 0.8772396 -6.394885e-14 59.44528 -4.050328 -6.394885e-14 59.33688 -4.127101 -6.039613e-14 59.13081 0.7827703 -5.684342e-14 59.12419 -4.00797 -6.394885e-14 58.83327 -3.972818 -6.394885e-14 58.58919 -3.972304 -4.973799e-14 58.56355 -4.014542 -6.217249e-14 58.1762 0.1968264 -5.684342e-14 57.95104 -3.816517 -5.506706e-14 57.76364 0.07769209 -6.217249e-14 57.71252 -2.131963 -6.394885e-14 57.65688 -2.75067 -6.394885e-14 57.5684 -3.370958 -6.039613e-14 57.53261 -1.885988 -4.973799e-14 57.46413 -0.07009717 -5.506706e-14 57.26219 -0.129636 -4.085621e-14 56.87719 -1.627314 -4.263256e-14 56.82714 -0.1251148 -4.085621e-14 56.71052 -0.09401334 -5.506706e-14 56.56221 -3.086186 -2.842171e-14 56.38509 0.05909024 -5.684342e-14 56.32414 0.3519943 -5.684342e-14 56.16988 0.5294301 -6.394885e-14 56.1264 0.8344689 -7.105427e-14 56.0965 1.436869 -5.684342e-14 56.02311 -3.027399 1.012523e-13 55.88623 1.490299 -4.973799e-14 55.774 1.498444 -6.394885e-14 55.58344 3.710045 7.105427e-15 55.51411 3.510901 1.421085e-14 55.13113 -2.552153 2.131628e-14 55.01281 2.824278 -4.263256e-14 54.14861 -1.616456 -4.973799e-14 53.82597 1.939616 -3.552714e-14 53.13291 -0.4708105 -4.085621e-14 52.63122 0.5571237 -3.375078e-14 51.94593 1.260941 -3.907985e-14 56.16988 1.359982 -4.973799e-14 56.13839 1.064732 -6.394885e-14 56.11553 3.438554 -7.638334e-14 56.92766 3.696208 -5.684342e-14 56.78728 3.411115 -6.394885e-14 56.93218 3.814941 -3.375078e-14 56.45325 3.035089 -2.131628e-14 56.37762 3.814941 -3.375078e-14 56.20325 3.814941 7.105427e-15 55.97865 2.465787 -5.684342e-14 55.9715 1.858629 -4.973799e-14 55.64993 -3.027399 1.012523e-13 55.88623 -3.086186 -2.842171e-14 56.38509 -2.552153 2.131628e-14 55.01281 -1.616456 -4.973799e-14 53.82597 -0.4708105 -4.085621e-14 52.63122 0.5571237 -3.375078e-14 51.94593 1.939616 -3.552714e-14 53.13291 2.824278 -4.263256e-14 54.14861 3.510901 1.421085e-14 55.13113 3.710045 7.105427e-15 55.51411 3.814941 7.105427e-15 55.97865 3.814941 -3.375078e-14 56.20325 3.814941 -3.375078e-14 56.45325 3.696208 -5.684342e-14 56.78728 3.438554 -7.638334e-14 56.92766 3.411115 -6.394885e-14 56.93218 3.035089 -2.131628e-14 56.37762 2.465787 -5.684342e-14 55.9715 1.858629 -4.973799e-14 55.64993 1.498444 -6.394885e-14 55.58344 1.490299 -4.973799e-14 55.774 1.436869 -5.684342e-14 56.02311 1.359982 -4.973799e-14 56.13839 1.260941 -3.907985e-14 56.16988 1.064732 -6.394885e-14 56.11553 0.8344689 -7.105427e-14 56.0965 0.5294301 -6.394885e-14 56.1264 0.3519943 -5.684342e-14 56.16988 0.05909024 -5.684342e-14 56.32414 -0.09401334 -5.506706e-14 56.56221 -0.1251148 -4.085621e-14 56.71052 -0.129636 -4.085621e-14 56.87719 -0.07009717 -5.506706e-14 57.26219 0.07769209 -6.217249e-14 57.71252 0.1968264 -5.684342e-14 57.95104 0.7827703 -5.684342e-14 59.12419 0.8772396 -6.394885e-14 59.44528 0.900179 -5.506706e-14 59.95557 0.8214355 -6.394885e-14 60.3369 0.5629294 -7.105427e-14 61.00478 0.124628 -7.105427e-14 61.73799 -0.3800135 -5.329071e-14 62.33754 -0.9234479 -8.526513e-14 62.82642 -1.478128 -5.506706e-14 63.22761 -2.016506 -6.217249e-14 63.56408 -2.511035 -6.927792e-14 63.85881 -2.934167 -6.927792e-14 64.13478 -3.412215 -8.526513e-14 64.52651 -3.558869 -6.394885e-14 64.56571 -3.695407 -7.81597e-14 64.54839 -3.818921 -6.394885e-14 64.49037 -4.015239 -8.526513e-14 64.31542 -4.139306 -7.81597e-14 64.14291 -4.187003 -7.105427e-14 63.89262 -4.26057 -7.81597e-14 62.88126 -4.257373 -5.684342e-14 62.56194 -4.129736 -7.105427e-14 62.23039 -4.10749 -6.750156e-14 61.83246 -4.616217 -7.638334e-14 60.84408 -4.688617 -6.217249e-14 60.56583 -4.533933 -5.684342e-14 60.33769 -4.238564 -6.217249e-14 60.23023 -4.087253 -6.394885e-14 60.22212 -4.213646 -5.329071e-14 59.66472 -4.149466 -6.394885e-14 59.4784 -4.050328 -6.394885e-14 59.33688 -4.127101 -6.039613e-14 59.13081 -4.00797 -6.394885e-14 58.83327 -3.972818 -6.394885e-14 58.58919 -3.972304 -4.973799e-14 58.56355 -4.014542 -6.217249e-14 58.1762 -3.816517 -5.506706e-14 57.76364 -3.370958 -6.039613e-14 57.53261 -2.75067 -6.394885e-14 57.5684 -2.131963 -6.394885e-14 57.65688 -1.885988 -4.973799e-14 57.46413 -1.627314 -4.263256e-14 56.82714</float_array>
                    <technique_common>
                        <accessor count="231" source="#ID331" stride="3">
                            <param name="X" type="float" />
                            <param name="Y" type="float" />
                            <param name="Z" type="float" />
                        </accessor>
                    </technique_common>
                </source>
                <source id="ID328">
                    <float_array id="ID332" count="693">-3.885781e-16 -1 -4.377267e-15 -3.885781e-16 -1 -4.377267e-15 -3.885781e-16 -1 -4.377267e-15 -3.885781e-16 -1 -4.377267e-15 -3.885781e-16 -1 -4.377267e-15 -3.885781e-16 -1 -4.377267e-15 -3.885781e-16 -1 -4.377267e-15 -3.885781e-16 -1 -4.377267e-15 -3.885781e-16 -1 -4.377267e-15 -3.885781e-16 -1 -4.377267e-15 -3.885781e-16 -1 -4.377267e-15 -3.885781e-16 -1 -4.377267e-15 -3.885781e-16 -1 -4.377267e-15 -3.885781e-16 -1 -4.377267e-15 -3.885781e-16 -1 -4.377267e-15 -3.885781e-16 -1 -4.377267e-15 -3.885781e-16 -1 -4.377267e-15 -3.885781e-16 -1 -4.377267e-15 -3.885781e-16 -1 -4.377267e-15 -3.885781e-16 -1 -4.377267e-15 -3.885781e-16 -1 -4.377267e-15 -3.885781e-16 -1 -4.377267e-15 -3.885781e-16 -1 -4.377267e-15 -3.885781e-16 -1 -4.377267e-15 -3.885781e-16 -1 -4.377267e-15 -3.885781e-16 -1 -4.377267e-15 -3.885781e-16 -1 -4.377267e-15 -3.885781e-16 -1 -4.377267e-15 -3.885781e-16 -1 -4.377267e-15 -3.885781e-16 -1 -4.377267e-15 -3.885781e-16 -1 -4.377267e-15 -3.885781e-16 -1 -4.377267e-15 -3.885781e-16 -1 -4.377267e-15 -3.885781e-16 -1 -4.377267e-15 -3.885781e-16 -1 -4.377267e-15 -3.885781e-16 -1 -4.377267e-15 -3.885781e-16 -1 -4.377267e-15 -3.885781e-16 -1 -4.377267e-15 -3.885781e-16 -1 -4.377267e-15 -3.885781e-16 -1 -4.377267e-15 -3.885781e-16 -1 -4.377267e-15 -3.885781e-16 -1 -4.377267e-15 -3.885781e-16 -1 -4.377267e-15 -3.885781e-16 -1 -4.377267e-15 -3.885781e-16 -1 -4.377267e-15 -3.885781e-16 -1 -4.377267e-15 -3.885781e-16 -1 -4.377267e-15 -3.885781e-16 -1 -4.377267e-15 -3.885781e-16 -1 -4.377267e-15 -3.885781e-16 -1 -4.377267e-15 -3.885781e-16 -1 -4.377267e-15 -3.885781e-16 -1 -4.377267e-15 -3.885781e-16 -1 -4.377267e-15 -3.885781e-16 -1 -4.377267e-15 -3.885781e-16 -1 -4.377267e-15 -3.885781e-16 -1 -4.377267e-15 -3.885781e-16 -1 -4.377267e-15 -3.885781e-16 -1 -4.377267e-15 -3.885781e-16 -1 -4.377267e-15 -3.885781e-16 -1 -4.377267e-15 -3.885781e-16 -1 -4.377267e-15 -3.885781e-16 -1 -4.377267e-15 -3.885781e-16 -1 -4.377267e-15 -3.885781e-16 -1 -4.377267e-15 -3.885781e-16 -1 -4.377267e-15 -3.885781e-16 -1 -4.377267e-15 -3.885781e-16 -1 -4.377267e-15 -3.885781e-16 -1 -4.377267e-15 -3.885781e-16 -1 -4.377267e-15 -3.885781e-16 -1 -4.377267e-15 -3.885781e-16 -1 -4.377267e-15 -3.885781e-16 -1 -4.377267e-15 -3.885781e-16 -1 -4.377267e-15 -3.885781e-16 -1 -4.377267e-15 -3.885781e-16 -1 -4.377267e-15 -3.885781e-16 -1 -4.377267e-15 -3.885781e-16 -1 -4.377267e-15 3.885781e-16 1 4.377267e-15 3.885781e-16 1 4.377267e-15 3.885781e-16 1 4.377267e-15 3.885781e-16 1 4.377267e-15 3.885781e-16 1 4.377267e-15 3.885781e-16 1 4.377267e-15 3.885781e-16 1 4.377267e-15 3.885781e-16 1 4.377267e-15 3.885781e-16 1 4.377267e-15 3.885781e-16 1 4.377267e-15 3.885781e-16 1 4.377267e-15 3.885781e-16 1 4.377267e-15 3.885781e-16 1 4.377267e-15 3.885781e-16 1 4.377267e-15 3.885781e-16 1 4.377267e-15 3.885781e-16 1 4.377267e-15 3.885781e-16 1 4.377267e-15 3.885781e-16 1 4.377267e-15 3.885781e-16 1 4.377267e-15 3.885781e-16 1 4.377267e-15 3.885781e-16 1 4.377267e-15 3.885781e-16 1 4.377267e-15 3.885781e-16 1 4.377267e-15 3.885781e-16 1 4.377267e-15 3.885781e-16 1 4.377267e-15 3.885781e-16 1 4.377267e-15 3.885781e-16 1 4.377267e-15 3.885781e-16 1 4.377267e-15 3.885781e-16 1 4.377267e-15 3.885781e-16 1 4.377267e-15 3.885781e-16 1 4.377267e-15 3.885781e-16 1 4.377267e-15 3.885781e-16 1 4.377267e-15 3.885781e-16 1 4.377267e-15 3.885781e-16 1 4.377267e-15 3.885781e-16 1 4.377267e-15 3.885781e-16 1 4.377267e-15 3.885781e-16 1 4.377267e-15 3.885781e-16 1 4.377267e-15 3.885781e-16 1 4.377267e-15 3.885781e-16 1 4.377267e-15 3.885781e-16 1 4.377267e-15 3.885781e-16 1 4.377267e-15 3.885781e-16 1 4.377267e-15 3.885781e-16 1 4.377267e-15 3.885781e-16 1 4.377267e-15 3.885781e-16 1 4.377267e-15 3.885781e-16 1 4.377267e-15 3.885781e-16 1 4.377267e-15 3.885781e-16 1 4.377267e-15 3.885781e-16 1 4.377267e-15 3.885781e-16 1 4.377267e-15 3.885781e-16 1 4.377267e-15 3.885781e-16 1 4.377267e-15 3.885781e-16 1 4.377267e-15 3.885781e-16 1 4.377267e-15 3.885781e-16 1 4.377267e-15 3.885781e-16 1 4.377267e-15 3.885781e-16 1 4.377267e-15 3.885781e-16 1 4.377267e-15 3.885781e-16 1 4.377267e-15 3.885781e-16 1 4.377267e-15 3.885781e-16 1 4.377267e-15 3.885781e-16 1 4.377267e-15 3.885781e-16 1 4.377267e-15 3.885781e-16 1 4.377267e-15 3.885781e-16 1 4.377267e-15 3.885781e-16 1 4.377267e-15 3.885781e-16 1 4.377267e-15 3.885781e-16 1 4.377267e-15 3.885781e-16 1 4.377267e-15 3.885781e-16 1 4.377267e-15 3.885781e-16 1 4.377267e-15 3.885781e-16 1 4.377267e-15 3.885781e-16 1 4.377267e-15 3.885781e-16 1 4.377267e-15 3.885781e-16 1 4.377267e-15 0 0 0 0 0 0 0 0 0 0 0 0 0 0 0 0 0 0 0 0 0 0 0 0 0 0 0 0 0 0 0 0 0 0 0 0 0 0 0 0 0 0 0 0 0 0 0 0 0 0 0 0 0 0 0 0 0 0 0 0 0 0 0 0 0 0 0 0 0 0 0 0 0 0 0 0 0 0 0 0 0 0 0 0 0 0 0 0 0 0 0 0 0 0 0 0 0 0 0 0 0 0 0 0 0 0 0 0 0 0 0 0 0 0 0 0 0 0 0 0 0 0 0 0 0 0 0 0 0 0 0 0 0 0 0 0 0 0 0 0 0 0 0 0 0 0 0 0 0 0 0 0 0 0 0 0 0 0 0 0 0 0 0 0 0 0 0 0 0 0 0 0 0 0 0 0 0 0 0 0 0 0 0 0 0 0 0 0 0 0 0 0 0 0 0 0 0 0 0 0 0 0 0 0 0 0 0 0 0 0 0 0 0 0 0 0 0 0 0 0 0 0 0 0 0 0 0 0 0 0 0</float_array>
                    <technique_common>
                        <accessor count="231" source="#ID332" stride="3">
                            <param name="X" type="float" />
                            <param name="Y" type="float" />
                            <param name="Z" type="float" />
                        </accessor>
                    </technique_common>
                </source>
                <source id="ID329">
                    <Name_array id="ID333" count="0" />
                    <technique_common>
                        <accessor count="0" source="#ID333" stride="1">
                            <param name="skp_material" type="Name" />
                        </accessor>
                    </technique_common>
                </source>
                <vertices id="ID330">
                    <input semantic="POSITION" source="#ID327" />
                    <input semantic="NORMAL" source="#ID328" />
                </vertices>
                <triangles count="150" material="Material2">
                    <input offset="0" semantic="VERTEX" source="#ID330" />
                    <p>0 1 2 1 0 3 3 0 4 4 0 5 5 0 6 5 6 7 5 7 8 8 7 9 8 9 10 11 12 13 12 11 14 14 11 15 16 17 18 17 16 19 19 16 20 19 20 21 21 20 22 21 22 23 23 22 1 1 22 2 23 1 24 23 24 13 23 13 25 25 13 12 25 12 26 25 26 27 25 27 28 25 28 29 25 29 30 30 29 31 30 31 32 30 32 33 33 32 34 33 34 35 33 35 36 37 38 39 38 37 36 38 36 35 38 35 40 38 40 41 41 40 42 41 42 43 43 42 44 44 42 45 45 42 46 46 42 47 46 47 48 48 47 49 49 47 50 49 50 51 51 50 52 52 50 53 52 53 54 54 53 55 55 53 56 55 56 57 57 56 58 58 56 59 59 56 60 59 60 61 59 61 62 62 61 63 63 61 64 63 64 65 65 64 66 65 66 67 67 66 68 67 68 69 67 69 70 67 70 71 71 70 72 71 72 73 73 72 74 74 72 75 75 72 76 77 78 79 79 78 80 80 78 81 81 78 82 78 83 82 82 83 84 83 85 84 85 86 84 86 87 84 84 87 88 87 89 88 88 89 90 89 91 90 90 91 92 92 91 93 91 94 93 94 95 93 93 95 96 96 95 97 97 95 98 95 99 98 98 99 100 100 99 101 99 102 101 101 102 103 103 102 104 102 105 104 104 105 106 106 105 107 105 108 107 107 108 109 109 108 110 110 108 111 111 108 112 108 113 112 112 113 114 113 115 114 115 116 114 116 117 114 118 114 117 116 115 119 115 120 119 120 121 119 119 121 122 121 123 122 123 124 122 122 124 125 124 126 125 126 127 125 127 128 125 128 129 125 129 130 125 125 130 131 130 132 131 132 133 131 134 135 133 133 135 131 131 135 136 135 137 136 136 137 138 137 139 138 138 139 140 141 140 139 142 143 144 144 143 129 130 129 143 145 146 147 146 148 147 147 148 149 148 150 149 150 151 149 149 151 152 152 151 153 153 151 133 134 133 151</p>
                </triangles>
                <lines count="77" material="Material3">
                    <input offset="0" semantic="VERTEX" source="#ID330" />
                    <p>154 155 156 154 157 156 158 157 159 158 159 160 160 161 161 162 162 163 164 163 165 164 165 166 166 167 168 167 169 168 170 169 171 170 172 171 173 172 174 173 175 174 176 175 177 176 178 177 179 178 180 179 181 180 182 181 183 182 184 183 185 184 186 185 187 186 187 188 188 189 190 189 190 191 192 191 192 193 193 194 194 195 196 195 196 197 198 197 198 199 199 200 201 200 202 201 203 202 204 203 205 204 206 205 207 206 208 207 209 208 210 209 211 210 212 211 213 212 214 213 215 214 216 215 217 216 218 217 219 218 220 219 221 220 222 221 223 222 224 223 225 224 226 225 227 226 228 227 228 229 229 230 155 230</p>
                </lines>
            </mesh>
        </geometry>
        <geometry id="ID334">
            <mesh>
                <source id="ID337">
                    <float_array id="ID341" count="549">4.92124 -4.973799e-14 56.18392 4.588084 -4.263256e-14 56.26664 4.867333 -4.973799e-14 56.16073 5.125881 -6.217249e-14 56.27195 4.217548 -1.953993e-14 56.50323 5.334058 -7.105427e-14 57.00729 3.696208 -5.684342e-14 56.78728 3.438554 -7.638334e-14 56.92766 3.411115 -6.394885e-14 56.93218 1.858629 -4.973799e-14 55.64993 1.490299 -4.973799e-14 55.774 1.498444 -6.394885e-14 55.58344 2.465787 -5.684342e-14 55.9715 1.436869 -5.684342e-14 56.02311 3.035089 -2.131628e-14 56.37762 1.359982 -4.973799e-14 56.13839 1.260941 -3.907985e-14 56.16988 0.3519943 -5.684342e-14 56.16988 0.05909024 -5.684342e-14 56.32414 -0.09401334 -5.506706e-14 56.56221 -0.1251148 -4.085621e-14 56.71052 -0.129636 -4.085621e-14 56.87719 -0.07009717 -5.506706e-14 57.26219 5.496901 -6.57252e-14 58.44598 0.07769209 -6.217249e-14 57.71252 0.1968264 -5.684342e-14 57.95104 0.7827703 -5.684342e-14 59.12419 4.995106 -7.81597e-14 60.48705 0.8772396 -6.394885e-14 59.44528 0.900179 -5.506706e-14 59.95557 0.8214355 -6.394885e-14 60.3369 0.5629294 -7.105427e-14 61.00478 3.810835 -6.394885e-14 63.04181 0.124628 -7.105427e-14 61.73799 -0.3800135 -5.329071e-14 62.33754 -0.9234479 -8.526513e-14 62.82642 -1.478128 -5.506706e-14 63.22761 2.990676 -8.526513e-14 64.6033 -2.016506 -6.217249e-14 63.56408 -2.511035 -6.927792e-14 63.85881 -2.934167 -6.927792e-14 64.13478 -3.412215 -8.526513e-14 64.52651 -3.558869 -6.394885e-14 64.56571 -4.139306 -7.81597e-14 64.14291 -4.3938 -7.105427e-14 64.38292 -4.187003 -7.105427e-14 63.89262 -4.015239 -8.526513e-14 64.31542 -3.818921 -6.394885e-14 64.49037 -4.494283 -7.993606e-14 64.84769 -3.695407 -7.81597e-14 64.54839 2.465787 -7.81597e-14 65.29194 -4.205383 -9.237056e-14 65.53856 1.69985 -9.05942e-14 65.86864 -3.544005 -8.526513e-14 66.00489 0.8020472 -7.638334e-14 66.31165 -2.533497 -7.105427e-14 66.35469 0.0575568 -8.526513e-14 66.51015 -1.134321 -7.81597e-14 66.60084 1.064732 -6.394885e-14 56.11553 0.5294301 -6.394885e-14 56.1264 0.8344689 -7.105427e-14 56.0965 0.3519943 -5.684342e-14 56.16988 1.260941 -3.907985e-14 56.16988 0.5294301 -6.394885e-14 56.1264 1.064732 -6.394885e-14 56.11553 0.8344689 -7.105427e-14 56.0965 -1.134321 -7.81597e-14 66.60084 0.0575568 -8.526513e-14 66.51015 -2.533497 -7.105427e-14 66.35469 0.8020472 -7.638334e-14 66.31165 -3.544005 -8.526513e-14 66.00489 1.69985 -9.05942e-14 65.86864 -4.205383 -9.237056e-14 65.53856 2.465787 -7.81597e-14 65.29194 -4.494283 -7.993606e-14 64.84769 2.990676 -8.526513e-14 64.6033 -3.558869 -6.394885e-14 64.56571 -3.695407 -7.81597e-14 64.54839 -3.818921 -6.394885e-14 64.49037 -4.3938 -7.105427e-14 64.38292 -4.015239 -8.526513e-14 64.31542 -4.139306 -7.81597e-14 64.14291 -4.187003 -7.105427e-14 63.89262 -3.412215 -8.526513e-14 64.52651 -2.934167 -6.927792e-14 64.13478 -2.511035 -6.927792e-14 63.85881 -2.016506 -6.217249e-14 63.56408 -1.478128 -5.506706e-14 63.22761 3.810835 -6.394885e-14 63.04181 -0.9234479 -8.526513e-14 62.82642 -0.3800135 -5.329071e-14 62.33754 0.124628 -7.105427e-14 61.73799 0.5629294 -7.105427e-14 61.00478 4.995106 -7.81597e-14 60.48705 0.8214355 -6.394885e-14 60.3369 0.900179 -5.506706e-14 59.95557 0.8772396 -6.394885e-14 59.44528 0.7827703 -5.684342e-14 59.12419 5.496901 -6.57252e-14 58.44598 0.1968264 -5.684342e-14 57.95104 0.07769209 -6.217249e-14 57.71252 -0.07009717 -5.506706e-14 57.26219 5.334058 -7.105427e-14 57.00729 3.411115 -6.394885e-14 56.93218 -0.129636 -4.085621e-14 56.87719 -0.1251148 -4.085621e-14 56.71052 -0.09401334 -5.506706e-14 56.56221 3.035089 -2.131628e-14 56.37762 0.05909024 -5.684342e-14 56.32414 1.359982 -4.973799e-14 56.13839 1.436869 -5.684342e-14 56.02311 2.465787 -5.684342e-14 55.9715 1.490299 -4.973799e-14 55.774 1.858629 -4.973799e-14 55.64993 1.498444 -6.394885e-14 55.58344 3.438554 -7.638334e-14 56.92766 3.696208 -5.684342e-14 56.78728 4.217548 -1.953993e-14 56.50323 5.125881 -6.217249e-14 56.27195 4.588084 -4.263256e-14 56.26664 4.92124 -4.973799e-14 56.18392 4.867333 -4.973799e-14 56.16073 4.217548 -1.953993e-14 56.50323 4.588084 -4.263256e-14 56.26664 4.867333 -4.973799e-14 56.16073 4.92124 -4.973799e-14 56.18392 5.125881 -6.217249e-14 56.27195 5.334058 -7.105427e-14 57.00729 5.496901 -6.57252e-14 58.44598 4.995106 -7.81597e-14 60.48705 3.810835 -6.394885e-14 63.04181 2.990676 -8.526513e-14 64.6033 2.465787 -7.81597e-14 65.29194 1.69985 -9.05942e-14 65.86864 0.8020472 -7.638334e-14 66.31165 0.0575568 -8.526513e-14 66.51015 -1.134321 -7.81597e-14 66.60084 -2.533497 -7.105427e-14 66.35469 -3.544005 -8.526513e-14 66.00489 -4.205383 -9.237056e-14 65.53856 -4.494283 -7.993606e-14 64.84769 -4.3938 -7.105427e-14 64.38292 -4.187003 -7.105427e-14 63.89262 -4.139306 -7.81597e-14 64.14291 -4.015239 -8.526513e-14 64.31542 -3.818921 -6.394885e-14 64.49037 -3.695407 -7.81597e-14 64.54839 -3.558869 -6.394885e-14 64.56571 -3.412215 -8.526513e-14 64.52651 -2.934167 -6.927792e-14 64.13478 -2.511035 -6.927792e-14 63.85881 -2.016506 -6.217249e-14 63.56408 -1.478128 -5.506706e-14 63.22761 -0.9234479 -8.526513e-14 62.82642 -0.3800135 -5.329071e-14 62.33754 0.124628 -7.105427e-14 61.73799 0.5629294 -7.105427e-14 61.00478 0.8214355 -6.394885e-14 60.3369 0.900179 -5.506706e-14 59.95557 0.8772396 -6.394885e-14 59.44528 0.7827703 -5.684342e-14 59.12419 0.1968264 -5.684342e-14 57.95104 0.07769209 -6.217249e-14 57.71252 -0.07009717 -5.506706e-14 57.26219 -0.129636 -4.085621e-14 56.87719 -0.1251148 -4.085621e-14 56.71052 -0.09401334 -5.506706e-14 56.56221 0.05909024 -5.684342e-14 56.32414 0.3519943 -5.684342e-14 56.16988 0.5294301 -6.394885e-14 56.1264 0.8344689 -7.105427e-14 56.0965 1.064732 -6.394885e-14 56.11553 1.260941 -3.907985e-14 56.16988 1.359982 -4.973799e-14 56.13839 1.436869 -5.684342e-14 56.02311 1.490299 -4.973799e-14 55.774 1.498444 -6.394885e-14 55.58344 1.858629 -4.973799e-14 55.64993 2.465787 -5.684342e-14 55.9715 3.035089 -2.131628e-14 56.37762 3.411115 -6.394885e-14 56.93218 3.438554 -7.638334e-14 56.92766 3.696208 -5.684342e-14 56.78728</float_array>
                    <technique_common>
                        <accessor count="183" source="#ID341" stride="3">
                            <param name="X" type="float" />
                            <param name="Y" type="float" />
                            <param name="Z" type="float" />
                        </accessor>
                    </technique_common>
                </source>
                <source id="ID338">
                    <float_array id="ID342" count="549">3.885781e-16 -1 -2.319045e-15 3.885781e-16 -1 -2.319045e-15 3.885781e-16 -1 -2.319045e-15 3.885781e-16 -1 -2.319045e-15 3.885781e-16 -1 -2.319045e-15 3.885781e-16 -1 -2.319045e-15 3.885781e-16 -1 -2.319045e-15 3.885781e-16 -1 -2.319045e-15 3.885781e-16 -1 -2.319045e-15 3.885781e-16 -1 -2.319045e-15 3.885781e-16 -1 -2.319045e-15 3.885781e-16 -1 -2.319045e-15 3.885781e-16 -1 -2.319045e-15 3.885781e-16 -1 -2.319045e-15 3.885781e-16 -1 -2.319045e-15 3.885781e-16 -1 -2.319045e-15 3.885781e-16 -1 -2.319045e-15 3.885781e-16 -1 -2.319045e-15 3.885781e-16 -1 -2.319045e-15 3.885781e-16 -1 -2.319045e-15 3.885781e-16 -1 -2.319045e-15 3.885781e-16 -1 -2.319045e-15 3.885781e-16 -1 -2.319045e-15 3.885781e-16 -1 -2.319045e-15 3.885781e-16 -1 -2.319045e-15 3.885781e-16 -1 -2.319045e-15 3.885781e-16 -1 -2.319045e-15 3.885781e-16 -1 -2.319045e-15 3.885781e-16 -1 -2.319045e-15 3.885781e-16 -1 -2.319045e-15 3.885781e-16 -1 -2.319045e-15 3.885781e-16 -1 -2.319045e-15 3.885781e-16 -1 -2.319045e-15 3.885781e-16 -1 -2.319045e-15 3.885781e-16 -1 -2.319045e-15 3.885781e-16 -1 -2.319045e-15 3.885781e-16 -1 -2.319045e-15 3.885781e-16 -1 -2.319045e-15 3.885781e-16 -1 -2.319045e-15 3.885781e-16 -1 -2.319045e-15 3.885781e-16 -1 -2.319045e-15 3.885781e-16 -1 -2.319045e-15 3.885781e-16 -1 -2.319045e-15 3.885781e-16 -1 -2.319045e-15 3.885781e-16 -1 -2.319045e-15 3.885781e-16 -1 -2.319045e-15 3.885781e-16 -1 -2.319045e-15 3.885781e-16 -1 -2.319045e-15 3.885781e-16 -1 -2.319045e-15 3.885781e-16 -1 -2.319045e-15 3.885781e-16 -1 -2.319045e-15 3.885781e-16 -1 -2.319045e-15 3.885781e-16 -1 -2.319045e-15 3.885781e-16 -1 -2.319045e-15 3.885781e-16 -1 -2.319045e-15 3.885781e-16 -1 -2.319045e-15 3.885781e-16 -1 -2.319045e-15 3.885781e-16 -1 -2.319045e-15 3.885781e-16 -1 -2.319045e-15 3.885781e-16 -1 -2.319045e-15 3.885781e-16 -1 -2.319045e-15 -3.885781e-16 1 2.319045e-15 -3.885781e-16 1 2.319045e-15 -3.885781e-16 1 2.319045e-15 -3.885781e-16 1 2.319045e-15 -3.885781e-16 1 2.319045e-15 -3.885781e-16 1 2.319045e-15 -3.885781e-16 1 2.319045e-15 -3.885781e-16 1 2.319045e-15 -3.885781e-16 1 2.319045e-15 -3.885781e-16 1 2.319045e-15 -3.885781e-16 1 2.319045e-15 -3.885781e-16 1 2.319045e-15 -3.885781e-16 1 2.319045e-15 -3.885781e-16 1 2.319045e-15 -3.885781e-16 1 2.319045e-15 -3.885781e-16 1 2.319045e-15 -3.885781e-16 1 2.319045e-15 -3.885781e-16 1 2.319045e-15 -3.885781e-16 1 2.319045e-15 -3.885781e-16 1 2.319045e-15 -3.885781e-16 1 2.319045e-15 -3.885781e-16 1 2.319045e-15 -3.885781e-16 1 2.319045e-15 -3.885781e-16 1 2.319045e-15 -3.885781e-16 1 2.319045e-15 -3.885781e-16 1 2.319045e-15 -3.885781e-16 1 2.319045e-15 -3.885781e-16 1 2.319045e-15 -3.885781e-16 1 2.319045e-15 -3.885781e-16 1 2.319045e-15 -3.885781e-16 1 2.319045e-15 -3.885781e-16 1 2.319045e-15 -3.885781e-16 1 2.319045e-15 -3.885781e-16 1 2.319045e-15 -3.885781e-16 1 2.319045e-15 -3.885781e-16 1 2.319045e-15 -3.885781e-16 1 2.319045e-15 -3.885781e-16 1 2.319045e-15 -3.885781e-16 1 2.319045e-15 -3.885781e-16 1 2.319045e-15 -3.885781e-16 1 2.319045e-15 -3.885781e-16 1 2.319045e-15 -3.885781e-16 1 2.319045e-15 -3.885781e-16 1 2.319045e-15 -3.885781e-16 1 2.319045e-15 -3.885781e-16 1 2.319045e-15 -3.885781e-16 1 2.319045e-15 -3.885781e-16 1 2.319045e-15 -3.885781e-16 1 2.319045e-15 -3.885781e-16 1 2.319045e-15 -3.885781e-16 1 2.319045e-15 -3.885781e-16 1 2.319045e-15 -3.885781e-16 1 2.319045e-15 -3.885781e-16 1 2.319045e-15 -3.885781e-16 1 2.319045e-15 -3.885781e-16 1 2.319045e-15 -3.885781e-16 1 2.319045e-15 -3.885781e-16 1 2.319045e-15 -3.885781e-16 1 2.319045e-15 -3.885781e-16 1 2.319045e-15 -3.885781e-16 1 2.319045e-15 0 0 0 0 0 0 0 0 0 0 0 0 0 0 0 0 0 0 0 0 0 0 0 0 0 0 0 0 0 0 0 0 0 0 0 0 0 0 0 0 0 0 0 0 0 0 0 0 0 0 0 0 0 0 0 0 0 0 0 0 0 0 0 0 0 0 0 0 0 0 0 0 0 0 0 0 0 0 0 0 0 0 0 0 0 0 0 0 0 0 0 0 0 0 0 0 0 0 0 0 0 0 0 0 0 0 0 0 0 0 0 0 0 0 0 0 0 0 0 0 0 0 0 0 0 0 0 0 0 0 0 0 0 0 0 0 0 0 0 0 0 0 0 0 0 0 0 0 0 0 0 0 0 0 0 0 0 0 0 0 0 0 0 0 0 0 0 0 0 0 0 0 0 0 0 0 0 0 0 0 0 0 0</float_array>
                    <technique_common>
                        <accessor count="183" source="#ID342" stride="3">
                            <param name="X" type="float" />
                            <param name="Y" type="float" />
                            <param name="Z" type="float" />
                        </accessor>
                    </technique_common>
                </source>
                <source id="ID339">
                    <Name_array id="ID343" count="0" />
                    <technique_common>
                        <accessor count="0" source="#ID343" stride="1">
                            <param name="skp_material" type="Name" />
                        </accessor>
                    </technique_common>
                </source>
                <vertices id="ID340">
                    <input semantic="POSITION" source="#ID337" />
                    <input semantic="NORMAL" source="#ID338" />
                </vertices>
                <triangles count="118" material="Material2">
                    <input offset="0" semantic="VERTEX" source="#ID340" />
                    <p>0 1 2 1 0 3 1 3 4 4 3 5 4 5 6 6 5 7 7 5 8 9 10 11 10 9 12 10 12 13 13 12 14 13 14 15 15 14 16 16 14 17 17 14 18 18 14 19 19 14 8 19 8 20 20 8 21 21 8 22 22 8 5 22 5 23 22 23 24 24 23 25 25 23 26 26 23 27 26 27 28 28 27 29 29 27 30 30 27 31 31 27 32 31 32 33 33 32 34 34 32 35 35 32 36 36 32 37 36 37 38 38 37 39 39 37 40 40 37 41 41 37 42 43 44 45 44 43 46 44 46 47 44 47 48 48 47 49 48 49 42 48 42 37 48 37 50 48 50 51 51 50 52 51 52 53 53 52 54 53 54 55 55 54 56 55 56 57 58 59 60 59 58 16 59 16 17 61 62 63 62 64 63 65 63 64 66 67 68 67 69 68 68 69 70 69 71 70 70 71 72 71 73 72 72 73 74 73 75 74 75 76 74 76 77 74 77 78 74 74 78 79 78 80 79 80 81 79 82 79 81 76 75 83 83 75 84 84 75 85 85 75 86 86 75 87 75 88 87 87 88 89 89 88 90 90 88 91 91 88 92 88 93 92 92 93 94 94 93 95 95 93 96 96 93 97 93 98 97 97 98 99 99 98 100 100 98 101 98 102 101 102 103 101 101 103 104 104 103 105 105 103 106 103 107 106 106 107 108 108 107 61 61 107 62 62 107 109 109 107 110 107 111 110 110 111 112 111 113 112 114 112 113 103 102 115 115 102 116 116 102 117 102 118 117 117 118 119 118 120 119 121 119 120</p>
                </triangles>
                <lines count="61" material="Material3">
                    <input offset="0" semantic="VERTEX" source="#ID340" />
                    <p>122 123 123 124 124 125 125 126 126 127 127 128 128 129 129 130 130 131 132 131 133 132 133 134 134 135 135 136 136 137 137 138 138 139 139 140 140 141 141 142 142 143 143 144 144 145 145 146 146 147 147 148 148 149 150 149 151 150 151 152 153 152 153 154 155 154 156 155 157 156 157 158 159 158 159 160 161 160 162 161 162 163 163 164 164 165 165 166 166 167 167 168 168 169 169 170 170 171 171 172 172 173 173 174 174 175 175 176 176 177 177 178 178 179 179 180 180 181 181 182 182 122</p>
                </lines>
            </mesh>
        </geometry>
        <geometry id="ID344">
            <mesh>
                <source id="ID347">
                    <float_array id="ID351" count="72">-8.758964 1.598721e-14 31.80945 -8.976727 1.24345e-14 32.03041 -8.907793 3.019807e-14 31.75462 -6.696317 0 32.55276 -8.769968 2.131628e-14 32.11703 -6.764311 2.4869e-14 32.84121 -6.563567 3.019807e-14 32.59922 -6.649764 1.598721e-14 32.87501 -6.649764 1.598721e-14 32.87501 -6.563567 3.019807e-14 32.59922 -6.764311 2.4869e-14 32.84121 -6.696317 0 32.55276 -8.769968 2.131628e-14 32.11703 -8.976727 1.24345e-14 32.03041 -8.758964 1.598721e-14 31.80945 -8.907793 3.019807e-14 31.75462 -8.976727 1.24345e-14 32.03041 -8.769968 2.131628e-14 32.11703 -8.907793 3.019807e-14 31.75462 -8.758964 1.598721e-14 31.80945 -6.696317 0 32.55276 -6.563567 3.019807e-14 32.59922 -6.649764 1.598721e-14 32.87501 -6.764311 2.4869e-14 32.84121</float_array>
                    <technique_common>
                        <accessor count="24" source="#ID351" stride="3">
                            <param name="X" type="float" />
                            <param name="Y" type="float" />
                            <param name="Z" type="float" />
                        </accessor>
                    </technique_common>
                </source>
                <source id="ID348">
                    <float_array id="ID352" count="72">0 -1 -2.400137e-16 0 -1 -2.400137e-16 0 -1 -2.400137e-16 0 -1 -2.400137e-16 0 -1 -2.400137e-16 0 -1 -2.400137e-16 0 -1 -2.400137e-16 0 -1 -2.400137e-16 -0 1 2.400137e-16 -0 1 2.400137e-16 -0 1 2.400137e-16 -0 1 2.400137e-16 -0 1 2.400137e-16 -0 1 2.400137e-16 -0 1 2.400137e-16 -0 1 2.400137e-16 0 0 0 0 0 0 0 0 0 0 0 0 0 0 0 0 0 0 0 0 0 0 0 0</float_array>
                    <technique_common>
                        <accessor count="24" source="#ID352" stride="3">
                            <param name="X" type="float" />
                            <param name="Y" type="float" />
                            <param name="Z" type="float" />
                        </accessor>
                    </technique_common>
                </source>
                <source id="ID349">
                    <Name_array id="ID353" count="0" />
                    <technique_common>
                        <accessor count="0" source="#ID353" stride="1">
                            <param name="skp_material" type="Name" />
                        </accessor>
                    </technique_common>
                </source>
                <vertices id="ID350">
                    <input semantic="POSITION" source="#ID347" />
                    <input semantic="NORMAL" source="#ID348" />
                </vertices>
                <triangles count="12" material="Material2">
                    <input offset="0" semantic="VERTEX" source="#ID350" />
                    <p>0 1 2 1 0 3 1 3 4 4 3 5 5 3 6 5 6 7 8 9 10 9 11 10 10 11 12 12 11 13 11 14 13 15 13 14</p>
                </triangles>
                <lines count="8" material="Material3">
                    <input offset="0" semantic="VERTEX" source="#ID350" />
                    <p>16 17 18 16 19 18 19 20 21 20 22 21 23 22 17 23</p>
                </lines>
            </mesh>
        </geometry>
        <geometry id="ID354">
            <mesh>
                <source id="ID355">
                    <float_array id="ID359" count="567">7.007702 -1.24345e-14 26.17986 6.716807 7.105427e-15 25.98152 6.875473 7.105427e-15 25.98152 6.531701 7.105427e-15 26.06084 6.50332 5.329071e-15 26.34833 7.280421 2.309264e-14 26.95907 7.087725 3.552714e-14 27.65856 7.655607 7.105427e-15 28.031 7.14407 3.730349e-14 28.47168 7.655607 5.329071e-14 28.45411 7.655607 5.329071e-14 28.45411 7.655607 7.105427e-15 28.031 7.14407 3.730349e-14 28.47168 7.087725 3.552714e-14 27.65856 7.280421 2.309264e-14 26.95907 6.50332 5.329071e-15 26.34833 7.007702 -1.24345e-14 26.17986 6.531701 7.105427e-15 26.06084 6.716807 7.105427e-15 25.98152 6.875473 7.105427e-15 25.98152 6.50332 5.329071e-15 26.34833 6.531701 7.105427e-15 26.06084 6.716807 7.105427e-15 25.98152 6.875473 7.105427e-15 25.98152 7.007702 -1.24345e-14 26.17986 7.280421 2.309264e-14 26.95907 7.655607 7.105427e-15 28.031 7.655607 5.329071e-14 28.45411 7.14407 3.730349e-14 28.47168 7.087725 3.552714e-14 27.65856 6.267934 1.421085e-14 25.82063 5.831592 8.881784e-15 25.78097 6.082829 1.421085e-14 25.70164 5.752258 5.861978e-14 26.09832 6.50332 5.329071e-15 26.34833 5.85803 -3.552714e-15 26.58753 7.087725 3.552714e-14 27.65856 6.287772 7.105427e-15 27.75111 7.14407 3.730349e-14 28.47168 6.287772 7.105427e-15 28.43207 7.629168 2.842171e-14 26.88064 7.280421 2.309264e-14 26.95907 7.457264 1.421085e-14 26.78808 7.853949 3.730349e-14 28.04422 7.655607 7.105427e-15 28.031 7.655607 5.329071e-14 28.45411 7.871563 3.552714e-14 28.66372 7.655607 7.105427e-15 28.68133 7.687874 7.81597e-14 30.31921 7.158597 -5.329071e-15 28.68133 5.580372 1.776357e-15 28.92791 5.593582 1.421085e-14 29.6287 5.434924 4.973799e-14 30.11793 4.66801 -1.421085e-14 28.31969 4.099457 4.263256e-14 28.20067 4.363914 1.421085e-14 28.16101 4.046562 3.552714e-14 28.41223 4.958924 5.684342e-14 28.9147 4.218466 2.309264e-14 29.44359 5.091134 3.730349e-14 29.48326 4.53393 7.283063e-14 30.42587 5.276257 -1.776357e-15 29.99893 7.687874 3.552714e-14 30.43655 5.111489 1.421085e-14 32.02813 7.687874 1.421085e-14 32.305 5.608772 1.598721e-14 32.5838 7.899436 0 32.78102 5.952162 1.598721e-14 33.80285 7.952167 -7.105427e-15 33.26106 7.952167 -7.105427e-15 33.89474 5.972463 1.776357e-15 34.03521 8.781546 -7.638334e-14 39.27103 6.106689 -1.136868e-13 35.57132 6.018059 -6.217249e-14 39.57515 8.569966 -6.394885e-14 39.7206 6.401507 -5.506706e-14 39.97181 8.04107 -7.638334e-14 40.06438 6.930393 -6.927792e-14 40.23627 7.366727 -8.526513e-14 40.23627 5.051476 1.421085e-14 26.57431 4.720905 2.131628e-14 26.65365 4.87959 5.151435e-14 26.54787 6.016715 2.842171e-14 27.67178 4.734125 7.105427e-15 26.97099 5.36881 1.776357e-15 28.10812 7.158597 -5.329071e-15 28.68133 7.14407 3.730349e-14 28.47168 5.580372 1.776357e-15 28.92791 6.287772 7.105427e-15 28.43207 5.36881 1.776357e-15 28.10812 6.016715 2.842171e-14 27.67178 4.734125 7.105427e-15 26.97099 4.720905 2.131628e-14 26.65365 5.051476 1.421085e-14 26.57431 4.87959 5.151435e-14 26.54787 7.366727 -8.526513e-14 40.23627 8.04107 -7.638334e-14 40.06438 6.930393 -6.927792e-14 40.23627 6.401507 -5.506706e-14 39.97181 8.569966 -6.394885e-14 39.7206 6.018059 -6.217249e-14 39.57515 8.781546 -7.638334e-14 39.27103 6.106689 -1.136868e-13 35.57132 5.972463 1.776357e-15 34.03521 7.952167 -7.105427e-15 33.89474 5.952162 1.598721e-14 33.80285 7.952167 -7.105427e-15 33.26106 7.899436 0 32.78102 5.608772 1.598721e-14 32.5838 7.687874 1.421085e-14 32.305 5.111489 1.421085e-14 32.02813 7.687874 3.552714e-14 30.43655 4.53393 7.283063e-14 30.42587 7.687874 7.81597e-14 30.31921 5.434924 4.973799e-14 30.11793 5.276257 -1.776357e-15 29.99893 5.091134 3.730349e-14 29.48326 4.218466 2.309264e-14 29.44359 4.958924 5.684342e-14 28.9147 4.046562 3.552714e-14 28.41223 4.66801 -1.421085e-14 28.31969 4.099457 4.263256e-14 28.20067 4.363914 1.421085e-14 28.16101 5.593582 1.421085e-14 29.6287 7.655607 7.105427e-15 28.68133 7.871563 3.552714e-14 28.66372 7.655607 5.329071e-14 28.45411 7.853949 3.730349e-14 28.04422 7.655607 7.105427e-15 28.031 7.280421 2.309264e-14 26.95907 7.629168 2.842171e-14 26.88064 7.457264 1.421085e-14 26.78808 6.287772 7.105427e-15 27.75111 7.087725 3.552714e-14 27.65856 5.85803 -3.552714e-15 26.58753 6.50332 5.329071e-15 26.34833 5.752258 5.861978e-14 26.09832 6.267934 1.421085e-14 25.82063 5.831592 8.881784e-15 25.78097 6.082829 1.421085e-14 25.70164 7.457264 1.421085e-14 26.78808 7.629168 2.842171e-14 26.88064 7.853949 3.730349e-14 28.04422 7.871563 3.552714e-14 28.66372 7.687874 7.81597e-14 30.31921 7.687874 3.552714e-14 30.43655 7.687874 1.421085e-14 32.305 7.899436 0 32.78102 7.952167 -7.105427e-15 33.26106 7.952167 -7.105427e-15 33.89474 8.781546 -7.638334e-14 39.27103 8.569966 -6.394885e-14 39.7206 8.04107 -7.638334e-14 40.06438 7.366727 -8.526513e-14 40.23627 6.930393 -6.927792e-14 40.23627 6.401507 -5.506706e-14 39.97181 6.018059 -6.217249e-14 39.57515 6.106689 -1.136868e-13 35.57132 5.972463 1.776357e-15 34.03521 5.952162 1.598721e-14 33.80285 5.608772 1.598721e-14 32.5838 5.111489 1.421085e-14 32.02813 4.53393 7.283063e-14 30.42587 4.218466 2.309264e-14 29.44359 4.046562 3.552714e-14 28.41223 4.099457 4.263256e-14 28.20067 4.363914 1.421085e-14 28.16101 4.66801 -1.421085e-14 28.31969 4.958924 5.684342e-14 28.9147 5.091134 3.730349e-14 29.48326 5.276257 -1.776357e-15 29.99893 5.434924 4.973799e-14 30.11793 5.593582 1.421085e-14 29.6287 5.580372 1.776357e-15 28.92791 5.36881 1.776357e-15 28.10812 4.734125 7.105427e-15 26.97099 4.720905 2.131628e-14 26.65365 4.87959 5.151435e-14 26.54787 5.051476 1.421085e-14 26.57431 6.016715 2.842171e-14 27.67178 6.287772 7.105427e-15 28.43207 6.287772 7.105427e-15 27.75111 5.85803 -3.552714e-15 26.58753 5.752258 5.861978e-14 26.09832 5.831592 8.881784e-15 25.78097 6.082829 1.421085e-14 25.70164 6.267934 1.421085e-14 25.82063 7.158597 -5.329071e-15 28.68133 7.655607 7.105427e-15 28.68133</float_array>
                    <technique_common>
                        <accessor count="189" source="#ID359" stride="3">
                            <param name="X" type="float" />
                            <param name="Y" type="float" />
                            <param name="Z" type="float" />
                        </accessor>
                    </technique_common>
                </source>
                <source id="ID356">
                    <float_array id="ID360" count="567">-1.798561e-14 -1 1.558538e-14 -1.798561e-14 -1 1.558538e-14 -1.798561e-14 -1 1.558538e-14 -1.798561e-14 -1 1.558538e-14 -1.798561e-14 -1 1.558538e-14 -1.798561e-14 -1 1.558538e-14 -1.798561e-14 -1 1.558538e-14 -1.798561e-14 -1 1.558538e-14 -1.798561e-14 -1 1.558538e-14 -1.798561e-14 -1 1.558538e-14 1.798561e-14 1 -1.558538e-14 1.798561e-14 1 -1.558538e-14 1.798561e-14 1 -1.558538e-14 1.798561e-14 1 -1.558538e-14 1.798561e-14 1 -1.558538e-14 1.798561e-14 1 -1.558538e-14 1.798561e-14 1 -1.558538e-14 1.798561e-14 1 -1.558538e-14 1.798561e-14 1 -1.558538e-14 1.798561e-14 1 -1.558538e-14 0 0 0 0 0 0 0 0 0 0 0 0 0 0 0 0 0 0 0 0 0 0 0 0 0 0 0 0 0 0 -3.885781e-16 -1 -7.039609e-15 -3.885781e-16 -1 -7.039609e-15 -3.885781e-16 -1 -7.039609e-15 -3.885781e-16 -1 -7.039609e-15 -3.885781e-16 -1 -7.039609e-15 -3.885781e-16 -1 -7.039609e-15 -3.885781e-16 -1 -7.039609e-15 -3.885781e-16 -1 -7.039609e-15 -3.885781e-16 -1 -7.039609e-15 -3.885781e-16 -1 -7.039609e-15 -3.885781e-16 -1 -7.039609e-15 -3.885781e-16 -1 -7.039609e-15 -3.885781e-16 -1 -7.039609e-15 -3.885781e-16 -1 -7.039609e-15 -3.885781e-16 -1 -7.039609e-15 -3.885781e-16 -1 -7.039609e-15 -3.885781e-16 -1 -7.039609e-15 -3.885781e-16 -1 -7.039609e-15 -3.885781e-16 -1 -7.039609e-15 -3.885781e-16 -1 -7.039609e-15 -3.885781e-16 -1 -7.039609e-15 -3.885781e-16 -1 -7.039609e-15 -3.885781e-16 -1 -7.039609e-15 -3.885781e-16 -1 -7.039609e-15 -3.885781e-16 -1 -7.039609e-15 -3.885781e-16 -1 -7.039609e-15 -3.885781e-16 -1 -7.039609e-15 -3.885781e-16 -1 -7.039609e-15 -3.885781e-16 -1 -7.039609e-15 -3.885781e-16 -1 -7.039609e-15 -3.885781e-16 -1 -7.039609e-15 -3.885781e-16 -1 -7.039609e-15 -3.885781e-16 -1 -7.039609e-15 -3.885781e-16 -1 -7.039609e-15 -3.885781e-16 -1 -7.039609e-15 -3.885781e-16 -1 -7.039609e-15 -3.885781e-16 -1 -7.039609e-15 -3.885781e-16 -1 -7.039609e-15 -3.885781e-16 -1 -7.039609e-15 -3.885781e-16 -1 -7.039609e-15 -3.885781e-16 -1 -7.039609e-15 -3.885781e-16 -1 -7.039609e-15 -3.885781e-16 -1 -7.039609e-15 -3.885781e-16 -1 -7.039609e-15 -3.885781e-16 -1 -7.039609e-15 -3.885781e-16 -1 -7.039609e-15 -3.885781e-16 -1 -7.039609e-15 -3.885781e-16 -1 -7.039609e-15 -3.885781e-16 -1 -7.039609e-15 -3.885781e-16 -1 -7.039609e-15 -3.885781e-16 -1 -7.039609e-15 -3.885781e-16 -1 -7.039609e-15 -3.885781e-16 -1 -7.039609e-15 -3.885781e-16 -1 -7.039609e-15 -3.885781e-16 -1 -7.039609e-15 3.885781e-16 1 7.039609e-15 3.885781e-16 1 7.039609e-15 3.885781e-16 1 7.039609e-15 3.885781e-16 1 7.039609e-15 3.885781e-16 1 7.039609e-15 3.885781e-16 1 7.039609e-15 3.885781e-16 1 7.039609e-15 3.885781e-16 1 7.039609e-15 3.885781e-16 1 7.039609e-15 3.885781e-16 1 7.039609e-15 3.885781e-16 1 7.039609e-15 3.885781e-16 1 7.039609e-15 3.885781e-16 1 7.039609e-15 3.885781e-16 1 7.039609e-15 3.885781e-16 1 7.039609e-15 3.885781e-16 1 7.039609e-15 3.885781e-16 1 7.039609e-15 3.885781e-16 1 7.039609e-15 3.885781e-16 1 7.039609e-15 3.885781e-16 1 7.039609e-15 3.885781e-16 1 7.039609e-15 3.885781e-16 1 7.039609e-15 3.885781e-16 1 7.039609e-15 3.885781e-16 1 7.039609e-15 3.885781e-16 1 7.039609e-15 3.885781e-16 1 7.039609e-15 3.885781e-16 1 7.039609e-15 3.885781e-16 1 7.039609e-15 3.885781e-16 1 7.039609e-15 3.885781e-16 1 7.039609e-15 3.885781e-16 1 7.039609e-15 3.885781e-16 1 7.039609e-15 3.885781e-16 1 7.039609e-15 3.885781e-16 1 7.039609e-15 3.885781e-16 1 7.039609e-15 3.885781e-16 1 7.039609e-15 3.885781e-16 1 7.039609e-15 3.885781e-16 1 7.039609e-15 3.885781e-16 1 7.039609e-15 3.885781e-16 1 7.039609e-15 3.885781e-16 1 7.039609e-15 3.885781e-16 1 7.039609e-15 3.885781e-16 1 7.039609e-15 3.885781e-16 1 7.039609e-15 3.885781e-16 1 7.039609e-15 3.885781e-16 1 7.039609e-15 3.885781e-16 1 7.039609e-15 3.885781e-16 1 7.039609e-15 3.885781e-16 1 7.039609e-15 3.885781e-16 1 7.039609e-15 3.885781e-16 1 7.039609e-15 3.885781e-16 1 7.039609e-15 3.885781e-16 1 7.039609e-15 3.885781e-16 1 7.039609e-15 3.885781e-16 1 7.039609e-15 0 0 0 0 0 0 0 0 0 0 0 0 0 0 0 0 0 0 0 0 0 0 0 0 0 0 0 0 0 0 0 0 0 0 0 0 0 0 0 0 0 0 0 0 0 0 0 0 0 0 0 0 0 0 0 0 0 0 0 0 0 0 0 0 0 0 0 0 0 0 0 0 0 0 0 0 0 0 0 0 0 0 0 0 0 0 0 0 0 0 0 0 0 0 0 0 0 0 0 0 0 0 0 0 0 0 0 0 0 0 0 0 0 0 0 0 0 0 0 0 0 0 0 0 0 0 0 0 0 0 0 0 0 0 0 0 0 0 0 0 0 0 0 0 0 0 0</float_array>
                    <technique_common>
                        <accessor count="189" source="#ID360" stride="3">
                            <param name="X" type="float" />
                            <param name="Y" type="float" />
                            <param name="Z" type="float" />
                        </accessor>
                    </technique_common>
                </source>
                <source id="ID357">
                    <Name_array id="ID361" count="0" />
                    <technique_common>
                        <accessor count="0" source="#ID361" stride="1">
                            <param name="skp_material" type="Name" />
                        </accessor>
                    </technique_common>
                </source>
                <vertices id="ID358">
                    <input semantic="POSITION" source="#ID355" />
                    <input semantic="NORMAL" source="#ID356" />
                </vertices>
                <triangles count="122" material="Material2">
                    <input offset="0" semantic="VERTEX" source="#ID358" />
                    <p>0 1 2 1 0 3 3 0 4 4 0 5 4 5 6 6 5 7 6 7 8 8 7 9 10 11 12 12 11 13 11 14 13 13 14 15 14 16 15 15 16 17 17 16 18 19 18 16 30 31 32 31 30 33 33 30 34 33 34 35 35 34 36 35 36 37 37 36 38 37 38 39 40 41 42 41 40 43 41 43 44 44 43 45 45 43 46 45 46 47 47 46 48 47 48 49 49 48 50 50 48 51 51 48 52 53 54 55 54 53 56 56 53 57 56 57 58 58 57 59 58 59 60 60 59 61 60 61 52 60 52 48 60 48 62 60 62 63 63 62 64 63 64 65 65 64 66 65 66 67 67 66 68 67 68 69 67 69 70 70 69 71 70 71 72 72 71 73 73 71 74 73 74 75 75 74 76 75 76 77 77 76 78 79 80 81 80 79 82 80 82 83 83 82 84 84 82 39 84 39 50 50 39 38 50 38 49 85 86 87 86 88 87 87 88 89 88 90 89 89 90 91 91 90 92 90 93 92 94 92 93 95 96 97 97 96 98 96 99 98 98 99 100 99 101 100 100 101 102 102 101 103 101 104 103 103 104 105 104 106 105 106 107 105 105 107 108 107 109 108 108 109 110 109 111 110 110 111 112 111 113 112 113 114 112 114 115 112 115 116 112 112 116 117 116 118 117 117 118 119 118 120 119 119 120 121 122 121 120 114 113 123 123 113 87 87 113 85 85 113 124 113 125 124 124 125 126 125 127 126 126 127 128 128 127 129 127 130 129 131 129 130 88 86 132 86 133 132 132 133 134 133 135 134 134 135 136 135 137 136 136 137 138 139 138 137</p>
                </triangles>
                <lines count="61" material="Material3">
                    <input offset="0" semantic="VERTEX" source="#ID358" />
                    <p>20 21 21 22 22 23 23 24 24 25 25 26 26 27 28 27 29 28 20 29 140 25 141 140 142 141 143 142 144 143 145 144 146 145 147 146 148 147 149 148 150 149 150 151 151 152 152 153 153 154 154 155 155 156 156 157 157 158 158 159 159 160 160 161 161 162 162 163 163 164 164 165 165 166 166 167 167 168 168 169 169 170 170 171 171 172 172 173 173 174 174 175 175 176 176 177 177 178 178 179 179 180 180 181 181 182 182 183 183 184 184 185 185 186 186 20 28 187 187 188 27 188</p>
                </lines>
            </mesh>
        </geometry>
        <geometry id="ID362">
            <mesh>
                <source id="ID363">
                    <float_array id="ID367" count="144">-6.764311 2.4869e-14 32.84121 -8.821605 -1.065814e-14 32.53027 -8.769968 2.131628e-14 32.11703 -8.959495 2.309264e-14 33.15081 -6.860559 1.421085e-14 33.1674 -8.804364 8.881784e-15 34.11607 -6.815177 1.776357e-14 35.20587 -8.85607 -4.263256e-14 36.06383 -6.728344 -7.81597e-14 36.54309 -8.995797 -6.394885e-14 38.76109 -6.295801 -4.973799e-14 38.54765 -6.509986 -6.750156e-14 38.80076 -8.546226 -7.283063e-14 39.11809 -6.919877 -8.348877e-14 39.09165 -7.422325 -7.638334e-14 39.28999 -7.911554 -7.81597e-14 39.28999 -7.911554 -7.81597e-14 39.28999 -7.422325 -7.638334e-14 39.28999 -8.546226 -7.283063e-14 39.11809 -6.919877 -8.348877e-14 39.09165 -6.509986 -6.750156e-14 38.80076 -8.995797 -6.394885e-14 38.76109 -6.295801 -4.973799e-14 38.54765 -6.728344 -7.81597e-14 36.54309 -8.85607 -4.263256e-14 36.06383 -6.815177 1.776357e-14 35.20587 -8.804364 8.881784e-15 34.11607 -6.860559 1.421085e-14 33.1674 -8.959495 2.309264e-14 33.15081 -6.764311 2.4869e-14 32.84121 -8.821605 -1.065814e-14 32.53027 -8.769968 2.131628e-14 32.11703 -6.295801 -4.973799e-14 38.54765 -6.509986 -6.750156e-14 38.80076 -6.919877 -8.348877e-14 39.09165 -7.422325 -7.638334e-14 39.28999 -7.911554 -7.81597e-14 39.28999 -8.546226 -7.283063e-14 39.11809 -8.995797 -6.394885e-14 38.76109 -8.85607 -4.263256e-14 36.06383 -8.804364 8.881784e-15 34.11607 -8.959495 2.309264e-14 33.15081 -8.821605 -1.065814e-14 32.53027 -8.769968 2.131628e-14 32.11703 -6.764311 2.4869e-14 32.84121 -6.860559 1.421085e-14 33.1674 -6.815177 1.776357e-14 35.20587 -6.728344 -7.81597e-14 36.54309</float_array>
                    <technique_common>
                        <accessor count="48" source="#ID367" stride="3">
                            <param name="X" type="float" />
                            <param name="Y" type="float" />
                            <param name="Z" type="float" />
                        </accessor>
                    </technique_common>
                </source>
                <source id="ID364">
                    <float_array id="ID368" count="144">2.275957e-15 -1 -1.412056e-14 2.275957e-15 -1 -1.412056e-14 2.275957e-15 -1 -1.412056e-14 2.275957e-15 -1 -1.412056e-14 2.275957e-15 -1 -1.412056e-14 2.275957e-15 -1 -1.412056e-14 2.275957e-15 -1 -1.412056e-14 2.275957e-15 -1 -1.412056e-14 2.275957e-15 -1 -1.412056e-14 2.275957e-15 -1 -1.412056e-14 2.275957e-15 -1 -1.412056e-14 2.275957e-15 -1 -1.412056e-14 2.275957e-15 -1 -1.412056e-14 2.275957e-15 -1 -1.412056e-14 2.275957e-15 -1 -1.412056e-14 2.275957e-15 -1 -1.412056e-14 -2.275957e-15 1 1.412056e-14 -2.275957e-15 1 1.412056e-14 -2.275957e-15 1 1.412056e-14 -2.275957e-15 1 1.412056e-14 -2.275957e-15 1 1.412056e-14 -2.275957e-15 1 1.412056e-14 -2.275957e-15 1 1.412056e-14 -2.275957e-15 1 1.412056e-14 -2.275957e-15 1 1.412056e-14 -2.275957e-15 1 1.412056e-14 -2.275957e-15 1 1.412056e-14 -2.275957e-15 1 1.412056e-14 -2.275957e-15 1 1.412056e-14 -2.275957e-15 1 1.412056e-14 -2.275957e-15 1 1.412056e-14 -2.275957e-15 1 1.412056e-14 0 0 0 0 0 0 0 0 0 0 0 0 0 0 0 0 0 0 0 0 0 0 0 0 0 0 0 0 0 0 0 0 0 0 0 0 0 0 0 0 0 0 0 0 0 0 0 0</float_array>
                    <technique_common>
                        <accessor count="48" source="#ID368" stride="3">
                            <param name="X" type="float" />
                            <param name="Y" type="float" />
                            <param name="Z" type="float" />
                        </accessor>
                    </technique_common>
                </source>
                <source id="ID365">
                    <Name_array id="ID369" count="0" />
                    <technique_common>
                        <accessor count="0" source="#ID369" stride="1">
                            <param name="skp_material" type="Name" />
                        </accessor>
                    </technique_common>
                </source>
                <vertices id="ID366">
                    <input semantic="POSITION" source="#ID363" />
                    <input semantic="NORMAL" source="#ID364" />
                </vertices>
                <triangles count="28" material="Material2">
                    <input offset="0" semantic="VERTEX" source="#ID366" />
                    <p>0 1 2 1 0 3 3 0 4 3 4 5 5 4 6 5 6 7 7 6 8 7 8 9 9 8 10 9 10 11 9 11 12 12 11 13 12 13 14 12 14 15 16 17 18 17 19 18 19 20 18 18 20 21 20 22 21 22 23 21 21 23 24 23 25 24 24 25 26 25 27 26 26 27 28 27 29 28 28 29 30 31 30 29</p>
                </triangles>
                <lines count="16" material="Material3">
                    <input offset="0" semantic="VERTEX" source="#ID366" />
                    <p>32 33 33 34 34 35 35 36 36 37 37 38 38 39 39 40 40 41 41 42 42 43 43 44 44 45 45 46 47 46 32 47</p>
                </lines>
            </mesh>
        </geometry>
        <geometry id="ID370">
            <mesh>
                <source id="ID373">
                    <float_array id="ID377" count="171">11.13502 2.131628e-14 0.4088908 8.733966 5.329071e-15 0.4813189 10.33255 -8.881784e-15 0.3925176 11.44178 -1.776357e-15 0.7859306 9.775766 5.329071e-15 0.6931005 8.106463 0 0.692435 8.578913 -7.105427e-15 0.8216635 7.087275 8.881784e-15 1.407209 7.501445 -5.329071e-15 1.506865 5.512571 -1.24345e-14 1.651587 6.203161 1.776357e-15 1.347096 6.504403 -2.664535e-14 1.911264 4.471675 0 1.870336 3.844488 8.881784e-15 2.143539 5.465439 1.776357e-14 2.056262 4.323641 2.131628e-14 2.407671 3.834377 1.065814e-14 2.529645 3.991541 2.131628e-14 2.686171 3.997122 0 2.69173 3.997122 0 2.69173 4.323641 2.131628e-14 2.407671 3.991541 2.131628e-14 2.686171 3.834377 1.065814e-14 2.529645 3.844488 8.881784e-15 2.143539 5.465439 1.776357e-14 2.056262 6.504403 -2.664535e-14 1.911264 4.471675 0 1.870336 5.512571 -1.24345e-14 1.651587 7.501445 -5.329071e-15 1.506865 7.087275 8.881784e-15 1.407209 6.203161 1.776357e-15 1.347096 8.578913 -7.105427e-15 0.8216635 9.775766 5.329071e-15 0.6931005 8.106463 0 0.692435 8.733966 5.329071e-15 0.4813189 11.44178 -1.776357e-15 0.7859306 11.13502 2.131628e-14 0.4088908 10.33255 -8.881784e-15 0.3925176 11.44178 -1.776357e-15 0.7859306 9.775766 5.329071e-15 0.6931005 8.578913 -7.105427e-15 0.8216635 7.501445 -5.329071e-15 1.506865 6.504403 -2.664535e-14 1.911264 5.465439 1.776357e-14 2.056262 4.323641 2.131628e-14 2.407671 3.997122 0 2.69173 3.991541 2.131628e-14 2.686171 3.834377 1.065814e-14 2.529645 3.844488 8.881784e-15 2.143539 4.471675 0 1.870336 5.512571 -1.24345e-14 1.651587 6.203161 1.776357e-15 1.347096 7.087275 8.881784e-15 1.407209 8.106463 0 0.692435 8.733966 5.329071e-15 0.4813189 10.33255 -8.881784e-15 0.3925176 11.13502 2.131628e-14 0.4088908</float_array>
                    <technique_common>
                        <accessor count="57" source="#ID377" stride="3">
                            <param name="X" type="float" />
                            <param name="Y" type="float" />
                            <param name="Z" type="float" />
                        </accessor>
                    </technique_common>
                </source>
                <source id="ID374">
                    <float_array id="ID378" count="171">0 -1 -1.128386e-15 0 -1 -1.128386e-15 0 -1 -1.128386e-15 0 -1 -1.128386e-15 0 -1 -1.128386e-15 0 -1 -1.128386e-15 0 -1 -1.128386e-15 0 -1 -1.128386e-15 0 -1 -1.128386e-15 0 -1 -1.128386e-15 0 -1 -1.128386e-15 0 -1 -1.128386e-15 0 -1 -1.128386e-15 0 -1 -1.128386e-15 0 -1 -1.128386e-15 0 -1 -1.128386e-15 0 -1 -1.128386e-15 0 -1 -1.128386e-15 0 -1 -1.128386e-15 -0 1 1.128386e-15 -0 1 1.128386e-15 -0 1 1.128386e-15 -0 1 1.128386e-15 -0 1 1.128386e-15 -0 1 1.128386e-15 -0 1 1.128386e-15 -0 1 1.128386e-15 -0 1 1.128386e-15 -0 1 1.128386e-15 -0 1 1.128386e-15 -0 1 1.128386e-15 -0 1 1.128386e-15 -0 1 1.128386e-15 -0 1 1.128386e-15 -0 1 1.128386e-15 -0 1 1.128386e-15 -0 1 1.128386e-15 -0 1 1.128386e-15 0 0 0 0 0 0 0 0 0 0 0 0 0 0 0 0 0 0 0 0 0 0 0 0 0 0 0 0 0 0 0 0 0 0 0 0 0 0 0 0 0 0 0 0 0 0 0 0 0 0 0 0 0 0 0 0 0</float_array>
                    <technique_common>
                        <accessor count="57" source="#ID378" stride="3">
                            <param name="X" type="float" />
                            <param name="Y" type="float" />
                            <param name="Z" type="float" />
                        </accessor>
                    </technique_common>
                </source>
                <source id="ID375">
                    <Name_array id="ID379" count="0" />
                    <technique_common>
                        <accessor count="0" source="#ID379" stride="1">
                            <param name="skp_material" type="Name" />
                        </accessor>
                    </technique_common>
                </source>
                <vertices id="ID376">
                    <input semantic="POSITION" source="#ID373" />
                    <input semantic="NORMAL" source="#ID374" />
                </vertices>
                <triangles count="17" material="Material3">
                    <input offset="0" semantic="VERTEX" source="#ID376" />
                    <p>0 1 2 1 0 3 1 3 4 1 4 5 5 6 7 6 5 4 7 6 8 7 9 10 9 7 8 9 8 11 9 11 12 12 11 13 13 11 14 13 14 15 13 15 16 16 15 17 17 15 18</p>
                </triangles>
                <triangles count="17" material="Material2">
                    <input offset="0" semantic="VERTEX" source="#ID376" />
                    <p>19 20 21 21 20 22 22 20 23 20 24 23 24 25 23 23 25 26 26 25 27 25 28 27 28 29 27 30 27 29 28 31 29 32 33 31 29 31 33 33 32 34 32 35 34 35 36 34 37 34 36</p>
                </triangles>
                <lines count="19" material="Material4">
                    <input offset="0" semantic="VERTEX" source="#ID376" />
                    <p>38 39 39 40 40 41 41 42 42 43 43 44 44 45 46 45 47 46 48 47 48 49 49 50 50 51 51 52 52 53 53 54 54 55 55 56 56 38</p>
                </lines>
            </mesh>
        </geometry>
        <geometry id="ID380">
            <mesh>
                <source id="ID381">
                    <float_array id="ID385" count="171">11.44178 -1.776357e-15 0.7859306 8.578913 -7.105427e-15 0.8216635 9.775766 5.329071e-15 0.6931005 11.76008 1.953993e-14 1.187874 7.501445 -5.329071e-15 1.506865 12.61427 -1.776357e-14 1.527202 6.504403 -2.664535e-14 1.911264 12.48763 -8.881784e-15 1.687144 12.11893 1.421085e-14 1.924854 5.465439 1.776357e-14 2.056262 11.15949 7.105427e-15 2.275724 4.323641 2.131628e-14 2.407671 9.641492 1.421085e-14 3.425787 3.997122 0 2.69173 5.879607 -7.105427e-15 3.380092 9.163178 7.105427e-15 3.611086 9.406075 -1.421085e-14 3.748228 4.19698 0 3.72658 4.088026 0 3.843469 5.879607 -7.105427e-15 3.380092 3.997122 0 2.69173 4.19698 0 3.72658 4.088026 0 3.843469 9.406075 -1.421085e-14 3.748228 9.641492 1.421085e-14 3.425787 9.163178 7.105427e-15 3.611086 4.323641 2.131628e-14 2.407671 11.15949 7.105427e-15 2.275724 5.465439 1.776357e-14 2.056262 12.11893 1.421085e-14 1.924854 6.504403 -2.664535e-14 1.911264 12.48763 -8.881784e-15 1.687144 12.61427 -1.776357e-14 1.527202 7.501445 -5.329071e-15 1.506865 11.76008 1.953993e-14 1.187874 8.578913 -7.105427e-15 0.8216635 11.44178 -1.776357e-15 0.7859306 9.775766 5.329071e-15 0.6931005 3.997122 0 2.69173 4.088026 0 3.843469 4.323641 2.131628e-14 2.407671 5.465439 1.776357e-14 2.056262 6.504403 -2.664535e-14 1.911264 7.501445 -5.329071e-15 1.506865 8.578913 -7.105427e-15 0.8216635 9.775766 5.329071e-15 0.6931005 11.44178 -1.776357e-15 0.7859306 11.76008 1.953993e-14 1.187874 12.61427 -1.776357e-14 1.527202 12.48763 -8.881784e-15 1.687144 12.11893 1.421085e-14 1.924854 11.15949 7.105427e-15 2.275724 9.641492 1.421085e-14 3.425787 9.406075 -1.421085e-14 3.748228 9.163178 7.105427e-15 3.611086 5.879607 -7.105427e-15 3.380092 4.19698 0 3.72658</float_array>
                    <technique_common>
                        <accessor count="57" source="#ID385" stride="3">
                            <param name="X" type="float" />
                            <param name="Y" type="float" />
                            <param name="Z" type="float" />
                        </accessor>
                    </technique_common>
                </source>
                <source id="ID382">
                    <float_array id="ID386" count="171">0 -1 -1.166534e-15 0 -1 -1.166534e-15 0 -1 -1.166534e-15 0 -1 -1.166534e-15 0 -1 -1.166534e-15 0 -1 -1.166534e-15 0 -1 -1.166534e-15 0 -1 -1.166534e-15 0 -1 -1.166534e-15 0 -1 -1.166534e-15 0 -1 -1.166534e-15 0 -1 -1.166534e-15 0 -1 -1.166534e-15 0 -1 -1.166534e-15 0 -1 -1.166534e-15 0 -1 -1.166534e-15 0 -1 -1.166534e-15 0 -1 -1.166534e-15 0 -1 -1.166534e-15 -0 1 1.166534e-15 -0 1 1.166534e-15 -0 1 1.166534e-15 -0 1 1.166534e-15 -0 1 1.166534e-15 -0 1 1.166534e-15 -0 1 1.166534e-15 -0 1 1.166534e-15 -0 1 1.166534e-15 -0 1 1.166534e-15 -0 1 1.166534e-15 -0 1 1.166534e-15 -0 1 1.166534e-15 -0 1 1.166534e-15 -0 1 1.166534e-15 -0 1 1.166534e-15 -0 1 1.166534e-15 -0 1 1.166534e-15 -0 1 1.166534e-15 0 0 0 0 0 0 0 0 0 0 0 0 0 0 0 0 0 0 0 0 0 0 0 0 0 0 0 0 0 0 0 0 0 0 0 0 0 0 0 0 0 0 0 0 0 0 0 0 0 0 0 0 0 0 0 0 0</float_array>
                    <technique_common>
                        <accessor count="57" source="#ID386" stride="3">
                            <param name="X" type="float" />
                            <param name="Y" type="float" />
                            <param name="Z" type="float" />
                        </accessor>
                    </technique_common>
                </source>
                <source id="ID383">
                    <Name_array id="ID387" count="0" />
                    <technique_common>
                        <accessor count="0" source="#ID387" stride="1">
                            <param name="skp_material" type="Name" />
                        </accessor>
                    </technique_common>
                </source>
                <vertices id="ID384">
                    <input semantic="POSITION" source="#ID381" />
                    <input semantic="NORMAL" source="#ID382" />
                </vertices>
                <triangles count="34" material="Material2">
                    <input offset="0" semantic="VERTEX" source="#ID384" />
                    <p>0 1 2 1 0 3 1 3 4 4 3 5 4 5 6 6 5 7 6 7 8 6 8 9 9 8 10 9 10 11 11 10 12 11 12 13 13 12 14 14 12 15 15 12 16 13 17 18 17 13 14 19 20 21 22 21 20 23 24 25 25 24 19 19 24 20 20 24 26 24 27 26 26 27 28 27 29 28 28 29 30 29 31 30 31 32 30 30 32 33 32 34 33 33 34 35 34 36 35 37 35 36</p>
                </triangles>
                <lines count="19" material="Material3">
                    <input offset="0" semantic="VERTEX" source="#ID384" />
                    <p>38 39 40 38 41 40 42 41 43 42 44 43 45 44 46 45 46 47 47 48 49 48 50 49 51 50 51 52 53 52 54 53 55 54 56 55 39 56</p>
                </lines>
            </mesh>
        </geometry>
        <geometry id="ID388">
            <mesh>
                <source id="ID391">
                    <float_array id="ID395" count="1269">2.272784 -7.105427e-15 3.950674 1.753746 0 3.861656 2.096507 0 3.68362 1.410984 0 4.039697 2.223818 1.421085e-14 4.415557 0.3533212 1.598721e-14 4.425451 2.262991 7.105427e-15 5.167283 9.163178 7.105427e-15 3.611086 4.19698 0 3.72658 5.879607 -7.105427e-15 3.380092 9.406075 -1.421085e-14 3.748228 4.088026 0 3.843469 9.619138 -5.329071e-15 3.874208 3.886593 7.105427e-15 4.073077 9.620593 -1.24345e-14 3.875078 9.474231 0 5.955324 3.968273 1.421085e-14 4.452564 3.968273 -5.329071e-15 5.690032 3.645733 2.131628e-14 7.176509 8.181231 -5.329071e-15 7.712111 4.017283 7.105427e-15 9.336427 8.658411 -5.329071e-15 9.111319 8.904695 -1.953993e-14 10.30842 4.344005 -1.421085e-14 12.53734 9.011912 -2.309264e-14 12.1529 9.22704 -2.309264e-14 17.08244 4.51958 -5.329071e-15 15.01851 4.51958 -5.329071e-15 16.23321 4.677307 -1.24345e-14 16.96998 3.947821 -1.776357e-14 19.20023 9.155327 -1.421085e-14 17.46021 9.216429 -1.065814e-14 20.6584 3.812994 -1.953993e-14 20.76948 8.669791 -7.105427e-15 24.72655 2.526104 -2.842171e-14 24.94335 6.082829 1.421085e-14 25.70164 6.875473 7.105427e-15 25.98152 7.629168 2.842171e-14 26.88064 7.853949 3.730349e-14 28.04422 7.871563 3.552714e-14 28.66372 7.687874 3.552714e-14 30.43655 6.267934 1.421085e-14 25.82063 7.007702 -1.24345e-14 26.17986 7.457264 1.421085e-14 26.78808 7.687874 7.81597e-14 30.31921 5.36881 1.776357e-15 28.10812 4.66801 -1.421085e-14 28.31969 4.363914 1.421085e-14 28.16101 5.580372 1.776357e-15 28.92791 4.958924 5.684342e-14 28.9147 5.091134 3.730349e-14 29.48326 5.593582 1.421085e-14 29.6287 5.276257 -1.776357e-15 29.99893 5.434924 4.973799e-14 30.11793 5.952162 1.598721e-14 33.80285 4.21015 0 33.86179 1.17438 1.24345e-14 33.80339 5.972463 1.776357e-15 34.03521 5.831592 8.881784e-15 25.78097 0.8298935 -2.4869e-14 28.75344 4.87959 5.151435e-14 26.54787 5.752258 5.861978e-14 26.09832 4.720905 2.131628e-14 26.65365 4.734125 7.105427e-15 26.97099 4.099457 4.263256e-14 28.20067 4.046562 3.552714e-14 28.41223 4.218466 2.309264e-14 29.44359 0.1252596 -2.664535e-14 29.5799 4.53393 7.283063e-14 30.42587 -0.1702325 -2.842171e-14 29.83244 -5.809423 4.263256e-14 30.40272 -6.047432 8.881784e-15 31.53985 5.111489 1.421085e-14 32.02813 -6.696317 0 32.55276 5.608772 1.598721e-14 32.5838 -6.563567 3.019807e-14 32.59922 -6.649764 1.598721e-14 32.87501 -6.860559 1.421085e-14 33.1674 -2.853848 2.4869e-14 34.27044 -5.305831 2.309264e-14 34.73748 -6.815177 1.776357e-14 35.20587 -6.764311 2.4869e-14 32.84121 -0.6943361 -1.421085e-14 26.15678 -5.656707 8.881784e-15 27.07374 -5.667443 1.598721e-14 27.07011 -5.635414 1.598721e-14 27.08346 -5.606721 3.907985e-14 27.09753 -5.573784 1.776357e-14 27.11422 -5.539758 2.131628e-14 27.13177 -5.5078 2.131628e-14 27.14846 -5.481065 4.263256e-14 27.16254 -5.46271 4.440892e-14 27.17226 -5.45589 7.105427e-15 27.17588 -0.511184 -1.421085e-14 29.80947 -5.402995 7.105427e-15 27.37422 -5.415794 2.309264e-14 27.39632 -5.548443 3.552714e-14 27.62546 -5.865777 4.263256e-14 27.74445 -5.663966 3.907985e-14 27.90368 -5.518527 4.618528e-14 28.07558 -5.637537 3.730349e-14 28.49869 -5.637537 3.730349e-14 29.23915 -5.901984 3.730349e-14 27.93012 -6.126756 3.019807e-14 28.11524 7.280421 2.309264e-14 26.95907 6.531701 7.105427e-15 26.06084 6.50332 5.329071e-15 26.34833 6.716807 7.105427e-15 25.98152 5.85803 -3.552714e-15 26.58753 5.051476 1.421085e-14 26.57431 6.016715 2.842171e-14 27.67178 6.287772 7.105427e-15 27.75111 6.287772 7.105427e-15 28.43207 -1.976706 8.881784e-15 3.848544 -2.902009 8.881784e-15 5.610387 -2.484874 3.552714e-15 3.620074 -0.7043413 8.881784e-15 4.326539 2.5372 -7.105427e-15 5.859658 -2.628715 1.776357e-15 6.787146 2.561504 -7.105427e-15 6.31826 1.095049 -5.329071e-15 14.11622 -2.786939 7.105427e-15 7.731451 -4.191176 -1.065814e-14 14.96231 0.4081949 -1.953993e-14 15.75824 -4.268113 -7.105427e-15 15.81706 0.2387368 -2.131628e-14 17.29862 -4.545079 -2.131628e-14 16.67181 -4.575855 1.776357e-15 17.26237 -4.998681 -5.329071e-15 18.6147 -0.08477604 -7.105427e-15 18.13883 -0.007749817 -5.329071e-15 19.63253 -5.188095 -7.105427e-15 21.0252 -0.1901816 -2.842171e-14 21.43261 -5.559867 -2.309264e-14 22.44102 -0.5339148 -1.421085e-14 23.24364 -5.805204 -1.065814e-14 24.53597 -0.5339148 -1.421085e-14 23.97828 -0.6930263 -2.842171e-14 26.04445 -6.365105 1.776357e-14 27.18114 -6.037681 8.881784e-15 27.17588 -6.160322 3.552714e-14 27.2491 -6.160322 3.552714e-14 27.2491 -6.037681 8.881784e-15 27.17588 -6.365105 1.776357e-14 27.18114 -5.667443 1.598721e-14 27.07011 -0.6943361 -1.421085e-14 26.15678 -0.6930263 -2.842171e-14 26.04445 -5.805204 -1.065814e-14 24.53597 -0.5339148 -1.421085e-14 23.97828 -0.5339148 -1.421085e-14 23.24364 -5.559867 -2.309264e-14 22.44102 -0.1901816 -2.842171e-14 21.43261 -5.188095 -7.105427e-15 21.0252 -0.007749817 -5.329071e-15 19.63253 -4.998681 -5.329071e-15 18.6147 -0.08477604 -7.105427e-15 18.13883 0.2387368 -2.131628e-14 17.29862 -4.575855 1.776357e-15 17.26237 -4.545079 -2.131628e-14 16.67181 -4.268113 -7.105427e-15 15.81706 0.4081949 -1.953993e-14 15.75824 -4.191176 -1.065814e-14 14.96231 1.095049 -5.329071e-15 14.11622 -2.786939 7.105427e-15 7.731451 -2.628715 1.776357e-15 6.787146 2.561504 -7.105427e-15 6.31826 2.5372 -7.105427e-15 5.859658 -2.902009 8.881784e-15 5.610387 2.262991 7.105427e-15 5.167283 0.3533212 1.598721e-14 4.425451 -0.7043413 8.881784e-15 4.326539 -1.976706 8.881784e-15 3.848544 -2.484874 3.552714e-15 3.620074 6.287772 7.105427e-15 28.43207 6.287772 7.105427e-15 27.75111 6.016715 2.842171e-14 27.67178 5.85803 -3.552714e-15 26.58753 5.051476 1.421085e-14 26.57431 4.87959 5.151435e-14 26.54787 5.752258 5.861978e-14 26.09832 6.875473 7.105427e-15 25.98152 6.267934 1.421085e-14 25.82063 6.716807 7.105427e-15 25.98152 6.531701 7.105427e-15 26.06084 6.50332 5.329071e-15 26.34833 7.457264 1.421085e-14 26.78808 7.007702 -1.24345e-14 26.17986 7.280421 2.309264e-14 26.95907 -5.663966 3.907985e-14 27.90368 -5.865777 4.263256e-14 27.74445 -5.901984 3.730349e-14 27.93012 -6.126756 3.019807e-14 28.11524 -0.1702325 -2.842171e-14 29.83244 -0.511184 -1.421085e-14 29.80947 -5.809423 4.263256e-14 30.40272 -5.637537 3.730349e-14 29.23915 -5.637537 3.730349e-14 28.49869 -5.518527 4.618528e-14 28.07558 -5.548443 3.552714e-14 27.62546 -5.415794 2.309264e-14 27.39632 -5.402995 7.105427e-15 27.37422 -5.45589 7.105427e-15 27.17588 -5.46271 4.440892e-14 27.17226 -5.481065 4.263256e-14 27.16254 -5.5078 2.131628e-14 27.14846 -5.539758 2.131628e-14 27.13177 -5.573784 1.776357e-14 27.11422 -5.606721 3.907985e-14 27.09753 -5.635414 1.598721e-14 27.08346 -5.656707 8.881784e-15 27.07374 -6.649764 1.598721e-14 32.87501 -6.764311 2.4869e-14 32.84121 -6.860559 1.421085e-14 33.1674 -6.815177 1.776357e-14 35.20587 -5.305831 2.309264e-14 34.73748 -2.853848 2.4869e-14 34.27044 1.17438 1.24345e-14 33.80339 5.952162 1.598721e-14 33.80285 -6.563567 3.019807e-14 32.59922 5.608772 1.598721e-14 32.5838 -6.696317 0 32.55276 5.111489 1.421085e-14 32.02813 -6.047432 8.881784e-15 31.53985 4.53393 7.283063e-14 30.42587 0.1252596 -2.664535e-14 29.5799 4.218466 2.309264e-14 29.44359 0.8298935 -2.4869e-14 28.75344 4.046562 3.552714e-14 28.41223 4.099457 4.263256e-14 28.20067 5.36881 1.776357e-15 28.10812 4.734125 7.105427e-15 26.97099 4.363914 1.421085e-14 28.16101 4.720905 2.131628e-14 26.65365 5.831592 8.881784e-15 25.78097 6.082829 1.421085e-14 25.70164 2.526104 -2.842171e-14 24.94335 5.972463 1.776357e-15 34.03521 4.21015 0 33.86179 5.434924 4.973799e-14 30.11793 5.593582 1.421085e-14 29.6287 5.276257 -1.776357e-15 29.99893 5.091134 3.730349e-14 29.48326 5.580372 1.776357e-15 28.92791 4.958924 5.684342e-14 28.9147 4.66801 -1.421085e-14 28.31969 7.687874 7.81597e-14 30.31921 7.687874 3.552714e-14 30.43655 7.871563 3.552714e-14 28.66372 7.629168 2.842171e-14 26.88064 8.669791 -7.105427e-15 24.72655 7.853949 3.730349e-14 28.04422 3.812994 -1.953993e-14 20.76948 9.216429 -1.065814e-14 20.6584 3.947821 -1.776357e-14 19.20023 9.155327 -1.421085e-14 17.46021 9.22704 -2.309264e-14 17.08244 4.677307 -1.24345e-14 16.96998 4.51958 -5.329071e-15 16.23321 4.51958 -5.329071e-15 15.01851 4.344005 -1.421085e-14 12.53734 9.011912 -2.309264e-14 12.1529 8.904695 -1.953993e-14 10.30842 4.017283 7.105427e-15 9.336427 8.658411 -5.329071e-15 9.111319 8.181231 -5.329071e-15 7.712111 3.645733 2.131628e-14 7.176509 9.474231 0 5.955324 3.968273 -5.329071e-15 5.690032 3.968273 1.421085e-14 4.452564 3.886593 7.105427e-15 4.073077 9.620593 -1.24345e-14 3.875078 9.619138 -5.329071e-15 3.874208 4.088026 0 3.843469 9.406075 -1.421085e-14 3.748228 4.19698 0 3.72658 9.163178 7.105427e-15 3.611086 5.879607 -7.105427e-15 3.380092 2.223818 1.421085e-14 4.415557 1.410984 0 4.039697 2.272784 -7.105427e-15 3.950674 1.753746 0 3.861656 2.096507 0 3.68362 9.619138 -5.329071e-15 3.874208 9.406075 -1.421085e-14 3.748228 9.620593 -1.24345e-14 3.875078 9.474231 0 5.955324 8.181231 -5.329071e-15 7.712111 8.658411 -5.329071e-15 9.111319 8.904695 -1.953993e-14 10.30842 9.011912 -2.309264e-14 12.1529 9.22704 -2.309264e-14 17.08244 9.155327 -1.421085e-14 17.46021 9.216429 -1.065814e-14 20.6584 8.669791 -7.105427e-15 24.72655 7.687874 3.552714e-14 30.43655 7.687874 7.81597e-14 30.31921 7.871563 3.552714e-14 28.66372 7.853949 3.730349e-14 28.04422 7.629168 2.842171e-14 26.88064 7.457264 1.421085e-14 26.78808 7.280421 2.309264e-14 26.95907 7.007702 -1.24345e-14 26.17986 6.875473 7.105427e-15 25.98152 6.716807 7.105427e-15 25.98152 6.531701 7.105427e-15 26.06084 6.50332 5.329071e-15 26.34833 6.267934 1.421085e-14 25.82063 6.082829 1.421085e-14 25.70164 5.831592 8.881784e-15 25.78097 5.752258 5.861978e-14 26.09832 5.85803 -3.552714e-15 26.58753 6.287772 7.105427e-15 27.75111 6.287772 7.105427e-15 28.43207 6.016715 2.842171e-14 27.67178 5.051476 1.421085e-14 26.57431 4.87959 5.151435e-14 26.54787 4.720905 2.131628e-14 26.65365 4.734125 7.105427e-15 26.97099 5.36881 1.776357e-15 28.10812 5.580372 1.776357e-15 28.92791 5.593582 1.421085e-14 29.6287 5.434924 4.973799e-14 30.11793 5.276257 -1.776357e-15 29.99893 5.091134 3.730349e-14 29.48326 4.958924 5.684342e-14 28.9147 4.66801 -1.421085e-14 28.31969 4.363914 1.421085e-14 28.16101 4.099457 4.263256e-14 28.20067 4.046562 3.552714e-14 28.41223 4.218466 2.309264e-14 29.44359 4.53393 7.283063e-14 30.42587 5.111489 1.421085e-14 32.02813 5.608772 1.598721e-14 32.5838 5.952162 1.598721e-14 33.80285 5.972463 1.776357e-15 34.03521 4.21015 0 33.86179 1.17438 1.24345e-14 33.80339 -2.853848 2.4869e-14 34.27044 -5.305831 2.309264e-14 34.73748 -6.815177 1.776357e-14 35.20587 -6.860559 1.421085e-14 33.1674 -6.764311 2.4869e-14 32.84121 -6.649764 1.598721e-14 32.87501 -6.563567 3.019807e-14 32.59922 -6.696317 0 32.55276 -6.047432 8.881784e-15 31.53985 -5.809423 4.263256e-14 30.40272 -5.637537 3.730349e-14 29.23915 -5.637537 3.730349e-14 28.49869 -5.518527 4.618528e-14 28.07558 -5.663966 3.907985e-14 27.90368 -5.901984 3.730349e-14 27.93012 -6.126756 3.019807e-14 28.11524 -5.865777 4.263256e-14 27.74445 -5.548443 3.552714e-14 27.62546 -5.415794 2.309264e-14 27.39632 -5.402995 7.105427e-15 27.37422 -5.45589 7.105427e-15 27.17588 -5.46271 4.440892e-14 27.17226 -5.481065 4.263256e-14 27.16254 -5.5078 2.131628e-14 27.14846 -5.539758 2.131628e-14 27.13177 -5.573784 1.776357e-14 27.11422 -5.606721 3.907985e-14 27.09753 -5.635414 1.598721e-14 27.08346 -5.656707 8.881784e-15 27.07374 -5.667443 1.598721e-14 27.07011 -6.037681 8.881784e-15 27.17588 -6.160322 3.552714e-14 27.2491 -6.365105 1.776357e-14 27.18114 -5.805204 -1.065814e-14 24.53597 -5.559867 -2.309264e-14 22.44102 -5.188095 -7.105427e-15 21.0252 -4.998681 -5.329071e-15 18.6147 -4.575855 1.776357e-15 17.26237 -4.545079 -2.131628e-14 16.67181 -4.268113 -7.105427e-15 15.81706 -4.191176 -1.065814e-14 14.96231 -2.786939 7.105427e-15 7.731451 -2.628715 1.776357e-15 6.787146 -2.902009 8.881784e-15 5.610387 -2.484874 3.552714e-15 3.620074 -1.976706 8.881784e-15 3.848544 -0.7043413 8.881784e-15 4.326539 0.3533212 1.598721e-14 4.425451 1.410984 0 4.039697 1.753746 0 3.861656 2.096507 0 3.68362 2.272784 -7.105427e-15 3.950674 2.223818 1.421085e-14 4.415557 2.262991 7.105427e-15 5.167283 2.5372 -7.105427e-15 5.859658 2.561504 -7.105427e-15 6.31826 1.095049 -5.329071e-15 14.11622 0.4081949 -1.953993e-14 15.75824 0.2387368 -2.131628e-14 17.29862 -0.08477604 -7.105427e-15 18.13883 -0.007749817 -5.329071e-15 19.63253 -0.1901816 -2.842171e-14 21.43261 -0.5339148 -1.421085e-14 23.24364 -0.5339148 -1.421085e-14 23.97828 -0.6930263 -2.842171e-14 26.04445 -0.6943361 -1.421085e-14 26.15678 -0.511184 -1.421085e-14 29.80947 -0.1702325 -2.842171e-14 29.83244 0.1252596 -2.664535e-14 29.5799 0.8298935 -2.4869e-14 28.75344 2.526104 -2.842171e-14 24.94335 3.812994 -1.953993e-14 20.76948 3.947821 -1.776357e-14 19.20023 4.677307 -1.24345e-14 16.96998 4.51958 -5.329071e-15 16.23321 4.51958 -5.329071e-15 15.01851 4.344005 -1.421085e-14 12.53734 4.017283 7.105427e-15 9.336427 3.645733 2.131628e-14 7.176509 3.968273 -5.329071e-15 5.690032 3.968273 1.421085e-14 4.452564 3.886593 7.105427e-15 4.073077 4.088026 0 3.843469 4.19698 0 3.72658 5.879607 -7.105427e-15 3.380092 9.163178 7.105427e-15 3.611086</float_array>
                    <technique_common>
                        <accessor count="423" source="#ID395" stride="3">
                            <param name="X" type="float" />
                            <param name="Y" type="float" />
                            <param name="Z" type="float" />
                        </accessor>
                    </technique_common>
                </source>
                <source id="ID392">
                    <float_array id="ID396" count="1269">0 -1 7.883194e-16 0 -1 7.883194e-16 0 -1 7.883194e-16 0 -1 7.883194e-16 0 -1 7.883194e-16 0 -1 7.883194e-16 0 -1 7.883194e-16 0 -1 7.883194e-16 0 -1 7.883194e-16 0 -1 7.883194e-16 0 -1 7.883194e-16 0 -1 7.883194e-16 0 -1 7.883194e-16 0 -1 7.883194e-16 0 -1 7.883194e-16 0 -1 7.883194e-16 0 -1 7.883194e-16 0 -1 7.883194e-16 0 -1 7.883194e-16 0 -1 7.883194e-16 0 -1 7.883194e-16 0 -1 7.883194e-16 0 -1 7.883194e-16 0 -1 7.883194e-16 0 -1 7.883194e-16 0 -1 7.883194e-16 0 -1 7.883194e-16 0 -1 7.883194e-16 0 -1 7.883194e-16 0 -1 7.883194e-16 0 -1 7.883194e-16 0 -1 7.883194e-16 0 -1 7.883194e-16 0 -1 7.883194e-16 0 -1 7.883194e-16 0 -1 7.883194e-16 0 -1 7.883194e-16 0 -1 7.883194e-16 0 -1 7.883194e-16 0 -1 7.883194e-16 0 -1 7.883194e-16 0 -1 7.883194e-16 0 -1 7.883194e-16 0 -1 7.883194e-16 0 -1 7.883194e-16 0 -1 7.883194e-16 0 -1 7.883194e-16 0 -1 7.883194e-16 0 -1 7.883194e-16 0 -1 7.883194e-16 0 -1 7.883194e-16 0 -1 7.883194e-16 0 -1 7.883194e-16 0 -1 7.883194e-16 0 -1 7.883194e-16 0 -1 7.883194e-16 0 -1 7.883194e-16 0 -1 7.883194e-16 0 -1 7.883194e-16 0 -1 7.883194e-16 0 -1 7.883194e-16 0 -1 7.883194e-16 0 -1 7.883194e-16 0 -1 7.883194e-16 0 -1 7.883194e-16 0 -1 7.883194e-16 0 -1 7.883194e-16 0 -1 7.883194e-16 0 -1 7.883194e-16 0 -1 7.883194e-16 0 -1 7.883194e-16 0 -1 7.883194e-16 0 -1 7.883194e-16 0 -1 7.883194e-16 0 -1 7.883194e-16 0 -1 7.883194e-16 0 -1 7.883194e-16 0 -1 7.883194e-16 0 -1 7.883194e-16 0 -1 7.883194e-16 0 -1 7.883194e-16 0 -1 7.883194e-16 0 -1 7.883194e-16 0 -1 7.883194e-16 0 -1 7.883194e-16 0 -1 7.883194e-16 0 -1 7.883194e-16 0 -1 7.883194e-16 0 -1 7.883194e-16 0 -1 7.883194e-16 0 -1 7.883194e-16 0 -1 7.883194e-16 0 -1 7.883194e-16 0 -1 7.883194e-16 0 -1 7.883194e-16 0 -1 7.883194e-16 0 -1 7.883194e-16 0 -1 7.883194e-16 0 -1 7.883194e-16 0 -1 7.883194e-16 0 -1 7.883194e-16 0 -1 7.883194e-16 0 -1 7.883194e-16 0 -1 7.883194e-16 0 -1 7.883194e-16 0 -1 7.883194e-16 0 -1 7.883194e-16 0 -1 7.883194e-16 0 -1 7.883194e-16 0 -1 7.883194e-16 0 -1 7.883194e-16 0 -1 7.883194e-16 0 -1 7.883194e-16 0 -1 7.883194e-16 0 -1 7.883194e-16 0 -1 7.883194e-16 0 -1 7.883194e-16 0 -1 7.883194e-16 0 -1 7.883194e-16 0 -1 7.883194e-16 0 -1 7.883194e-16 0 -1 7.883194e-16 0 -1 7.883194e-16 0 -1 7.883194e-16 0 -1 7.883194e-16 0 -1 7.883194e-16 0 -1 7.883194e-16 0 -1 7.883194e-16 0 -1 7.883194e-16 0 -1 7.883194e-16 0 -1 7.883194e-16 0 -1 7.883194e-16 0 -1 7.883194e-16 0 -1 7.883194e-16 0 -1 7.883194e-16 0 -1 7.883194e-16 0 -1 7.883194e-16 0 -1 7.883194e-16 0 -1 7.883194e-16 0 -1 7.883194e-16 0 -1 7.883194e-16 -0 1 -7.883194e-16 -0 1 -7.883194e-16 -0 1 -7.883194e-16 -0 1 -7.883194e-16 -0 1 -7.883194e-16 -0 1 -7.883194e-16 -0 1 -7.883194e-16 -0 1 -7.883194e-16 -0 1 -7.883194e-16 -0 1 -7.883194e-16 -0 1 -7.883194e-16 -0 1 -7.883194e-16 -0 1 -7.883194e-16 -0 1 -7.883194e-16 -0 1 -7.883194e-16 -0 1 -7.883194e-16 -0 1 -7.883194e-16 -0 1 -7.883194e-16 -0 1 -7.883194e-16 -0 1 -7.883194e-16 -0 1 -7.883194e-16 -0 1 -7.883194e-16 -0 1 -7.883194e-16 -0 1 -7.883194e-16 -0 1 -7.883194e-16 -0 1 -7.883194e-16 -0 1 -7.883194e-16 -0 1 -7.883194e-16 -0 1 -7.883194e-16 -0 1 -7.883194e-16 -0 1 -7.883194e-16 -0 1 -7.883194e-16 -0 1 -7.883194e-16 -0 1 -7.883194e-16 -0 1 -7.883194e-16 -0 1 -7.883194e-16 -0 1 -7.883194e-16 -0 1 -7.883194e-16 -0 1 -7.883194e-16 -0 1 -7.883194e-16 -0 1 -7.883194e-16 -0 1 -7.883194e-16 -0 1 -7.883194e-16 -0 1 -7.883194e-16 -0 1 -7.883194e-16 -0 1 -7.883194e-16 -0 1 -7.883194e-16 -0 1 -7.883194e-16 -0 1 -7.883194e-16 -0 1 -7.883194e-16 -0 1 -7.883194e-16 -0 1 -7.883194e-16 -0 1 -7.883194e-16 -0 1 -7.883194e-16 -0 1 -7.883194e-16 -0 1 -7.883194e-16 -0 1 -7.883194e-16 -0 1 -7.883194e-16 -0 1 -7.883194e-16 -0 1 -7.883194e-16 -0 1 -7.883194e-16 -0 1 -7.883194e-16 -0 1 -7.883194e-16 -0 1 -7.883194e-16 -0 1 -7.883194e-16 -0 1 -7.883194e-16 -0 1 -7.883194e-16 -0 1 -7.883194e-16 -0 1 -7.883194e-16 -0 1 -7.883194e-16 -0 1 -7.883194e-16 -0 1 -7.883194e-16 -0 1 -7.883194e-16 -0 1 -7.883194e-16 -0 1 -7.883194e-16 -0 1 -7.883194e-16 -0 1 -7.883194e-16 -0 1 -7.883194e-16 -0 1 -7.883194e-16 -0 1 -7.883194e-16 -0 1 -7.883194e-16 -0 1 -7.883194e-16 -0 1 -7.883194e-16 -0 1 -7.883194e-16 -0 1 -7.883194e-16 -0 1 -7.883194e-16 -0 1 -7.883194e-16 -0 1 -7.883194e-16 -0 1 -7.883194e-16 -0 1 -7.883194e-16 -0 1 -7.883194e-16 -0 1 -7.883194e-16 -0 1 -7.883194e-16 -0 1 -7.883194e-16 -0 1 -7.883194e-16 -0 1 -7.883194e-16 -0 1 -7.883194e-16 -0 1 -7.883194e-16 -0 1 -7.883194e-16 -0 1 -7.883194e-16 -0 1 -7.883194e-16 -0 1 -7.883194e-16 -0 1 -7.883194e-16 -0 1 -7.883194e-16 -0 1 -7.883194e-16 -0 1 -7.883194e-16 -0 1 -7.883194e-16 -0 1 -7.883194e-16 -0 1 -7.883194e-16 -0 1 -7.883194e-16 -0 1 -7.883194e-16 -0 1 -7.883194e-16 -0 1 -7.883194e-16 -0 1 -7.883194e-16 -0 1 -7.883194e-16 -0 1 -7.883194e-16 -0 1 -7.883194e-16 -0 1 -7.883194e-16 -0 1 -7.883194e-16 -0 1 -7.883194e-16 -0 1 -7.883194e-16 -0 1 -7.883194e-16 -0 1 -7.883194e-16 -0 1 -7.883194e-16 -0 1 -7.883194e-16 -0 1 -7.883194e-16 -0 1 -7.883194e-16 -0 1 -7.883194e-16 -0 1 -7.883194e-16 -0 1 -7.883194e-16 -0 1 -7.883194e-16 -0 1 -7.883194e-16 -0 1 -7.883194e-16 -0 1 -7.883194e-16 -0 1 -7.883194e-16 -0 1 -7.883194e-16 -0 1 -7.883194e-16 -0 1 -7.883194e-16 -0 1 -7.883194e-16 -0 1 -7.883194e-16 -0 1 -7.883194e-16 0 0 0 0 0 0 0 0 0 0 0 0 0 0 0 0 0 0 0 0 0 0 0 0 0 0 0 0 0 0 0 0 0 0 0 0 0 0 0 0 0 0 0 0 0 0 0 0 0 0 0 0 0 0 0 0 0 0 0 0 0 0 0 0 0 0 0 0 0 0 0 0 0 0 0 0 0 0 0 0 0 0 0 0 0 0 0 0 0 0 0 0 0 0 0 0 0 0 0 0 0 0 0 0 0 0 0 0 0 0 0 0 0 0 0 0 0 0 0 0 0 0 0 0 0 0 0 0 0 0 0 0 0 0 0 0 0 0 0 0 0 0 0 0 0 0 0 0 0 0 0 0 0 0 0 0 0 0 0 0 0 0 0 0 0 0 0 0 0 0 0 0 0 0 0 0 0 0 0 0 0 0 0 0 0 0 0 0 0 0 0 0 0 0 0 0 0 0 0 0 0 0 0 0 0 0 0 0 0 0 0 0 0 0 0 0 0 0 0 0 0 0 0 0 0 0 0 0 0 0 0 0 0 0 0 0 0 0 0 0 0 0 0 0 0 0 0 0 0 0 0 0 0 0 0 0 0 0 0 0 0 0 0 0 0 0 0 0 0 0 0 0 0 0 0 0 0 0 0 0 0 0 0 0 0 0 0 0 0 0 0 0 0 0 0 0 0 0 0 0 0 0 0 0 0 0 0 0 0 0 0 0 0 0 0 0 0 0 0 0 0 0 0 0 0 0 0 0 0 0 0 0 0 0 0 0 0 0 0 0 0 0 0 0 0 0 0 0 0 0 0 0 0 0 0 0 0 0 0 0 0 0 0 0 0 0 0 0 0 0 0 0 0 0 0 0 0 0 0 0 0 0 0 0 0 0 0 0 0 0 0 0 0 0 0 0 0 0 0 0 0 0 0 0 0 0 0 0 0 0 0 0 0 0 0 0 0 0 0 0 0 0 0</float_array>
                    <technique_common>
                        <accessor count="423" source="#ID396" stride="3">
                            <param name="X" type="float" />
                            <param name="Y" type="float" />
                            <param name="Z" type="float" />
                        </accessor>
                    </technique_common>
                </source>
                <source id="ID393">
                    <Name_array id="ID397" count="0" />
                    <technique_common>
                        <accessor count="0" source="#ID397" stride="1">
                            <param name="skp_material" type="Name" />
                        </accessor>
                    </technique_common>
                </source>
                <vertices id="ID394">
                    <input semantic="POSITION" source="#ID391" />
                    <input semantic="NORMAL" source="#ID392" />
                </vertices>
                <triangles count="278" material="Material2">
                    <input offset="0" semantic="VERTEX" source="#ID394" />
                    <p>0 1 2 1 0 3 3 0 4 3 4 5 5 4 6 7 8 9 8 7 10 8 10 11 11 10 12 11 12 13 13 12 14 13 14 15 13 15 16 16 15 17 17 15 18 18 15 19 18 19 20 20 19 21 20 21 22 20 22 23 23 22 24 23 24 25 23 25 26 26 25 27 27 25 28 28 25 29 29 25 30 29 30 31 29 31 32 32 31 33 32 33 34 34 33 35 35 33 36 36 33 37 37 33 38 38 33 39 39 33 40 35 36 41 36 37 42 42 37 43 39 40 44 45 46 47 46 45 48 46 48 49 49 48 50 50 48 51 50 51 52 52 51 53 54 55 56 55 54 57 34 58 59 58 34 35 59 58 60 60 58 61 59 60 62 59 62 63 59 63 64 64 63 47 47 63 45 59 64 65 59 65 66 59 66 67 67 66 68 67 68 69 69 68 70 70 68 71 71 68 72 71 72 73 73 72 74 73 74 75 75 74 54 75 54 76 76 54 77 77 54 56 77 56 78 77 78 79 77 79 80 77 81 76 82 83 84 83 82 85 85 82 86 86 82 87 87 82 88 88 82 89 89 82 90 90 82 91 91 82 92 92 82 93 92 93 94 94 93 95 95 93 96 96 93 97 97 93 98 98 93 99 99 93 100 100 93 101 101 93 70 70 93 69 97 102 103 102 97 98 104 42 43 41 105 106 105 41 107 107 41 36 108 60 61 60 108 109 109 108 110 110 108 111 110 111 112 113 114 115 114 113 116 114 116 5 114 5 6 114 6 117 114 117 118 118 117 119 118 119 120 118 120 121 121 120 122 122 120 123 122 123 124 124 123 125 124 125 126 126 125 127 127 125 128 128 125 129 128 129 130 128 130 131 131 130 132 131 132 133 133 132 134 133 134 135 135 134 136 135 136 137 135 137 138 138 137 82 138 82 84 138 84 139 138 139 140 141 142 143 142 144 143 144 145 143 145 146 143 143 146 147 146 148 147 148 149 147 147 149 150 149 151 150 150 151 152 151 153 152 152 153 154 153 155 154 155 156 154 154 156 157 157 156 158 158 156 159 156 160 159 159 160 161 160 162 161 161 162 163 163 162 164 162 165 164 165 166 164 164 166 167 166 168 167 168 169 167 169 170 167 170 171 167 172 167 171 173 174 175 174 176 175 175 176 177 177 176 178 179 178 176 180 181 182 182 181 183 184 183 181 185 186 187 188 189 190 191 190 189 192 193 194 194 193 195 195 193 196 196 193 197 197 193 188 188 193 189 189 193 198 198 193 199 199 193 200 200 193 201 193 145 201 201 145 202 202 145 203 203 145 204 204 145 205 205 145 206 206 145 207 207 145 208 208 145 209 144 209 145 210 211 212 213 214 212 214 215 212 215 216 212 216 217 212 212 217 210 210 217 218 217 219 218 218 219 220 219 221 220 220 221 222 221 223 222 222 223 194 194 223 192 192 223 224 223 225 224 224 225 226 225 227 226 227 228 226 229 230 231 231 230 228 228 230 226 230 232 226 232 178 226 179 233 178 178 233 226 234 235 233 226 233 235 236 217 237 216 237 217 238 239 240 240 239 241 239 242 241 241 242 243 243 242 244 242 229 244 231 244 229 245 246 247 185 248 186 186 248 180 181 180 234 246 249 247 247 249 250 250 249 248 248 249 180 180 249 234 234 249 235 235 249 251 249 252 251 251 252 253 252 254 253 254 255 253 253 255 256 256 255 257 257 255 258 258 255 259 255 260 259 260 261 259 259 261 262 261 263 262 263 264 262 262 264 265 264 266 265 265 266 267 267 266 268 268 266 269 266 270 269 270 271 269 269 271 272 271 273 272 272 273 274 273 275 274 276 274 275 168 277 169 169 277 278 277 279 278 278 279 280 281 280 279</p>
                </triangles>
                <lines count="141" material="Material3">
                    <input offset="0" semantic="VERTEX" source="#ID394" />
                    <p>282 283 284 282 285 284 286 285 287 286 288 287 289 288 290 289 291 290 292 291 293 292 294 293 294 295 295 296 296 297 297 298 298 299 299 300 301 300 302 301 303 302 304 303 305 304 306 305 307 306 308 307 309 308 310 309 311 310 312 311 313 312 314 313 315 314 316 315 317 316 318 317 319 318 320 319 321 320 322 321 323 322 324 323 325 324 326 325 327 326 328 327 329 328 330 329 331 330 332 331 333 332 334 333 335 334 336 335 337 336 338 337 339 338 340 339 341 340 341 342 342 343 343 344 345 344 346 345 347 346 348 347 349 348 350 349 351 350 352 351 352 353 353 354 354 355 355 356 356 357 357 358 358 359 359 360 360 361 361 362 362 363 363 364 364 365 365 366 366 367 367 368 368 369 369 370 370 371 371 372 372 373 373 374 374 375 375 376 376 377 377 378 378 379 379 380 380 381 381 382 382 383 383 384 384 385 385 386 386 387 387 388 388 389 389 390 390 391 391 392 392 393 393 394 394 395 395 396 396 397 397 398 398 399 399 400 400 401 401 402 402 403 403 404 404 405 405 406 406 407 407 408 408 409 409 410 410 411 411 412 412 413 413 414 414 415 415 416 416 417 417 418 418 419 419 420 420 421 421 422 422 283</p>
                </lines>
            </mesh>
        </geometry>
        <geometry id="ID398">
            <mesh>
                <source id="ID401">
                    <float_array id="ID405" count="261">11.07167 0 0.01747549 9.192679 1.065814e-14 0 10.77166 1.953993e-14 0 8.175129 1.421085e-14 0.2681476 11.90894 3.552714e-15 0.2175018 11.13502 2.131628e-14 0.4088908 12.7995 7.105427e-15 0.6267086 10.33255 -8.881784e-15 0.3925176 11.44178 -1.776357e-15 0.7859306 12.85793 2.131628e-14 1.014125 11.76008 1.953993e-14 1.187874 12.74092 7.105427e-15 1.36726 12.61427 -1.776357e-14 1.527202 7.748988 7.105427e-15 0.4548805 8.733966 5.329071e-15 0.4813189 8.106463 0 0.692435 7.34419 7.105427e-15 0.9488985 7.087275 8.881784e-15 1.407209 7.034751 -1.421085e-14 1.168366 6.203161 1.776357e-15 1.347096 3.888519 1.421085e-14 1.315747 3.725714 7.105427e-15 1.746305 5.512571 -1.24345e-14 1.651587 4.471675 0 1.870336 3.844488 8.881784e-15 2.143539 6.54272 1.421085e-14 0.8784383 4.638576 -7.105427e-15 1.016571 5.847643 8.881784e-15 0.8602371 6.801865 0 1.083112 7.034751 -1.421085e-14 1.168366 6.801865 0 1.083112 3.888519 1.421085e-14 1.315747 4.638576 -7.105427e-15 1.016571 6.54272 1.421085e-14 0.8784383 5.847643 8.881784e-15 0.8602371 3.844488 8.881784e-15 2.143539 4.471675 0 1.870336 3.725714 7.105427e-15 1.746305 5.512571 -1.24345e-14 1.651587 6.203161 1.776357e-15 1.347096 7.087275 8.881784e-15 1.407209 7.34419 7.105427e-15 0.9488985 8.106463 0 0.692435 7.748988 7.105427e-15 0.4548805 8.733966 5.329071e-15 0.4813189 10.33255 -8.881784e-15 0.3925176 8.175129 1.421085e-14 0.2681476 12.61427 -1.776357e-14 1.527202 12.74092 7.105427e-15 1.36726 11.76008 1.953993e-14 1.187874 12.85793 2.131628e-14 1.014125 11.44178 -1.776357e-15 0.7859306 12.7995 7.105427e-15 0.6267086 11.13502 2.131628e-14 0.4088908 11.90894 3.552714e-15 0.2175018 11.07167 0 0.01747549 9.192679 1.065814e-14 0 10.77166 1.953993e-14 0 11.07167 0 0.01747549 11.90894 3.552714e-15 0.2175018 12.7995 7.105427e-15 0.6267086 12.85793 2.131628e-14 1.014125 12.74092 7.105427e-15 1.36726 12.61427 -1.776357e-14 1.527202 11.76008 1.953993e-14 1.187874 11.44178 -1.776357e-15 0.7859306 11.13502 2.131628e-14 0.4088908 10.33255 -8.881784e-15 0.3925176 8.733966 5.329071e-15 0.4813189 8.106463 0 0.692435 7.087275 8.881784e-15 1.407209 6.203161 1.776357e-15 1.347096 5.512571 -1.24345e-14 1.651587 4.471675 0 1.870336 3.844488 8.881784e-15 2.143539 3.725714 7.105427e-15 1.746305 3.888519 1.421085e-14 1.315747 4.638576 -7.105427e-15 1.016571 5.847643 8.881784e-15 0.8602371 6.54272 1.421085e-14 0.8784383 6.801865 0 1.083112 7.034751 -1.421085e-14 1.168366 7.34419 7.105427e-15 0.9488985 7.748988 7.105427e-15 0.4548805 8.175129 1.421085e-14 0.2681476 9.192679 1.065814e-14 0 10.77166 1.953993e-14 0</float_array>
                    <technique_common>
                        <accessor count="87" source="#ID405" stride="3">
                            <param name="X" type="float" />
                            <param name="Y" type="float" />
                            <param name="Z" type="float" />
                        </accessor>
                    </technique_common>
                </source>
                <source id="ID402">
                    <float_array id="ID406" count="261">0 -1 -1.088773e-15 0 -1 -1.088773e-15 0 -1 -1.088773e-15 0 -1 -1.088773e-15 0 -1 -1.088773e-15 0 -1 -1.088773e-15 0 -1 -1.088773e-15 0 -1 -1.088773e-15 0 -1 -1.088773e-15 0 -1 -1.088773e-15 0 -1 -1.088773e-15 0 -1 -1.088773e-15 0 -1 -1.088773e-15 0 -1 -1.088773e-15 0 -1 -1.088773e-15 0 -1 -1.088773e-15 0 -1 -1.088773e-15 0 -1 -1.088773e-15 0 -1 -1.088773e-15 0 -1 -1.088773e-15 0 -1 -1.088773e-15 0 -1 -1.088773e-15 0 -1 -1.088773e-15 0 -1 -1.088773e-15 0 -1 -1.088773e-15 0 -1 -1.088773e-15 0 -1 -1.088773e-15 0 -1 -1.088773e-15 0 -1 -1.088773e-15 -0 1 1.088773e-15 -0 1 1.088773e-15 -0 1 1.088773e-15 -0 1 1.088773e-15 -0 1 1.088773e-15 -0 1 1.088773e-15 -0 1 1.088773e-15 -0 1 1.088773e-15 -0 1 1.088773e-15 -0 1 1.088773e-15 -0 1 1.088773e-15 -0 1 1.088773e-15 -0 1 1.088773e-15 -0 1 1.088773e-15 -0 1 1.088773e-15 -0 1 1.088773e-15 -0 1 1.088773e-15 -0 1 1.088773e-15 -0 1 1.088773e-15 -0 1 1.088773e-15 -0 1 1.088773e-15 -0 1 1.088773e-15 -0 1 1.088773e-15 -0 1 1.088773e-15 -0 1 1.088773e-15 -0 1 1.088773e-15 -0 1 1.088773e-15 -0 1 1.088773e-15 -0 1 1.088773e-15 0 0 0 0 0 0 0 0 0 0 0 0 0 0 0 0 0 0 0 0 0 0 0 0 0 0 0 0 0 0 0 0 0 0 0 0 0 0 0 0 0 0 0 0 0 0 0 0 0 0 0 0 0 0 0 0 0 0 0 0 0 0 0 0 0 0 0 0 0 0 0 0 0 0 0 0 0 0 0 0 0 0 0 0 0 0 0</float_array>
                    <technique_common>
                        <accessor count="87" source="#ID406" stride="3">
                            <param name="X" type="float" />
                            <param name="Y" type="float" />
                            <param name="Z" type="float" />
                        </accessor>
                    </technique_common>
                </source>
                <source id="ID403">
                    <Name_array id="ID407" count="0" />
                    <technique_common>
                        <accessor count="0" source="#ID407" stride="1">
                            <param name="skp_material" type="Name" />
                        </accessor>
                    </technique_common>
                </source>
                <vertices id="ID404">
                    <input semantic="POSITION" source="#ID401" />
                    <input semantic="NORMAL" source="#ID402" />
                </vertices>
                <triangles count="54" material="Material2">
                    <input offset="0" semantic="VERTEX" source="#ID404" />
                    <p>0 1 2 1 0 3 3 0 4 3 4 5 5 4 6 3 5 7 5 6 8 8 6 9 8 9 10 10 9 11 10 11 12 7 13 3 13 7 14 13 14 15 13 15 16 16 15 17 16 17 18 18 17 19 18 19 20 19 21 20 21 19 22 21 22 23 21 23 24 25 26 27 26 25 28 26 28 20 20 28 18 29 30 31 31 30 32 30 33 32 34 32 33 35 36 37 36 38 37 38 39 37 31 37 39 31 39 29 39 40 29 29 40 41 40 42 41 41 42 43 42 44 43 44 45 43 46 43 45 47 48 49 48 50 49 49 50 51 50 52 51 51 52 53 45 53 46 52 54 53 53 54 46 54 55 46 46 55 56 57 56 55</p>
                </triangles>
                <lines count="29" material="Material3">
                    <input offset="0" semantic="VERTEX" source="#ID404" />
                    <p>58 59 59 60 60 61 61 62 62 63 64 63 65 64 66 65 67 66 68 67 69 68 70 69 71 70 72 71 73 72 74 73 74 75 75 76 76 77 77 78 78 79 79 80 80 81 81 82 82 83 83 84 84 85 85 86 86 58</p>
                </lines>
            </mesh>
        </geometry>
        <geometry id="ID408">
            <mesh>
                <source id="ID409">
                    <float_array id="ID413" count="54">1.215121 7.105427e-15 0.6767238 0.06931899 1.421085e-14 0.6074845 0.3729073 2.131628e-14 0.399771 -0.05702445 2.131628e-14 0.8183312 0.4806328 7.105427e-15 0.8349768 1.215121 7.105427e-15 1.131713 1.215121 7.105427e-15 1.131713 1.215121 7.105427e-15 0.6767238 0.4806328 7.105427e-15 0.8349768 -0.05702445 2.131628e-14 0.8183312 0.06931899 1.421085e-14 0.6074845 0.3729073 2.131628e-14 0.399771 1.215121 7.105427e-15 0.6767238 1.215121 7.105427e-15 1.131713 0.4806328 7.105427e-15 0.8349768 -0.05702445 2.131628e-14 0.8183312 0.06931899 1.421085e-14 0.6074845 0.3729073 2.131628e-14 0.399771</float_array>
                    <technique_common>
                        <accessor count="18" source="#ID413" stride="3">
                            <param name="X" type="float" />
                            <param name="Y" type="float" />
                            <param name="Z" type="float" />
                        </accessor>
                    </technique_common>
                </source>
                <source id="ID410">
                    <float_array id="ID414" count="54">0 -1 -1.141283e-15 0 -1 -1.141283e-15 0 -1 -1.141283e-15 0 -1 -1.141283e-15 0 -1 -1.141283e-15 0 -1 -1.141283e-15 -0 1 1.141283e-15 -0 1 1.141283e-15 -0 1 1.141283e-15 -0 1 1.141283e-15 -0 1 1.141283e-15 -0 1 1.141283e-15 0 0 0 0 0 0 0 0 0 0 0 0 0 0 0 0 0 0</float_array>
                    <technique_common>
                        <accessor count="18" source="#ID414" stride="3">
                            <param name="X" type="float" />
                            <param name="Y" type="float" />
                            <param name="Z" type="float" />
                        </accessor>
                    </technique_common>
                </source>
                <source id="ID411">
                    <Name_array id="ID415" count="0" />
                    <technique_common>
                        <accessor count="0" source="#ID415" stride="1">
                            <param name="skp_material" type="Name" />
                        </accessor>
                    </technique_common>
                </source>
                <vertices id="ID412">
                    <input semantic="POSITION" source="#ID409" />
                    <input semantic="NORMAL" source="#ID410" />
                </vertices>
                <triangles count="4" material="Material3">
                    <input offset="0" semantic="VERTEX" source="#ID412" />
                    <p>0 1 2 1 0 3 3 0 4 4 0 5</p>
                </triangles>
                <triangles count="4" material="Material2">
                    <input offset="0" semantic="VERTEX" source="#ID412" />
                    <p>6 7 8 8 7 9 9 7 10 11 10 7</p>
                </triangles>
                <lines count="6" material="Material4">
                    <input offset="0" semantic="VERTEX" source="#ID412" />
                    <p>12 13 13 14 14 15 16 15 17 16 12 17</p>
                </lines>
            </mesh>
        </geometry>
        <geometry id="ID416">
            <mesh>
                <source id="ID417">
                    <float_array id="ID421" count="171">1.215121 7.105427e-15 0.4393332 0.3729073 2.131628e-14 0.399771 1.117189 2.131628e-14 0.251403 1.215121 7.105427e-15 0.6767238 0.725463 -1.598721e-14 0.09314552 -2.0625 -7.105427e-15 0 0 0 0 -2.785868 7.105427e-15 0.4000526 0.06931899 1.421085e-14 0.6074845 -2.447527 1.421085e-14 0.5877012 -2.094973 7.105427e-15 0.6173739 -0.05702445 2.131628e-14 0.8183312 -1.903898 7.105427e-15 0.9004208 -0.1363368 2.4869e-14 0.9635615 -1.801178 1.421085e-14 1.052584 -0.2832344 7.105427e-15 1.04269 -1.605313 3.552714e-15 1.11193 -2.927392 1.065814e-14 0.6074845 -2.927394 1.776357e-15 0.8943267 -2.927394 1.776357e-15 0.8943267 -2.447527 1.421085e-14 0.5877012 -2.927392 1.065814e-14 0.6074845 -2.785868 7.105427e-15 0.4000526 -1.605313 3.552714e-15 1.11193 -0.2832344 7.105427e-15 1.04269 -1.801178 1.421085e-14 1.052584 -0.1363368 2.4869e-14 0.9635615 -1.903898 7.105427e-15 0.9004208 -0.05702445 2.131628e-14 0.8183312 -2.094973 7.105427e-15 0.6173739 0.06931899 1.421085e-14 0.6074845 0.3729073 2.131628e-14 0.399771 1.117189 2.131628e-14 0.251403 0.725463 -1.598721e-14 0.09314552 -2.0625 -7.105427e-15 0 0 0 0 1.215121 7.105427e-15 0.6767238 1.215121 7.105427e-15 0.4393332 -2.927392 1.065814e-14 0.6074845 -2.927394 1.776357e-15 0.8943267 -2.785868 7.105427e-15 0.4000526 -2.0625 -7.105427e-15 0 0 0 0 0.725463 -1.598721e-14 0.09314552 1.117189 2.131628e-14 0.251403 1.215121 7.105427e-15 0.4393332 1.215121 7.105427e-15 0.6767238 0.3729073 2.131628e-14 0.399771 0.06931899 1.421085e-14 0.6074845 -0.05702445 2.131628e-14 0.8183312 -0.1363368 2.4869e-14 0.9635615 -0.2832344 7.105427e-15 1.04269 -1.605313 3.552714e-15 1.11193 -1.801178 1.421085e-14 1.052584 -1.903898 7.105427e-15 0.9004208 -2.094973 7.105427e-15 0.6173739 -2.447527 1.421085e-14 0.5877012</float_array>
                    <technique_common>
                        <accessor count="57" source="#ID421" stride="3">
                            <param name="X" type="float" />
                            <param name="Y" type="float" />
                            <param name="Z" type="float" />
                        </accessor>
                    </technique_common>
                </source>
                <source id="ID418">
                    <float_array id="ID422" count="171">0 -1 -1.122738e-15 0 -1 -1.122738e-15 0 -1 -1.122738e-15 0 -1 -1.122738e-15 0 -1 -1.122738e-15 0 -1 -1.122738e-15 0 -1 -1.122738e-15 0 -1 -1.122738e-15 0 -1 -1.122738e-15 0 -1 -1.122738e-15 0 -1 -1.122738e-15 0 -1 -1.122738e-15 0 -1 -1.122738e-15 0 -1 -1.122738e-15 0 -1 -1.122738e-15 0 -1 -1.122738e-15 0 -1 -1.122738e-15 0 -1 -1.122738e-15 0 -1 -1.122738e-15 -0 1 1.122738e-15 -0 1 1.122738e-15 -0 1 1.122738e-15 -0 1 1.122738e-15 -0 1 1.122738e-15 -0 1 1.122738e-15 -0 1 1.122738e-15 -0 1 1.122738e-15 -0 1 1.122738e-15 -0 1 1.122738e-15 -0 1 1.122738e-15 -0 1 1.122738e-15 -0 1 1.122738e-15 -0 1 1.122738e-15 -0 1 1.122738e-15 -0 1 1.122738e-15 -0 1 1.122738e-15 -0 1 1.122738e-15 -0 1 1.122738e-15 0 0 0 0 0 0 0 0 0 0 0 0 0 0 0 0 0 0 0 0 0 0 0 0 0 0 0 0 0 0 0 0 0 0 0 0 0 0 0 0 0 0 0 0 0 0 0 0 0 0 0 0 0 0 0 0 0</float_array>
                    <technique_common>
                        <accessor count="57" source="#ID422" stride="3">
                            <param name="X" type="float" />
                            <param name="Y" type="float" />
                            <param name="Z" type="float" />
                        </accessor>
                    </technique_common>
                </source>
                <source id="ID419">
                    <Name_array id="ID423" count="0" />
                    <technique_common>
                        <accessor count="0" source="#ID423" stride="1">
                            <param name="skp_material" type="Name" />
                        </accessor>
                    </technique_common>
                </source>
                <vertices id="ID420">
                    <input semantic="POSITION" source="#ID417" />
                    <input semantic="NORMAL" source="#ID418" />
                </vertices>
                <triangles count="34" material="Material2">
                    <input offset="0" semantic="VERTEX" source="#ID420" />
                    <p>0 1 2 1 0 3 4 5 6 5 4 7 7 4 2 7 2 1 7 1 8 7 8 9 9 8 10 10 8 11 10 11 12 12 11 13 12 13 14 14 13 15 14 15 16 9 17 7 17 9 18 19 20 21 22 21 20 23 24 25 24 26 25 25 26 27 26 28 27 27 28 29 28 30 29 29 30 20 20 30 22 30 31 22 31 32 22 32 33 22 22 33 34 35 34 33 36 37 31 32 31 37</p>
                </triangles>
                <lines count="19" material="Material3">
                    <input offset="0" semantic="VERTEX" source="#ID420" />
                    <p>38 39 40 38 41 40 42 41 43 42 44 43 45 44 46 45 46 47 47 48 48 49 50 49 51 50 52 51 53 52 54 53 54 55 55 56 56 39</p>
                </lines>
            </mesh>
        </geometry>
        <geometry id="ID424">
            <mesh>
                <source id="ID425">
                    <float_array id="ID429" count="63">-2.094973 7.105427e-15 0.6173739 -2.927394 1.776357e-15 0.8943267 -2.447527 1.421085e-14 0.5877012 -1.903898 7.105427e-15 0.9004208 -2.192904 1.953993e-14 0.9338933 -2.927392 1.065814e-14 1.161386 -2.80008 0 1.359205 -2.80008 0 1.359205 -2.192904 1.953993e-14 0.9338933 -2.927392 1.065814e-14 1.161386 -2.927394 1.776357e-15 0.8943267 -1.903898 7.105427e-15 0.9004208 -2.094973 7.105427e-15 0.6173739 -2.447527 1.421085e-14 0.5877012 -2.927392 1.065814e-14 1.161386 -2.80008 0 1.359205 -2.927394 1.776357e-15 0.8943267 -2.447527 1.421085e-14 0.5877012 -2.094973 7.105427e-15 0.6173739 -1.903898 7.105427e-15 0.9004208 -2.192904 1.953993e-14 0.9338933</float_array>
                    <technique_common>
                        <accessor count="21" source="#ID429" stride="3">
                            <param name="X" type="float" />
                            <param name="Y" type="float" />
                            <param name="Z" type="float" />
                        </accessor>
                    </technique_common>
                </source>
                <source id="ID426">
                    <float_array id="ID430" count="63">0 -1 -1.125842e-15 0 -1 -1.125842e-15 0 -1 -1.125842e-15 0 -1 -1.125842e-15 0 -1 -1.125842e-15 0 -1 -1.125842e-15 0 -1 -1.125842e-15 -0 1 1.125842e-15 -0 1 1.125842e-15 -0 1 1.125842e-15 -0 1 1.125842e-15 -0 1 1.125842e-15 -0 1 1.125842e-15 -0 1 1.125842e-15 0 0 0 0 0 0 0 0 0 0 0 0 0 0 0 0 0 0 0 0 0</float_array>
                    <technique_common>
                        <accessor count="21" source="#ID430" stride="3">
                            <param name="X" type="float" />
                            <param name="Y" type="float" />
                            <param name="Z" type="float" />
                        </accessor>
                    </technique_common>
                </source>
                <source id="ID427">
                    <Name_array id="ID431" count="0" />
                    <technique_common>
                        <accessor count="0" source="#ID431" stride="1">
                            <param name="skp_material" type="Name" />
                        </accessor>
                    </technique_common>
                </source>
                <vertices id="ID428">
                    <input semantic="POSITION" source="#ID425" />
                    <input semantic="NORMAL" source="#ID426" />
                </vertices>
                <triangles count="5" material="Material3">
                    <input offset="0" semantic="VERTEX" source="#ID428" />
                    <p>0 1 2 1 0 3 1 3 4 1 4 5 5 4 6</p>
                </triangles>
                <triangles count="5" material="Material2">
                    <input offset="0" semantic="VERTEX" source="#ID428" />
                    <p>7 8 9 9 8 10 8 11 10 11 12 10 13 10 12</p>
                </triangles>
                <lines count="7" material="Material4">
                    <input offset="0" semantic="VERTEX" source="#ID428" />
                    <p>14 15 16 14 17 16 18 17 19 18 20 19 15 20</p>
                </lines>
            </mesh>
        </geometry>
        <geometry id="ID432">
            <mesh>
                <source id="ID433">
                    <float_array id="ID437" count="63">1.704779 -7.105427e-15 1.685614 1.104606 0 1.739813 1.166156 1.598721e-14 1.349316 1.832091 0 1.873544 1.126982 0 1.903217 1.851677 1.421085e-14 2.190059 1.71947 7.105427e-15 2.570864 1.71947 7.105427e-15 2.570864 1.851677 1.421085e-14 2.190059 1.126982 0 1.903217 1.832091 0 1.873544 1.104606 0 1.739813 1.704779 -7.105427e-15 1.685614 1.166156 1.598721e-14 1.349316 1.704779 -7.105427e-15 1.685614 1.166156 1.598721e-14 1.349316 1.832091 0 1.873544 1.851677 1.421085e-14 2.190059 1.71947 7.105427e-15 2.570864 1.126982 0 1.903217 1.104606 0 1.739813</float_array>
                    <technique_common>
                        <accessor count="21" source="#ID437" stride="3">
                            <param name="X" type="float" />
                            <param name="Y" type="float" />
                            <param name="Z" type="float" />
                        </accessor>
                    </technique_common>
                </source>
                <source id="ID434">
                    <float_array id="ID438" count="63">0 -1 -1.120718e-15 0 -1 -1.120718e-15 0 -1 -1.120718e-15 0 -1 -1.120718e-15 0 -1 -1.120718e-15 0 -1 -1.120718e-15 0 -1 -1.120718e-15 -0 1 1.120718e-15 -0 1 1.120718e-15 -0 1 1.120718e-15 -0 1 1.120718e-15 -0 1 1.120718e-15 -0 1 1.120718e-15 -0 1 1.120718e-15 0 0 0 0 0 0 0 0 0 0 0 0 0 0 0 0 0 0 0 0 0</float_array>
                    <technique_common>
                        <accessor count="21" source="#ID438" stride="3">
                            <param name="X" type="float" />
                            <param name="Y" type="float" />
                            <param name="Z" type="float" />
                        </accessor>
                    </technique_common>
                </source>
                <source id="ID435">
                    <Name_array id="ID439" count="0" />
                    <technique_common>
                        <accessor count="0" source="#ID439" stride="1">
                            <param name="skp_material" type="Name" />
                        </accessor>
                    </technique_common>
                </source>
                <vertices id="ID436">
                    <input semantic="POSITION" source="#ID433" />
                    <input semantic="NORMAL" source="#ID434" />
                </vertices>
                <triangles count="10" material="Material2">
                    <input offset="0" semantic="VERTEX" source="#ID436" />
                    <p>0 1 2 1 0 3 1 3 4 4 3 5 4 5 6 7 8 9 8 10 9 9 10 11 10 12 11 13 11 12</p>
                </triangles>
                <lines count="7" material="Material3">
                    <input offset="0" semantic="VERTEX" source="#ID436" />
                    <p>14 15 16 14 17 16 18 17 19 18 20 19 15 20</p>
                </lines>
            </mesh>
        </geometry>
        <geometry id="ID440">
            <mesh>
                <source id="ID441">
                    <float_array id="ID445" count="207">0.4806328 7.105427e-15 0.8349768 -0.1363368 2.4869e-14 0.9635615 -0.05702445 2.131628e-14 0.8183312 1.215121 7.105427e-15 1.131713 -0.2832344 7.105427e-15 1.04269 -1.605313 3.552714e-15 1.11193 -1.801178 1.421085e-14 1.052584 -2.192904 1.953993e-14 0.9338933 -1.903898 7.105427e-15 0.9004208 -2.80008 0 1.359205 1.166156 1.598721e-14 1.349316 1.104606 0 1.739813 -2.711943 0 1.685614 -2.27125 0 2.8132 1.126982 0 1.903217 1.195517 2.131628e-14 2.407684 1.58726 -7.105427e-15 2.951674 -1.976706 8.881784e-15 3.848544 1.734158 -1.24345e-14 3.456123 1.753746 0 3.861656 -0.7043413 8.881784e-15 4.326539 1.410984 0 4.039697 0.3533212 1.598721e-14 4.425451 0.3533212 1.598721e-14 4.425451 1.410984 0 4.039697 -0.7043413 8.881784e-15 4.326539 1.753746 0 3.861656 -1.976706 8.881784e-15 3.848544 1.734158 -1.24345e-14 3.456123 1.58726 -7.105427e-15 2.951674 -2.27125 0 2.8132 1.195517 2.131628e-14 2.407684 1.126982 0 1.903217 1.104606 0 1.739813 -2.711943 0 1.685614 -2.80008 0 1.359205 1.166156 1.598721e-14 1.349316 1.215121 7.105427e-15 1.131713 -1.605313 3.552714e-15 1.11193 -1.801178 1.421085e-14 1.052584 -2.192904 1.953993e-14 0.9338933 -1.903898 7.105427e-15 0.9004208 -0.2832344 7.105427e-15 1.04269 -0.1363368 2.4869e-14 0.9635615 0.4806328 7.105427e-15 0.8349768 -0.05702445 2.131628e-14 0.8183312 1.126982 0 1.903217 1.195517 2.131628e-14 2.407684 1.58726 -7.105427e-15 2.951674 1.734158 -1.24345e-14 3.456123 1.753746 0 3.861656 1.410984 0 4.039697 0.3533212 1.598721e-14 4.425451 -0.7043413 8.881784e-15 4.326539 -1.976706 8.881784e-15 3.848544 -2.27125 0 2.8132 -2.711943 0 1.685614 -2.80008 0 1.359205 -2.192904 1.953993e-14 0.9338933 -1.903898 7.105427e-15 0.9004208 -1.801178 1.421085e-14 1.052584 -1.605313 3.552714e-15 1.11193 -0.2832344 7.105427e-15 1.04269 -0.1363368 2.4869e-14 0.9635615 -0.05702445 2.131628e-14 0.8183312 0.4806328 7.105427e-15 0.8349768 1.215121 7.105427e-15 1.131713 1.166156 1.598721e-14 1.349316 1.104606 0 1.739813</float_array>
                    <technique_common>
                        <accessor count="69" source="#ID445" stride="3">
                            <param name="X" type="float" />
                            <param name="Y" type="float" />
                            <param name="Z" type="float" />
                        </accessor>
                    </technique_common>
                </source>
                <source id="ID442">
                    <float_array id="ID446" count="207">0 -1 -1.122662e-15 0 -1 -1.122662e-15 0 -1 -1.122662e-15 0 -1 -1.122662e-15 0 -1 -1.122662e-15 0 -1 -1.122662e-15 0 -1 -1.122662e-15 0 -1 -1.122662e-15 0 -1 -1.122662e-15 0 -1 -1.122662e-15 0 -1 -1.122662e-15 0 -1 -1.122662e-15 0 -1 -1.122662e-15 0 -1 -1.122662e-15 0 -1 -1.122662e-15 0 -1 -1.122662e-15 0 -1 -1.122662e-15 0 -1 -1.122662e-15 0 -1 -1.122662e-15 0 -1 -1.122662e-15 0 -1 -1.122662e-15 0 -1 -1.122662e-15 0 -1 -1.122662e-15 -0 1 1.122662e-15 -0 1 1.122662e-15 -0 1 1.122662e-15 -0 1 1.122662e-15 -0 1 1.122662e-15 -0 1 1.122662e-15 -0 1 1.122662e-15 -0 1 1.122662e-15 -0 1 1.122662e-15 -0 1 1.122662e-15 -0 1 1.122662e-15 -0 1 1.122662e-15 -0 1 1.122662e-15 -0 1 1.122662e-15 -0 1 1.122662e-15 -0 1 1.122662e-15 -0 1 1.122662e-15 -0 1 1.122662e-15 -0 1 1.122662e-15 -0 1 1.122662e-15 -0 1 1.122662e-15 -0 1 1.122662e-15 -0 1 1.122662e-15 0 0 0 0 0 0 0 0 0 0 0 0 0 0 0 0 0 0 0 0 0 0 0 0 0 0 0 0 0 0 0 0 0 0 0 0 0 0 0 0 0 0 0 0 0 0 0 0 0 0 0 0 0 0 0 0 0 0 0 0 0 0 0 0 0 0 0 0 0</float_array>
                    <technique_common>
                        <accessor count="69" source="#ID446" stride="3">
                            <param name="X" type="float" />
                            <param name="Y" type="float" />
                            <param name="Z" type="float" />
                        </accessor>
                    </technique_common>
                </source>
                <source id="ID443">
                    <Name_array id="ID447" count="0" />
                    <technique_common>
                        <accessor count="0" source="#ID447" stride="1">
                            <param name="skp_material" type="Name" />
                        </accessor>
                    </technique_common>
                </source>
                <vertices id="ID444">
                    <input semantic="POSITION" source="#ID441" />
                    <input semantic="NORMAL" source="#ID442" />
                </vertices>
                <triangles count="42" material="Material2">
                    <input offset="0" semantic="VERTEX" source="#ID444" />
                    <p>0 1 2 1 0 3 1 3 4 4 3 5 6 7 8 7 6 9 9 6 5 9 5 3 9 3 10 9 10 11 9 11 12 12 11 13 13 11 14 13 14 15 13 15 16 13 16 17 17 16 18 17 18 19 17 19 20 20 19 21 20 21 22 23 24 25 24 26 25 25 26 27 26 28 27 28 29 27 27 29 30 29 31 30 31 32 30 32 33 30 30 33 34 34 33 35 33 36 35 36 37 35 37 38 35 38 39 35 35 39 40 41 40 39 38 37 42 42 37 43 37 44 43 45 43 44</p>
                </triangles>
                <lines count="23" material="Material3">
                    <input offset="0" semantic="VERTEX" source="#ID444" />
                    <p>46 47 47 48 49 48 50 49 51 50 52 51 53 52 54 53 55 54 56 55 57 56 57 58 58 59 59 60 60 61 61 62 62 63 63 64 65 64 66 65 66 67 67 68 68 46</p>
                </lines>
            </mesh>
        </geometry>
        <geometry id="ID448">
            <mesh>
                <source id="ID449">
                    <float_array id="ID453" count="36">1.71947 7.105427e-15 2.570864 1.195517 2.131628e-14 2.407684 1.126982 0 1.903217 1.58726 -7.105427e-15 2.951674 1.58726 -7.105427e-15 2.951674 1.71947 7.105427e-15 2.570864 1.195517 2.131628e-14 2.407684 1.126982 0 1.903217 1.126982 0 1.903217 1.195517 2.131628e-14 2.407684 1.71947 7.105427e-15 2.570864 1.58726 -7.105427e-15 2.951674</float_array>
                    <technique_common>
                        <accessor count="12" source="#ID453" stride="3">
                            <param name="X" type="float" />
                            <param name="Y" type="float" />
                            <param name="Z" type="float" />
                        </accessor>
                    </technique_common>
                </source>
                <source id="ID450">
                    <float_array id="ID454" count="36">0 -1 -1.156502e-15 0 -1 -1.156502e-15 0 -1 -1.156502e-15 0 -1 -1.156502e-15 -0 1 1.156502e-15 -0 1 1.156502e-15 -0 1 1.156502e-15 -0 1 1.156502e-15 0 0 0 0 0 0 0 0 0 0 0 0</float_array>
                    <technique_common>
                        <accessor count="12" source="#ID454" stride="3">
                            <param name="X" type="float" />
                            <param name="Y" type="float" />
                            <param name="Z" type="float" />
                        </accessor>
                    </technique_common>
                </source>
                <source id="ID451">
                    <Name_array id="ID455" count="0" />
                    <technique_common>
                        <accessor count="0" source="#ID455" stride="1">
                            <param name="skp_material" type="Name" />
                        </accessor>
                    </technique_common>
                </source>
                <vertices id="ID452">
                    <input semantic="POSITION" source="#ID449" />
                    <input semantic="NORMAL" source="#ID450" />
                </vertices>
                <triangles count="2" material="Material3">
                    <input offset="0" semantic="VERTEX" source="#ID452" />
                    <p>0 1 2 1 0 3</p>
                </triangles>
                <triangles count="2" material="Material2">
                    <input offset="0" semantic="VERTEX" source="#ID452" />
                    <p>4 5 6 7 6 5</p>
                </triangles>
                <lines count="4" material="Material4">
                    <input offset="0" semantic="VERTEX" source="#ID452" />
                    <p>8 9 8 10 10 11 9 11</p>
                </lines>
            </mesh>
        </geometry>
        <geometry id="ID456">
            <mesh>
                <source id="ID457">
                    <float_array id="ID461" count="297">-5.656707 8.881784e-15 27.07374 -6.037681 8.881784e-15 27.17588 -5.667443 1.598721e-14 27.07011 -5.635414 1.598721e-14 27.08346 -5.606721 3.907985e-14 27.09753 -5.573784 1.776357e-14 27.11422 -5.539758 2.131628e-14 27.13177 -5.5078 2.131628e-14 27.14846 -5.481065 4.263256e-14 27.16254 -5.46271 4.440892e-14 27.17226 -5.45589 7.105427e-15 27.17588 -5.402995 7.105427e-15 27.37422 -6.160322 3.552714e-14 27.2491 -5.518527 4.618528e-14 28.07558 -5.901984 3.730349e-14 27.93012 -5.663966 3.907985e-14 27.90368 -6.126756 3.019807e-14 28.11524 -5.637537 3.730349e-14 28.49869 -8.239283 1.598721e-14 28.19701 -8.428138 5.329071e-14 28.29079 -8.798404 2.309264e-14 29.62374 -5.637537 3.730349e-14 29.23915 -5.809423 4.263256e-14 30.40272 -8.758964 1.598721e-14 31.80945 -6.047432 8.881784e-15 31.53985 -6.696317 0 32.55276 -7.650806 3.907985e-14 27.51968 -6.365105 1.776357e-14 27.18114 -5.415794 2.309264e-14 27.39632 -5.548443 3.552714e-14 27.62546 -7.742365 4.440892e-14 27.77645 -5.865777 4.263256e-14 27.74445 -8.153272 5.329071e-14 27.90312 -8.239283 1.598721e-14 28.19701 -6.126756 3.019807e-14 28.11524 -8.153272 5.329071e-14 27.90312 -7.742365 4.440892e-14 27.77645 -5.865777 4.263256e-14 27.74445 -5.548443 3.552714e-14 27.62546 -7.650806 3.907985e-14 27.51968 -5.415794 2.309264e-14 27.39632 -5.402995 7.105427e-15 27.37422 -6.160322 3.552714e-14 27.2491 -6.365105 1.776357e-14 27.18114 -6.696317 0 32.55276 -6.047432 8.881784e-15 31.53985 -8.758964 1.598721e-14 31.80945 -5.809423 4.263256e-14 30.40272 -8.798404 2.309264e-14 29.62374 -5.637537 3.730349e-14 29.23915 -5.637537 3.730349e-14 28.49869 -8.428138 5.329071e-14 28.29079 -5.518527 4.618528e-14 28.07558 -5.901984 3.730349e-14 27.93012 -5.663966 3.907985e-14 27.90368 -6.037681 8.881784e-15 27.17588 -5.45589 7.105427e-15 27.17588 -5.46271 4.440892e-14 27.17226 -5.481065 4.263256e-14 27.16254 -5.5078 2.131628e-14 27.14846 -5.539758 2.131628e-14 27.13177 -5.573784 1.776357e-14 27.11422 -5.606721 3.907985e-14 27.09753 -5.635414 1.598721e-14 27.08346 -5.656707 8.881784e-15 27.07374 -5.667443 1.598721e-14 27.07011 -8.153272 5.329071e-14 27.90312 -8.239283 1.598721e-14 28.19701 -7.742365 4.440892e-14 27.77645 -7.650806 3.907985e-14 27.51968 -6.365105 1.776357e-14 27.18114 -6.160322 3.552714e-14 27.2491 -6.037681 8.881784e-15 27.17588 -5.667443 1.598721e-14 27.07011 -5.656707 8.881784e-15 27.07374 -5.635414 1.598721e-14 27.08346 -5.606721 3.907985e-14 27.09753 -5.573784 1.776357e-14 27.11422 -5.539758 2.131628e-14 27.13177 -5.5078 2.131628e-14 27.14846 -5.481065 4.263256e-14 27.16254 -5.46271 4.440892e-14 27.17226 -5.45589 7.105427e-15 27.17588 -5.402995 7.105427e-15 27.37422 -5.415794 2.309264e-14 27.39632 -5.548443 3.552714e-14 27.62546 -5.865777 4.263256e-14 27.74445 -6.126756 3.019807e-14 28.11524 -5.901984 3.730349e-14 27.93012 -5.663966 3.907985e-14 27.90368 -5.518527 4.618528e-14 28.07558 -5.637537 3.730349e-14 28.49869 -5.637537 3.730349e-14 29.23915 -5.809423 4.263256e-14 30.40272 -6.047432 8.881784e-15 31.53985 -6.696317 0 32.55276 -8.758964 1.598721e-14 31.80945 -8.798404 2.309264e-14 29.62374 -8.428138 5.329071e-14 28.29079</float_array>
                    <technique_common>
                        <accessor count="99" source="#ID461" stride="3">
                            <param name="X" type="float" />
                            <param name="Y" type="float" />
                            <param name="Z" type="float" />
                        </accessor>
                    </technique_common>
                </source>
                <source id="ID458">
                    <float_array id="ID462" count="297">0 -1 -1.403003e-15 0 -1 -1.403003e-15 0 -1 -1.403003e-15 0 -1 -1.403003e-15 0 -1 -1.403003e-15 0 -1 -1.403003e-15 0 -1 -1.403003e-15 0 -1 -1.403003e-15 0 -1 -1.403003e-15 0 -1 -1.403003e-15 0 -1 -1.403003e-15 0 -1 -1.403003e-15 0 -1 -1.403003e-15 0 -1 -1.403003e-15 0 -1 -1.403003e-15 0 -1 -1.403003e-15 0 -1 -1.403003e-15 0 -1 -1.403003e-15 0 -1 -1.403003e-15 0 -1 -1.403003e-15 0 -1 -1.403003e-15 0 -1 -1.403003e-15 0 -1 -1.403003e-15 0 -1 -1.403003e-15 0 -1 -1.403003e-15 0 -1 -1.403003e-15 0 -1 -1.403003e-15 0 -1 -1.403003e-15 0 -1 -1.403003e-15 0 -1 -1.403003e-15 0 -1 -1.403003e-15 0 -1 -1.403003e-15 0 -1 -1.403003e-15 -0 1 1.403003e-15 -0 1 1.403003e-15 -0 1 1.403003e-15 -0 1 1.403003e-15 -0 1 1.403003e-15 -0 1 1.403003e-15 -0 1 1.403003e-15 -0 1 1.403003e-15 -0 1 1.403003e-15 -0 1 1.403003e-15 -0 1 1.403003e-15 -0 1 1.403003e-15 -0 1 1.403003e-15 -0 1 1.403003e-15 -0 1 1.403003e-15 -0 1 1.403003e-15 -0 1 1.403003e-15 -0 1 1.403003e-15 -0 1 1.403003e-15 -0 1 1.403003e-15 -0 1 1.403003e-15 -0 1 1.403003e-15 -0 1 1.403003e-15 -0 1 1.403003e-15 -0 1 1.403003e-15 -0 1 1.403003e-15 -0 1 1.403003e-15 -0 1 1.403003e-15 -0 1 1.403003e-15 -0 1 1.403003e-15 -0 1 1.403003e-15 -0 1 1.403003e-15 -0 1 1.403003e-15 0 0 0 0 0 0 0 0 0 0 0 0 0 0 0 0 0 0 0 0 0 0 0 0 0 0 0 0 0 0 0 0 0 0 0 0 0 0 0 0 0 0 0 0 0 0 0 0 0 0 0 0 0 0 0 0 0 0 0 0 0 0 0 0 0 0 0 0 0 0 0 0 0 0 0 0 0 0 0 0 0 0 0 0 0 0 0 0 0 0 0 0 0 0 0 0 0 0 0</float_array>
                    <technique_common>
                        <accessor count="99" source="#ID462" stride="3">
                            <param name="X" type="float" />
                            <param name="Y" type="float" />
                            <param name="Z" type="float" />
                        </accessor>
                    </technique_common>
                </source>
                <source id="ID459">
                    <Name_array id="ID463" count="0" />
                    <technique_common>
                        <accessor count="0" source="#ID463" stride="1">
                            <param name="skp_material" type="Name" />
                        </accessor>
                    </technique_common>
                </source>
                <vertices id="ID460">
                    <input semantic="POSITION" source="#ID457" />
                    <input semantic="NORMAL" source="#ID458" />
                </vertices>
                <triangles count="62" material="Material2">
                    <input offset="0" semantic="VERTEX" source="#ID460" />
                    <p>0 1 2 1 0 3 1 3 4 1 4 5 1 5 6 1 6 7 1 7 8 1 8 9 1 9 10 1 10 11 1 11 12 13 14 15 14 13 16 16 13 17 16 17 18 18 17 19 19 17 20 20 17 21 20 21 22 20 22 23 23 22 24 23 24 25 12 26 27 26 12 11 26 11 28 26 28 29 26 29 30 30 29 31 30 31 16 30 16 32 32 16 18 33 34 35 35 34 36 34 37 36 37 38 36 36 38 39 38 40 39 40 41 39 41 42 39 43 39 42 44 45 46 45 47 46 46 47 48 47 49 48 49 50 48 48 50 51 51 50 33 33 50 34 50 52 34 34 52 53 54 53 52 42 41 55 41 56 55 56 57 55 57 58 55 58 59 55 59 60 55 60 61 55 61 62 55 62 63 55 63 64 55 65 55 64</p>
                </triangles>
                <lines count="33" material="Material3">
                    <input offset="0" semantic="VERTEX" source="#ID460" />
                    <p>66 67 68 66 68 69 69 70 71 70 72 71 73 72 74 73 75 74 76 75 77 76 78 77 79 78 80 79 81 80 82 81 83 82 84 83 85 84 86 85 87 86 87 88 88 89 89 90 90 91 91 92 92 93 93 94 94 95 96 95 97 96 98 97 67 98</p>
                </lines>
            </mesh>
        </geometry>
        <geometry id="ID464">
            <mesh>
                <source id="ID465">
                    <float_array id="ID469" count="36">7.655607 7.105427e-15 28.68133 7.14407 3.730349e-14 28.47168 7.655607 5.329071e-14 28.45411 7.158597 -5.329071e-15 28.68133 7.158597 -5.329071e-15 28.68133 7.655607 7.105427e-15 28.68133 7.14407 3.730349e-14 28.47168 7.655607 5.329071e-14 28.45411 7.14407 3.730349e-14 28.47168 7.655607 5.329071e-14 28.45411 7.655607 7.105427e-15 28.68133 7.158597 -5.329071e-15 28.68133</float_array>
                    <technique_common>
                        <accessor count="12" source="#ID469" stride="3">
                            <param name="X" type="float" />
                            <param name="Y" type="float" />
                            <param name="Z" type="float" />
                        </accessor>
                    </technique_common>
                </source>
                <source id="ID466">
                    <float_array id="ID470" count="36">-2.220446e-15 -1 -1.300633e-13 -2.220446e-15 -1 -1.300633e-13 -2.220446e-15 -1 -1.300633e-13 -2.220446e-15 -1 -1.300633e-13 2.220446e-15 1 1.300633e-13 2.220446e-15 1 1.300633e-13 2.220446e-15 1 1.300633e-13 2.220446e-15 1 1.300633e-13 0 0 0 0 0 0 0 0 0 0 0 0</float_array>
                    <technique_common>
                        <accessor count="12" source="#ID470" stride="3">
                            <param name="X" type="float" />
                            <param name="Y" type="float" />
                            <param name="Z" type="float" />
                        </accessor>
                    </technique_common>
                </source>
                <source id="ID467">
                    <Name_array id="ID471" count="0" />
                    <technique_common>
                        <accessor count="0" source="#ID471" stride="1">
                            <param name="skp_material" type="Name" />
                        </accessor>
                    </technique_common>
                </source>
                <vertices id="ID468">
                    <input semantic="POSITION" source="#ID465" />
                    <input semantic="NORMAL" source="#ID466" />
                </vertices>
                <triangles count="4" material="Material2">
                    <input offset="0" semantic="VERTEX" source="#ID468" />
                    <p>0 1 2 1 0 3 4 5 6 7 6 5</p>
                </triangles>
                <lines count="4" material="Material3">
                    <input offset="0" semantic="VERTEX" source="#ID468" />
                    <p>8 9 9 10 11 10 8 11</p>
                </lines>
            </mesh>
        </geometry>
        <geometry id="ID472">
            <mesh>
                <source id="ID473">
                    <float_array id="ID475" count="6">-8.470597 4.973799e-14 28.98736 -8.239283 1.598721e-14 28.19701</float_array>
                    <technique_common>
                        <accessor count="2" source="#ID475" stride="3">
                            <param name="X" type="float" />
                            <param name="Y" type="float" />
                            <param name="Z" type="float" />
                        </accessor>
                    </technique_common>
                </source>
                <vertices id="ID474">
                    <input semantic="POSITION" source="#ID473" />
                </vertices>
                <lines count="1" material="Material2">
                    <input offset="0" semantic="VERTEX" source="#ID474" />
                    <p>1 0</p>
                </lines>
            </mesh>
        </geometry>
        <geometry id="ID476">
            <mesh>
                <source id="ID477">
                    <float_array id="ID479" count="12">-6.470538 5.151435e-14 28.98792 -6.470538 5.151435e-14 30.13827 -6.245766 5.506706e-14 28.3268 -6.126756 3.019807e-14 28.11524</float_array>
                    <technique_common>
                        <accessor count="4" source="#ID479" stride="3">
                            <param name="X" type="float" />
                            <param name="Y" type="float" />
                            <param name="Z" type="float" />
                        </accessor>
                    </technique_common>
                </source>
                <vertices id="ID478">
                    <input semantic="POSITION" source="#ID477" />
                </vertices>
                <lines count="3" material="Material2">
                    <input offset="0" semantic="VERTEX" source="#ID478" />
                    <p>1 0 0 2 2 3</p>
                </lines>
            </mesh>
        </geometry>
        <geometry id="ID480">
            <mesh>
                <source id="ID481">
                    <float_array id="ID483" count="12">6.118129 -6.927792e-14 47.87181 5.856704 -6.927792e-14 46.2053 6.023034 -3.552714e-14 49.35061 6.215384 -7.105427e-14 50.41921</float_array>
                    <technique_common>
                        <accessor count="4" source="#ID483" stride="3">
                            <param name="X" type="float" />
                            <param name="Y" type="float" />
                            <param name="Z" type="float" />
                        </accessor>
                    </technique_common>
                </source>
                <vertices id="ID482">
                    <input semantic="POSITION" source="#ID481" />
                </vertices>
                <lines count="3" material="Material2">
                    <input offset="0" semantic="VERTEX" source="#ID482" />
                    <p>1 0 0 2 2 3</p>
                </lines>
            </mesh>
        </geometry>
        <geometry id="ID484">
            <mesh>
                <source id="ID485">
                    <float_array id="ID487" count="6">7.180287 2.842171e-14 28.99402 7.158597 -5.329071e-15 28.68133</float_array>
                    <technique_common>
                        <accessor count="2" source="#ID487" stride="3">
                            <param name="X" type="float" />
                            <param name="Y" type="float" />
                            <param name="Z" type="float" />
                        </accessor>
                    </technique_common>
                </source>
                <vertices id="ID486">
                    <input semantic="POSITION" source="#ID485" />
                </vertices>
                <lines count="1" material="Material2">
                    <input offset="0" semantic="VERTEX" source="#ID486" />
                    <p>1 0</p>
                </lines>
            </mesh>
        </geometry>
        <geometry id="ID488">
            <mesh>
                <source id="ID489">
                    <float_array id="ID491" count="6">7.655607 4.263256e-14 28.87722 7.655607 7.105427e-15 28.68133</float_array>
                    <technique_common>
                        <accessor count="2" source="#ID491" stride="3">
                            <param name="X" type="float" />
                            <param name="Y" type="float" />
                            <param name="Z" type="float" />
                        </accessor>
                    </technique_common>
                </source>
                <vertices id="ID490">
                    <input semantic="POSITION" source="#ID489" />
                </vertices>
                <lines count="1" material="Material2">
                    <input offset="0" semantic="VERTEX" source="#ID490" />
                    <p>1 0</p>
                </lines>
            </mesh>
        </geometry>
        <geometry id="ID492">
            <mesh>
                <source id="ID493">
                    <float_array id="ID495" count="12">-7.082235 5.329071e-14 27.96923 -7.452473 7.105427e-14 28.85514 -6.923572 3.552714e-14 27.70479 -6.160322 3.552714e-14 27.2491</float_array>
                    <technique_common>
                        <accessor count="4" source="#ID495" stride="3">
                            <param name="X" type="float" />
                            <param name="Y" type="float" />
                            <param name="Z" type="float" />
                        </accessor>
                    </technique_common>
                </source>
                <vertices id="ID494">
                    <input semantic="POSITION" source="#ID493" />
                </vertices>
                <lines count="3" material="Material2">
                    <input offset="0" semantic="VERTEX" source="#ID494" />
                    <p>1 0 0 2 3 2</p>
                </lines>
            </mesh>
        </geometry>
        <geometry id="ID496">
            <mesh>
                <source id="ID497">
                    <float_array id="ID499" count="15">-5.517265 -7.638334e-14 47.19179 -5.486225 -7.105427e-14 46.43105 -5.359652 -5.329071e-14 49.33251 -5.585976 -4.618528e-14 49.92603 -5.743336 -5.329071e-14 51.37392</float_array>
                    <technique_common>
                        <accessor count="5" source="#ID499" stride="3">
                            <param name="X" type="float" />
                            <param name="Y" type="float" />
                            <param name="Z" type="float" />
                        </accessor>
                    </technique_common>
                </source>
                <vertices id="ID498">
                    <input semantic="POSITION" source="#ID497" />
                </vertices>
                <lines count="4" material="Material2">
                    <input offset="0" semantic="VERTEX" source="#ID498" />
                    <p>1 0 0 2 2 3 3 4</p>
                </lines>
            </mesh>
        </geometry>
        <geometry id="ID500">
            <mesh>
                <source id="ID501">
                    <float_array id="ID503" count="6">-8.693807 -5.861978e-14 44.35869 -8.389761 -4.085621e-14 42.65128</float_array>
                    <technique_common>
                        <accessor count="2" source="#ID503" stride="3">
                            <param name="X" type="float" />
                            <param name="Y" type="float" />
                            <param name="Z" type="float" />
                        </accessor>
                    </technique_common>
                </source>
                <vertices id="ID502">
                    <input semantic="POSITION" source="#ID501" />
                </vertices>
                <lines count="1" material="Material2">
                    <input offset="0" semantic="VERTEX" source="#ID502" />
                    <p>1 0</p>
                </lines>
            </mesh>
        </geometry>
        <geometry id="ID504">
            <mesh>
                <source id="ID505">
                    <float_array id="ID507" count="6">8.923725 -5.861978e-14 43.63987 8.587525 -3.907985e-14 43.0078</float_array>
                    <technique_common>
                        <accessor count="2" source="#ID507" stride="3">
                            <param name="X" type="float" />
                            <param name="Y" type="float" />
                            <param name="Z" type="float" />
                        </accessor>
                    </technique_common>
                </source>
                <vertices id="ID506">
                    <input semantic="POSITION" source="#ID505" />
                </vertices>
                <lines count="1" material="Material2">
                    <input offset="0" semantic="VERTEX" source="#ID506" />
                    <p>1 0</p>
                </lines>
            </mesh>
        </geometry>
        <geometry id="ID508">
            <mesh>
                <source id="ID509">
                    <float_array id="ID511" count="6">-8.192925 4.973799e-14 29.04026 -7.742365 4.440892e-14 27.77645</float_array>
                    <technique_common>
                        <accessor count="2" source="#ID511" stride="3">
                            <param name="X" type="float" />
                            <param name="Y" type="float" />
                            <param name="Z" type="float" />
                        </accessor>
                    </technique_common>
                </source>
                <vertices id="ID510">
                    <input semantic="POSITION" source="#ID509" />
                </vertices>
                <lines count="1" material="Material2">
                    <input offset="0" semantic="VERTEX" source="#ID510" />
                    <p>1 0</p>
                </lines>
            </mesh>
        </geometry>
        <geometry id="ID512">
            <mesh>
                <source id="ID513">
                    <float_array id="ID515" count="6">-1.149126 -5.329071e-14 58.06053 -2.131963 -6.394885e-14 57.65688</float_array>
                    <technique_common>
                        <accessor count="2" source="#ID515" stride="3">
                            <param name="X" type="float" />
                            <param name="Y" type="float" />
                            <param name="Z" type="float" />
                        </accessor>
                    </technique_common>
                </source>
                <vertices id="ID514">
                    <input semantic="POSITION" source="#ID513" />
                </vertices>
                <lines count="1" material="Material2">
                    <input offset="0" semantic="VERTEX" source="#ID514" />
                    <p>1 0</p>
                </lines>
            </mesh>
        </geometry>
        <geometry id="ID516">
            <mesh>
                <source id="ID517">
                    <float_array id="ID519" count="6">-1.577413 -4.796163e-14 56.45548 -1.627314 -4.263256e-14 56.82714</float_array>
                    <technique_common>
                        <accessor count="2" source="#ID519" stride="3">
                            <param name="X" type="float" />
                            <param name="Y" type="float" />
                            <param name="Z" type="float" />
                        </accessor>
                    </technique_common>
                </source>
                <vertices id="ID518">
                    <input semantic="POSITION" source="#ID517" />
                </vertices>
                <lines count="1" material="Material2">
                    <input offset="0" semantic="VERTEX" source="#ID518" />
                    <p>1 0</p>
                </lines>
            </mesh>
        </geometry>
        <geometry id="ID520">
            <mesh>
                <source id="ID521">
                    <float_array id="ID523" count="6">6.55883 4.796163e-14 29.19236 6.287772 7.105427e-15 28.43207</float_array>
                    <technique_common>
                        <accessor count="2" source="#ID523" stride="3">
                            <param name="X" type="float" />
                            <param name="Y" type="float" />
                            <param name="Z" type="float" />
                        </accessor>
                    </technique_common>
                </source>
                <vertices id="ID522">
                    <input semantic="POSITION" source="#ID521" />
                </vertices>
                <lines count="1" material="Material2">
                    <input offset="0" semantic="VERTEX" source="#ID522" />
                    <p>1 0</p>
                </lines>
            </mesh>
        </geometry>
    </library_geometries>
    <library_materials>
        <material id="ID5" name="Wood_OSB">
            <instance_effect url="#ID6" />
        </material>
        <material id="ID15" name="edge_color240195122255">
            <instance_effect url="#ID16" />
        </material>
        <material id="ID23" name="Wood_Board_Cork">
            <instance_effect url="#ID24" />
        </material>
        <material id="ID33" name="edge_color215201115255">
            <instance_effect url="#ID34" />
        </material>
        <material id="ID179" name="Color_D07">
            <instance_effect url="#ID180" />
        </material>
        <material id="ID185" name="edge_color20416340255">
            <instance_effect url="#ID186" />
        </material>
        <material id="ID313" name="_96_96_96">
            <instance_effect url="#ID314" />
        </material>
        <material id="ID319" name="edge_color000255">
            <instance_effect url="#ID320" />
        </material>
        <material id="ID325" name="__Beige_1">
            <instance_effect url="#ID326" />
        </material>
        <material id="ID335" name="Color_B24">
            <instance_effect url="#ID336" />
        </material>
        <material id="ID345" name="__LightGray_">
            <instance_effect url="#ID346" />
        </material>
        <material id="ID371" name="_0135_DarkGray">
            <instance_effect url="#ID372" />
        </material>
        <material id="ID389" name="jean_blue">
            <instance_effect url="#ID390" />
        </material>
        <material id="ID399" name="__Charcoal_">
            <instance_effect url="#ID400" />
        </material>
    </library_materials>
    <library_effects>
        <effect id="ID6">
            <profile_COMMON>
                <newparam sid="ID8">
                    <surface type="2D">
                        <init_from>ID7</init_from>
                    </surface>
                </newparam>
                <newparam sid="ID9">
                    <sampler2D>
                        <source>ID8</source>
                    </sampler2D>
                </newparam>
                <technique sid="COMMON">
                    <lambert>
                        <diffuse>
                            <texture texture="ID9" texcoord="UVSET0" />
                        </diffuse>
                    </lambert>
                </technique>
            </profile_COMMON>
        </effect>
        <effect id="ID16">
            <profile_COMMON>
                <technique sid="COMMON">
                    <constant>
                        <transparent opaque="A_ONE">
                            <color>0.9411765 0.7647059 0.4784314 1</color>
                        </transparent>
                        <transparency>
                            <float>1</float>
                        </transparency>
                    </constant>
                </technique>
            </profile_COMMON>
        </effect>
        <effect id="ID24">
            <profile_COMMON>
                <newparam sid="ID26">
                    <surface type="2D">
                        <init_from>ID25</init_from>
                    </surface>
                </newparam>
                <newparam sid="ID27">
                    <sampler2D>
                        <source>ID26</source>
                    </sampler2D>
                </newparam>
                <technique sid="COMMON">
                    <lambert>
                        <diffuse>
                            <texture texture="ID27" texcoord="UVSET0" />
                        </diffuse>
                    </lambert>
                </technique>
            </profile_COMMON>
        </effect>
        <effect id="ID34">
            <profile_COMMON>
                <technique sid="COMMON">
                    <constant>
                        <transparent opaque="A_ONE">
                            <color>0.8431373 0.7882353 0.4509804 1</color>
                        </transparent>
                        <transparency>
                            <float>1</float>
                        </transparency>
                    </constant>
                </technique>
            </profile_COMMON>
        </effect>
        <effect id="ID180">
            <profile_COMMON>
                <technique sid="COMMON">
                    <lambert>
                        <diffuse>
                            <color>0.8 0.6392157 0.1568627 1</color>
                        </diffuse>
                    </lambert>
                </technique>
            </profile_COMMON>
        </effect>
        <effect id="ID186">
            <profile_COMMON>
                <technique sid="COMMON">
                    <constant>
                        <transparent opaque="A_ONE">
                            <color>0.8 0.6392157 0.1568628 1</color>
                        </transparent>
                        <transparency>
                            <float>1</float>
                        </transparency>
                    </constant>
                </technique>
            </profile_COMMON>
        </effect>
        <effect id="ID314">
            <profile_COMMON>
                <technique sid="COMMON">
                    <lambert>
                        <diffuse>
                            <color>0.3764706 0.3764706 0.3764706 1</color>
                        </diffuse>
                    </lambert>
                </technique>
            </profile_COMMON>
        </effect>
        <effect id="ID320">
            <profile_COMMON>
                <technique sid="COMMON">
                    <constant>
                        <transparent opaque="A_ONE">
                            <color>0 0 0 1</color>
                        </transparent>
                        <transparency>
                            <float>1</float>
                        </transparency>
                    </constant>
                </technique>
            </profile_COMMON>
        </effect>
        <effect id="ID326">
            <profile_COMMON>
                <technique sid="COMMON">
                    <lambert>
                        <diffuse>
                            <color>0.827451 0.7411765 0.5647059 1</color>
                        </diffuse>
                    </lambert>
                </technique>
            </profile_COMMON>
        </effect>
        <effect id="ID336">
            <profile_COMMON>
                <technique sid="COMMON">
                    <lambert>
                        <diffuse>
                            <color>0.2 0.1372549 0.1176471 1</color>
                        </diffuse>
                    </lambert>
                </technique>
            </profile_COMMON>
        </effect>
        <effect id="ID346">
            <profile_COMMON>
                <technique sid="COMMON">
                    <lambert>
                        <diffuse>
                            <color>0.6627451 0.6627451 0.6627451 1</color>
                        </diffuse>
                    </lambert>
                </technique>
            </profile_COMMON>
        </effect>
        <effect id="ID372">
            <profile_COMMON>
                <technique sid="COMMON">
                    <lambert>
                        <diffuse>
                            <color>0.3176471 0.3176471 0.3176471 1</color>
                        </diffuse>
                    </lambert>
                </technique>
            </profile_COMMON>
        </effect>
        <effect id="ID390">
            <profile_COMMON>
                <technique sid="COMMON">
                    <lambert>
                        <diffuse>
                            <color>0.1411765 0.1843137 0.2588235 1</color>
                        </diffuse>
                    </lambert>
                </technique>
            </profile_COMMON>
        </effect>
        <effect id="ID400">
            <profile_COMMON>
                <technique sid="COMMON">
                    <lambert>
                        <diffuse>
                            <color>0.1372549 0.1372549 0.1372549 1</color>
                        </diffuse>
                    </lambert>
                </technique>
            </profile_COMMON>
        </effect>
    </library_effects>
    <library_images>
        <image id="ID7">
            <init_from>model/Wood_OSB.jpg</init_from>
        </image>
        <image id="ID25">
            <init_from>model/Wood_Board_Cork.jpg</init_from>
        </image>
    </library_images>
    <!--library_nodes>
        <node id="ID311" name="Susan">
            <instance_geometry url="#ID312">
                <bind_material>
                    <technique_common>
                        <instance_material symbol="Material2" target="#ID313">
                            <bind_vertex_input semantic="UVSET0" input_semantic="TEXCOORD" input_set="0" />
                        </instance_material>
                        <instance_material symbol="Material3" target="#ID319">
                            <bind_vertex_input semantic="UVSET0" input_semantic="TEXCOORD" input_set="0" />
                        </instance_material>
                    </technique_common>
                </bind_material>
            </instance_geometry>
            <instance_geometry url="#ID324">
                <bind_material>
                    <technique_common>
                        <instance_material symbol="Material2" target="#ID325">
                            <bind_vertex_input semantic="UVSET0" input_semantic="TEXCOORD" input_set="0" />
                        </instance_material>
                        <instance_material symbol="Material3" target="#ID319">
                            <bind_vertex_input semantic="UVSET0" input_semantic="TEXCOORD" input_set="0" />
                        </instance_material>
                    </technique_common>
                </bind_material>
            </instance_geometry>
            <instance_geometry url="#ID334">
                <bind_material>
                    <technique_common>
                        <instance_material symbol="Material2" target="#ID335">
                            <bind_vertex_input semantic="UVSET0" input_semantic="TEXCOORD" input_set="0" />
                        </instance_material>
                        <instance_material symbol="Material3" target="#ID319">
                            <bind_vertex_input semantic="UVSET0" input_semantic="TEXCOORD" input_set="0" />
                        </instance_material>
                    </technique_common>
                </bind_material>
            </instance_geometry>
            <instance_geometry url="#ID344">
                <bind_material>
                    <technique_common>
                        <instance_material symbol="Material2" target="#ID345">
                            <bind_vertex_input semantic="UVSET0" input_semantic="TEXCOORD" input_set="0" />
                        </instance_material>
                        <instance_material symbol="Material3" target="#ID319">
                            <bind_vertex_input semantic="UVSET0" input_semantic="TEXCOORD" input_set="0" />
                        </instance_material>
                    </technique_common>
                </bind_material>
            </instance_geometry>
            <instance_geometry url="#ID354">
                <bind_material>
                    <technique_common>
                        <instance_material symbol="Material2" target="#ID325">
                            <bind_vertex_input semantic="UVSET0" input_semantic="TEXCOORD" input_set="0" />
                        </instance_material>
                        <instance_material symbol="Material3" target="#ID319">
                            <bind_vertex_input semantic="UVSET0" input_semantic="TEXCOORD" input_set="0" />
                        </instance_material>
                    </technique_common>
                </bind_material>
            </instance_geometry>
            <instance_geometry url="#ID362">
                <bind_material>
                    <technique_common>
                        <instance_material symbol="Material2" target="#ID325">
                            <bind_vertex_input semantic="UVSET0" input_semantic="TEXCOORD" input_set="0" />
                        </instance_material>
                        <instance_material symbol="Material3" target="#ID319">
                            <bind_vertex_input semantic="UVSET0" input_semantic="TEXCOORD" input_set="0" />
                        </instance_material>
                    </technique_common>
                </bind_material>
            </instance_geometry>
            <instance_geometry url="#ID370">
                <bind_material>
                    <technique_common>
                        <instance_material symbol="Material2" target="#ID313">
                            <bind_vertex_input semantic="UVSET0" input_semantic="TEXCOORD" input_set="0" />
                        </instance_material>
                        <instance_material symbol="Material3" target="#ID371">
                            <bind_vertex_input semantic="UVSET0" input_semantic="TEXCOORD" input_set="0" />
                        </instance_material>
                        <instance_material symbol="Material4" target="#ID319">
                            <bind_vertex_input semantic="UVSET0" input_semantic="TEXCOORD" input_set="0" />
                        </instance_material>
                    </technique_common>
                </bind_material>
            </instance_geometry>
            <instance_geometry url="#ID380">
                <bind_material>
                    <technique_common>
                        <instance_material symbol="Material2" target="#ID313">
                            <bind_vertex_input semantic="UVSET0" input_semantic="TEXCOORD" input_set="0" />
                        </instance_material>
                        <instance_material symbol="Material3" target="#ID319">
                            <bind_vertex_input semantic="UVSET0" input_semantic="TEXCOORD" input_set="0" />
                        </instance_material>
                    </technique_common>
                </bind_material>
            </instance_geometry>
            <instance_geometry url="#ID388">
                <bind_material>
                    <technique_common>
                        <instance_material symbol="Material2" target="#ID389">
                            <bind_vertex_input semantic="UVSET0" input_semantic="TEXCOORD" input_set="0" />
                        </instance_material>
                        <instance_material symbol="Material3" target="#ID319">
                            <bind_vertex_input semantic="UVSET0" input_semantic="TEXCOORD" input_set="0" />
                        </instance_material>
                    </technique_common>
                </bind_material>
            </instance_geometry>
            <instance_geometry url="#ID398">
                <bind_material>
                    <technique_common>
                        <instance_material symbol="Material2" target="#ID399">
                            <bind_vertex_input semantic="UVSET0" input_semantic="TEXCOORD" input_set="0" />
                        </instance_material>
                        <instance_material symbol="Material3" target="#ID319">
                            <bind_vertex_input semantic="UVSET0" input_semantic="TEXCOORD" input_set="0" />
                        </instance_material>
                    </technique_common>
                </bind_material>
            </instance_geometry>
            <instance_geometry url="#ID408">
                <bind_material>
                    <technique_common>
                        <instance_material symbol="Material2" target="#ID313">
                            <bind_vertex_input semantic="UVSET0" input_semantic="TEXCOORD" input_set="0" />
                        </instance_material>
                        <instance_material symbol="Material3" target="#ID371">
                            <bind_vertex_input semantic="UVSET0" input_semantic="TEXCOORD" input_set="0" />
                        </instance_material>
                        <instance_material symbol="Material4" target="#ID319">
                            <bind_vertex_input semantic="UVSET0" input_semantic="TEXCOORD" input_set="0" />
                        </instance_material>
                    </technique_common>
                </bind_material>
            </instance_geometry>
            <instance_geometry url="#ID416">
                <bind_material>
                    <technique_common>
                        <instance_material symbol="Material2" target="#ID399">
                            <bind_vertex_input semantic="UVSET0" input_semantic="TEXCOORD" input_set="0" />
                        </instance_material>
                        <instance_material symbol="Material3" target="#ID319">
                            <bind_vertex_input semantic="UVSET0" input_semantic="TEXCOORD" input_set="0" />
                        </instance_material>
                    </technique_common>
                </bind_material>
            </instance_geometry>
            <instance_geometry url="#ID424">
                <bind_material>
                    <technique_common>
                        <instance_material symbol="Material2" target="#ID313">
                            <bind_vertex_input semantic="UVSET0" input_semantic="TEXCOORD" input_set="0" />
                        </instance_material>
                        <instance_material symbol="Material3" target="#ID371">
                            <bind_vertex_input semantic="UVSET0" input_semantic="TEXCOORD" input_set="0" />
                        </instance_material>
                        <instance_material symbol="Material4" target="#ID319">
                            <bind_vertex_input semantic="UVSET0" input_semantic="TEXCOORD" input_set="0" />
                        </instance_material>
                    </technique_common>
                </bind_material>
            </instance_geometry>
            <instance_geometry url="#ID432">
                <bind_material>
                    <technique_common>
                        <instance_material symbol="Material2" target="#ID399">
                            <bind_vertex_input semantic="UVSET0" input_semantic="TEXCOORD" input_set="0" />
                        </instance_material>
                        <instance_material symbol="Material3" target="#ID319">
                            <bind_vertex_input semantic="UVSET0" input_semantic="TEXCOORD" input_set="0" />
                        </instance_material>
                    </technique_common>
                </bind_material>
            </instance_geometry>
            <instance_geometry url="#ID440">
                <bind_material>
                    <technique_common>
                        <instance_material symbol="Material2" target="#ID313">
                            <bind_vertex_input semantic="UVSET0" input_semantic="TEXCOORD" input_set="0" />
                        </instance_material>
                        <instance_material symbol="Material3" target="#ID319">
                            <bind_vertex_input semantic="UVSET0" input_semantic="TEXCOORD" input_set="0" />
                        </instance_material>
                    </technique_common>
                </bind_material>
            </instance_geometry>
            <instance_geometry url="#ID448">
                <bind_material>
                    <technique_common>
                        <instance_material symbol="Material2" target="#ID313">
                            <bind_vertex_input semantic="UVSET0" input_semantic="TEXCOORD" input_set="0" />
                        </instance_material>
                        <instance_material symbol="Material3" target="#ID371">
                            <bind_vertex_input semantic="UVSET0" input_semantic="TEXCOORD" input_set="0" />
                        </instance_material>
                        <instance_material symbol="Material4" target="#ID319">
                            <bind_vertex_input semantic="UVSET0" input_semantic="TEXCOORD" input_set="0" />
                        </instance_material>
                    </technique_common>
                </bind_material>
            </instance_geometry>
            <instance_geometry url="#ID456">
                <bind_material>
                    <technique_common>
                        <instance_material symbol="Material2" target="#ID325">
                            <bind_vertex_input semantic="UVSET0" input_semantic="TEXCOORD" input_set="0" />
                        </instance_material>
                        <instance_material symbol="Material3" target="#ID319">
                            <bind_vertex_input semantic="UVSET0" input_semantic="TEXCOORD" input_set="0" />
                        </instance_material>
                    </technique_common>
                </bind_material>
            </instance_geometry>
            <instance_geometry url="#ID464">
                <bind_material>
                    <technique_common>
                        <instance_material symbol="Material2" target="#ID345">
                            <bind_vertex_input semantic="UVSET0" input_semantic="TEXCOORD" input_set="0" />
                        </instance_material>
                        <instance_material symbol="Material3" target="#ID319">
                            <bind_vertex_input semantic="UVSET0" input_semantic="TEXCOORD" input_set="0" />
                        </instance_material>
                    </technique_common>
                </bind_material>
            </instance_geometry>
            <instance_geometry url="#ID472">
                <bind_material>
                    <technique_common>
                        <instance_material symbol="Material2" target="#ID319">
                            <bind_vertex_input semantic="UVSET0" input_semantic="TEXCOORD" input_set="0" />
                        </instance_material>
                    </technique_common>
                </bind_material>
            </instance_geometry>
            <instance_geometry url="#ID476">
                <bind_material>
                    <technique_common>
                        <instance_material symbol="Material2" target="#ID319">
                            <bind_vertex_input semantic="UVSET0" input_semantic="TEXCOORD" input_set="0" />
                        </instance_material>
                    </technique_common>
                </bind_material>
            </instance_geometry>
            <instance_geometry url="#ID480">
                <bind_material>
                    <technique_common>
                        <instance_material symbol="Material2" target="#ID319">
                            <bind_vertex_input semantic="UVSET0" input_semantic="TEXCOORD" input_set="0" />
                        </instance_material>
                    </technique_common>
                </bind_material>
            </instance_geometry>
            <instance_geometry url="#ID484">
                <bind_material>
                    <technique_common>
                        <instance_material symbol="Material2" target="#ID319">
                            <bind_vertex_input semantic="UVSET0" input_semantic="TEXCOORD" input_set="0" />
                        </instance_material>
                    </technique_common>
                </bind_material>
            </instance_geometry>
            <instance_geometry url="#ID488">
                <bind_material>
                    <technique_common>
                        <instance_material symbol="Material2" target="#ID319">
                            <bind_vertex_input semantic="UVSET0" input_semantic="TEXCOORD" input_set="0" />
                        </instance_material>
                    </technique_common>
                </bind_material>
            </instance_geometry>
            <instance_geometry url="#ID492">
                <bind_material>
                    <technique_common>
                        <instance_material symbol="Material2" target="#ID319">
                            <bind_vertex_input semantic="UVSET0" input_semantic="TEXCOORD" input_set="0" />
                        </instance_material>
                    </technique_common>
                </bind_material>
            </instance_geometry>
            <instance_geometry url="#ID496">
                <bind_material>
                    <technique_common>
                        <instance_material symbol="Material2" target="#ID319">
                            <bind_vertex_input semantic="UVSET0" input_semantic="TEXCOORD" input_set="0" />
                        </instance_material>
                    </technique_common>
                </bind_material>
            </instance_geometry>
            <instance_geometry url="#ID500">
                <bind_material>
                    <technique_common>
                        <instance_material symbol="Material2" target="#ID319">
                            <bind_vertex_input semantic="UVSET0" input_semantic="TEXCOORD" input_set="0" />
                        </instance_material>
                    </technique_common>
                </bind_material>
            </instance_geometry>
            <instance_geometry url="#ID504">
                <bind_material>
                    <technique_common>
                        <instance_material symbol="Material2" target="#ID319">
                            <bind_vertex_input semantic="UVSET0" input_semantic="TEXCOORD" input_set="0" />
                        </instance_material>
                    </technique_common>
                </bind_material>
            </instance_geometry>
            <instance_geometry url="#ID508">
                <bind_material>
                    <technique_common>
                        <instance_material symbol="Material2" target="#ID319">
                            <bind_vertex_input semantic="UVSET0" input_semantic="TEXCOORD" input_set="0" />
                        </instance_material>
                    </technique_common>
                </bind_material>
            </instance_geometry>
            <instance_geometry url="#ID512">
                <bind_material>
                    <technique_common>
                        <instance_material symbol="Material2" target="#ID319">
                            <bind_vertex_input semantic="UVSET0" input_semantic="TEXCOORD" input_set="0" />
                        </instance_material>
                    </technique_common>
                </bind_material>
            </instance_geometry>
            <instance_geometry url="#ID516">
                <bind_material>
                    <technique_common>
                        <instance_material symbol="Material2" target="#ID319">
                            <bind_vertex_input semantic="UVSET0" input_semantic="TEXCOORD" input_set="0" />
                        </instance_material>
                    </technique_common>
                </bind_material>
            </instance_geometry>
            <instance_geometry url="#ID520">
                <bind_material>
                    <technique_common>
                        <instance_material symbol="Material2" target="#ID319">
                            <bind_vertex_input semantic="UVSET0" input_semantic="TEXCOORD" input_set="0" />
                        </instance_material>
                    </technique_common>
                </bind_material>
            </instance_geometry>
        </node>
    </library_nodes-->
    <scene>
        <instance_visual_scene url="#ID2" />
    </scene>
</COLLADA>
